time,latitude,longitude,tasmax_annual
UTC,degrees_north,degrees_east,K
2090-01-01T12:00:00Z,-50.0,90.0,2.5066528
2090-01-01T12:00:00Z,-50.0,91.875,2.4906006
2090-01-01T12:00:00Z,-50.0,93.75,2.5438538
2090-01-01T12:00:00Z,-50.0,95.625,2.6325989
2090-01-01T12:00:00Z,-50.0,97.5,2.7042542
2090-01-01T12:00:00Z,-50.0,99.375,2.7402954
2090-01-01T12:00:00Z,-50.0,101.25,2.74057
2090-01-01T12:00:00Z,-50.0,103.125,2.7398376
2090-01-01T12:00:00Z,-50.0,105.0,2.75885
2090-01-01T12:00:00Z,-50.0,106.875,2.7637024
2090-01-01T12:00:00Z,-50.0,108.75,2.7099
2090-01-01T12:00:00Z,-50.0,110.625,2.606079
2090-01-01T12:00:00Z,-50.0,112.5,2.5111694
2090-01-01T12:00:00Z,-50.0,114.375,2.44516
2090-01-01T12:00:00Z,-50.0,116.25,2.3860474
2090-01-01T12:00:00Z,-50.0,118.125,2.3467102
2090-01-01T12:00:00Z,-50.0,120.0,2.3179626
2090-01-01T12:00:00Z,-50.0,121.875,2.2766418
2090-01-01T12:00:00Z,-50.0,123.75,2.2295837
2090-01-01T12:00:00Z,-50.0,125.625,2.180664
2090-01-01T12:00:00Z,-50.0,127.5,2.1299133
2090-01-01T12:00:00Z,-50.0,129.375,2.110199
2090-01-01T12:00:00Z,-50.0,131.25,2.1102295
2090-01-01T12:00:00Z,-50.0,133.125,2.1158142
2090-01-01T12:00:00Z,-50.0,135.0,2.1124573
2090-01-01T12:00:00Z,-50.0,136.875,2.1134644
2090-01-01T12:00:00Z,-50.0,138.75,2.1209717
2090-01-01T12:00:00Z,-50.0,140.625,2.1261902
2090-01-01T12:00:00Z,-50.0,142.5,2.180664
2090-01-01T12:00:00Z,-50.0,144.375,2.2642517
2090-01-01T12:00:00Z,-50.0,146.25,2.2983093
2090-01-01T12:00:00Z,-50.0,148.125,2.2717285
2090-01-01T12:00:00Z,-50.0,150.0,2.2781067
2090-01-01T12:00:00Z,-50.0,151.875,2.3328857
2090-01-01T12:00:00Z,-50.0,153.75,2.3633118
2090-01-01T12:00:00Z,-50.0,155.625,2.3683167
2090-01-01T12:00:00Z,-50.0,157.5,2.3589783
2090-01-01T12:00:00Z,-50.0,159.375,2.3477173
2090-01-01T12:00:00Z,-50.0,161.25,2.3417969
2090-01-01T12:00:00Z,-50.0,163.125,2.3163452
2090-01-01T12:00:00Z,-50.0,165.0,2.3379822
2090-01-01T12:00:00Z,-50.0,166.875,2.3894653
2090-01-01T12:00:00Z,-50.0,168.75,2.3475037
2090-01-01T12:00:00Z,-50.0,170.625,2.30542
2090-01-01T12:00:00Z,-50.0,172.5,2.2905579
2090-01-01T12:00:00Z,-50.0,174.375,2.2526855
2090-01-01T12:00:00Z,-50.0,176.25,2.2165527
2090-01-01T12:00:00Z,-50.0,178.125,2.1852722
2090-01-01T12:00:00Z,-50.0,180.0,2.148468
2090-01-01T12:00:00Z,-48.75,90.0,2.5527954
2090-01-01T12:00:00Z,-48.75,91.875,2.5379639
2090-01-01T12:00:00Z,-48.75,93.75,2.5887756
2090-01-01T12:00:00Z,-48.75,95.625,2.678955
2090-01-01T12:00:00Z,-48.75,97.5,2.755005
2090-01-01T12:00:00Z,-48.75,99.375,2.7888184
2090-01-01T12:00:00Z,-48.75,101.25,2.7897034
2090-01-01T12:00:00Z,-48.75,103.125,2.7683716
2090-01-01T12:00:00Z,-48.75,105.0,2.7555237
2090-01-01T12:00:00Z,-48.75,106.875,2.7252502
2090-01-01T12:00:00Z,-48.75,108.75,2.6489868
2090-01-01T12:00:00Z,-48.75,110.625,2.5352783
2090-01-01T12:00:00Z,-48.75,112.5,2.4378052
2090-01-01T12:00:00Z,-48.75,114.375,2.3677979
2090-01-01T12:00:00Z,-48.75,116.25,2.3335876
2090-01-01T12:00:00Z,-48.75,118.125,2.3118896
2090-01-01T12:00:00Z,-48.75,120.0,2.2764282
2090-01-01T12:00:00Z,-48.75,121.875,2.2260132
2090-01-01T12:00:00Z,-48.75,123.75,2.1697083
2090-01-01T12:00:00Z,-48.75,125.625,2.109253
2090-01-01T12:00:00Z,-48.75,127.5,2.058136
2090-01-01T12:00:00Z,-48.75,129.375,2.0326538
2090-01-01T12:00:00Z,-48.75,131.25,2.0316772
2090-01-01T12:00:00Z,-48.75,133.125,2.0317383
2090-01-01T12:00:00Z,-48.75,135.0,2.035797
2090-01-01T12:00:00Z,-48.75,136.875,2.0346375
2090-01-01T12:00:00Z,-48.75,138.75,2.0429993
2090-01-01T12:00:00Z,-48.75,140.625,2.08844
2090-01-01T12:00:00Z,-48.75,142.5,2.2158203
2090-01-01T12:00:00Z,-48.75,144.375,2.4223328
2090-01-01T12:00:00Z,-48.75,146.25,2.598297
2090-01-01T12:00:00Z,-48.75,148.125,2.6629333
2090-01-01T12:00:00Z,-48.75,150.0,2.6791077
2090-01-01T12:00:00Z,-48.75,151.875,2.6637573
2090-01-01T12:00:00Z,-48.75,153.75,2.6147766
2090-01-01T12:00:00Z,-48.75,155.625,2.5618286
2090-01-01T12:00:00Z,-48.75,157.5,2.5290222
2090-01-01T12:00:00Z,-48.75,159.375,2.5059204
2090-01-01T12:00:00Z,-48.75,161.25,2.4828491
2090-01-01T12:00:00Z,-48.75,163.125,2.470581
2090-01-01T12:00:00Z,-48.75,165.0,2.575348
2090-01-01T12:00:00Z,-48.75,166.875,2.6618042
2090-01-01T12:00:00Z,-48.75,168.75,2.600525
2090-01-01T12:00:00Z,-48.75,170.625,2.4737854
2090-01-01T12:00:00Z,-48.75,172.5,2.4367065
2090-01-01T12:00:00Z,-48.75,174.375,2.396759
2090-01-01T12:00:00Z,-48.75,176.25,2.3783264
2090-01-01T12:00:00Z,-48.75,178.125,2.3410034
2090-01-01T12:00:00Z,-48.75,180.0,2.292633
2090-01-01T12:00:00Z,-47.5,90.0,2.5405273
2090-01-01T12:00:00Z,-47.5,91.875,2.549408
2090-01-01T12:00:00Z,-47.5,93.75,2.61438
2090-01-01T12:00:00Z,-47.5,95.625,2.696869
2090-01-01T12:00:00Z,-47.5,97.5,2.749237
2090-01-01T12:00:00Z,-47.5,99.375,2.7700195
2090-01-01T12:00:00Z,-47.5,101.25,2.7359314
2090-01-01T12:00:00Z,-47.5,103.125,2.692688
2090-01-01T12:00:00Z,-47.5,105.0,2.6453247
2090-01-01T12:00:00Z,-47.5,106.875,2.594513
2090-01-01T12:00:00Z,-47.5,108.75,2.5045776
2090-01-01T12:00:00Z,-47.5,110.625,2.395691
2090-01-01T12:00:00Z,-47.5,112.5,2.3078003
2090-01-01T12:00:00Z,-47.5,114.375,2.2654724
2090-01-01T12:00:00Z,-47.5,116.25,2.247223
2090-01-01T12:00:00Z,-47.5,118.125,2.2210388
2090-01-01T12:00:00Z,-47.5,120.0,2.172577
2090-01-01T12:00:00Z,-47.5,121.875,2.1079712
2090-01-01T12:00:00Z,-47.5,123.75,2.05661
2090-01-01T12:00:00Z,-47.5,125.625,2.006897
2090-01-01T12:00:00Z,-47.5,127.5,1.9683228
2090-01-01T12:00:00Z,-47.5,129.375,1.945404
2090-01-01T12:00:00Z,-47.5,131.25,1.9495544
2090-01-01T12:00:00Z,-47.5,133.125,1.9510498
2090-01-01T12:00:00Z,-47.5,135.0,1.9517212
2090-01-01T12:00:00Z,-47.5,136.875,1.962677
2090-01-01T12:00:00Z,-47.5,138.75,2.0151672
2090-01-01T12:00:00Z,-47.5,140.625,2.1938477
2090-01-01T12:00:00Z,-47.5,142.5,2.506073
2090-01-01T12:00:00Z,-47.5,144.375,2.8621216
2090-01-01T12:00:00Z,-47.5,146.25,3.1454468
2090-01-01T12:00:00Z,-47.5,148.125,3.2720337
2090-01-01T12:00:00Z,-47.5,150.0,3.1931152
2090-01-01T12:00:00Z,-47.5,151.875,2.9977722
2090-01-01T12:00:00Z,-47.5,153.75,2.8507996
2090-01-01T12:00:00Z,-47.5,155.625,2.7721252
2090-01-01T12:00:00Z,-47.5,157.5,2.7327576
2090-01-01T12:00:00Z,-47.5,159.375,2.7000732
2090-01-01T12:00:00Z,-47.5,161.25,2.6671448
2090-01-01T12:00:00Z,-47.5,163.125,2.677948
2090-01-01T12:00:00Z,-47.5,165.0,2.8210144
2090-01-01T12:00:00Z,-47.5,166.875,2.8887634
2090-01-01T12:00:00Z,-47.5,168.75,2.8214722
2090-01-01T12:00:00Z,-47.5,170.625,2.670929
2090-01-01T12:00:00Z,-47.5,172.5,2.6015625
2090-01-01T12:00:00Z,-47.5,174.375,2.5346985
2090-01-01T12:00:00Z,-47.5,176.25,2.5210266
2090-01-01T12:00:00Z,-47.5,178.125,2.507141
2090-01-01T12:00:00Z,-47.5,180.0,2.4920044
2090-01-01T12:00:00Z,-46.25,90.0,2.4913635
2090-01-01T12:00:00Z,-46.25,91.875,2.513855
2090-01-01T12:00:00Z,-46.25,93.75,2.5758972
2090-01-01T12:00:00Z,-46.25,95.625,2.6237488
2090-01-01T12:00:00Z,-46.25,97.5,2.6315918
2090-01-01T12:00:00Z,-46.25,99.375,2.6104736
2090-01-01T12:00:00Z,-46.25,101.25,2.5574036
2090-01-01T12:00:00Z,-46.25,103.125,2.4969788
2090-01-01T12:00:00Z,-46.25,105.0,2.4382324
2090-01-01T12:00:00Z,-46.25,106.875,2.390442
2090-01-01T12:00:00Z,-46.25,108.75,2.3223877
2090-01-01T12:00:00Z,-46.25,110.625,2.2371216
2090-01-01T12:00:00Z,-46.25,112.5,2.175476
2090-01-01T12:00:00Z,-46.25,114.375,2.1540833
2090-01-01T12:00:00Z,-46.25,116.25,2.1332397
2090-01-01T12:00:00Z,-46.25,118.125,2.1030579
2090-01-01T12:00:00Z,-46.25,120.0,2.0448914
2090-01-01T12:00:00Z,-46.25,121.875,1.993927
2090-01-01T12:00:00Z,-46.25,123.75,1.9571838
2090-01-01T12:00:00Z,-46.25,125.625,1.9234314
2090-01-01T12:00:00Z,-46.25,127.5,1.9030762
2090-01-01T12:00:00Z,-46.25,129.375,1.8938293
2090-01-01T12:00:00Z,-46.25,131.25,1.8995972
2090-01-01T12:00:00Z,-46.25,133.125,1.9042358
2090-01-01T12:00:00Z,-46.25,135.0,1.917511
2090-01-01T12:00:00Z,-46.25,136.875,1.9590759
2090-01-01T12:00:00Z,-46.25,138.75,2.123413
2090-01-01T12:00:00Z,-46.25,140.625,2.4726562
2090-01-01T12:00:00Z,-46.25,142.5,2.87854
2090-01-01T12:00:00Z,-46.25,144.375,3.238861
2090-01-01T12:00:00Z,-46.25,146.25,3.5752563
2090-01-01T12:00:00Z,-46.25,148.125,3.8135986
2090-01-01T12:00:00Z,-46.25,150.0,3.7379456
2090-01-01T12:00:00Z,-46.25,151.875,3.3547363
2090-01-01T12:00:00Z,-46.25,153.75,3.078064
2090-01-01T12:00:00Z,-46.25,155.625,3.0039978
2090-01-01T12:00:00Z,-46.25,157.5,2.9778137
2090-01-01T12:00:00Z,-46.25,159.375,2.9272766
2090-01-01T12:00:00Z,-46.25,161.25,2.8618164
2090-01-01T12:00:00Z,-46.25,163.125,2.8546143
2090-01-01T12:00:00Z,-46.25,165.0,2.9568176
2090-01-01T12:00:00Z,-46.25,166.875,3.0924988
2090-01-01T12:00:00Z,-46.25,168.75,3.2246704
2090-01-01T12:00:00Z,-46.25,170.625,2.8520203
2090-01-01T12:00:00Z,-46.25,172.5,2.7066956
2090-01-01T12:00:00Z,-46.25,174.375,2.655304
2090-01-01T12:00:00Z,-46.25,176.25,2.6319275
2090-01-01T12:00:00Z,-46.25,178.125,2.641571
2090-01-01T12:00:00Z,-46.25,180.0,2.6530457
2090-01-01T12:00:00Z,-45.0,90.0,2.3822327
2090-01-01T12:00:00Z,-45.0,91.875,2.4040222
2090-01-01T12:00:00Z,-45.0,93.75,2.4309082
2090-01-01T12:00:00Z,-45.0,95.625,2.4291687
2090-01-01T12:00:00Z,-45.0,97.5,2.391693
2090-01-01T12:00:00Z,-45.0,99.375,2.344635
2090-01-01T12:00:00Z,-45.0,101.25,2.3017578
2090-01-01T12:00:00Z,-45.0,103.125,2.2557678
2090-01-01T12:00:00Z,-45.0,105.0,2.2166748
2090-01-01T12:00:00Z,-45.0,106.875,2.1825562
2090-01-01T12:00:00Z,-45.0,108.75,2.1420593
2090-01-01T12:00:00Z,-45.0,110.625,2.096161
2090-01-01T12:00:00Z,-45.0,112.5,2.0639038
2090-01-01T12:00:00Z,-45.0,114.375,2.0450134
2090-01-01T12:00:00Z,-45.0,116.25,2.0223083
2090-01-01T12:00:00Z,-45.0,118.125,1.9805603
2090-01-01T12:00:00Z,-45.0,120.0,1.9475098
2090-01-01T12:00:00Z,-45.0,121.875,1.9187622
2090-01-01T12:00:00Z,-45.0,123.75,1.90625
2090-01-01T12:00:00Z,-45.0,125.625,1.8921204
2090-01-01T12:00:00Z,-45.0,127.5,1.8887329
2090-01-01T12:00:00Z,-45.0,129.375,1.8980713
2090-01-01T12:00:00Z,-45.0,131.25,1.9136353
2090-01-01T12:00:00Z,-45.0,133.125,1.9348755
2090-01-01T12:00:00Z,-45.0,135.0,1.9553833
2090-01-01T12:00:00Z,-45.0,136.875,2.0250244
2090-01-01T12:00:00Z,-45.0,138.75,2.2937622
2090-01-01T12:00:00Z,-45.0,140.625,2.6708374
2090-01-01T12:00:00Z,-45.0,142.5,2.9931946
2090-01-01T12:00:00Z,-45.0,144.375,3.2323608
2090-01-01T12:00:00Z,-45.0,146.25,3.6253662
2090-01-01T12:00:00Z,-45.0,148.125,4.0786743
2090-01-01T12:00:00Z,-45.0,150.0,4.314392
2090-01-01T12:00:00Z,-45.0,151.875,4.01297
2090-01-01T12:00:00Z,-45.0,153.75,3.4307556
2090-01-01T12:00:00Z,-45.0,155.625,3.2493591
2090-01-01T12:00:00Z,-45.0,157.5,3.253418
2090-01-01T12:00:00Z,-45.0,159.375,3.1898499
2090-01-01T12:00:00Z,-45.0,161.25,3.0730896
2090-01-01T12:00:00Z,-45.0,163.125,2.993225
2090-01-01T12:00:00Z,-45.0,165.0,3.0471191
2090-01-01T12:00:00Z,-45.0,166.875,3.2150269
2090-01-01T12:00:00Z,-45.0,168.75,3.486847
2090-01-01T12:00:00Z,-45.0,170.625,3.424591
2090-01-01T12:00:00Z,-45.0,172.5,2.9262085
2090-01-01T12:00:00Z,-45.0,174.375,2.808014
2090-01-01T12:00:00Z,-45.0,176.25,2.8046875
2090-01-01T12:00:00Z,-45.0,178.125,2.8138733
2090-01-01T12:00:00Z,-45.0,180.0,2.8109741
2090-01-01T12:00:00Z,-43.75,90.0,2.2340088
2090-01-01T12:00:00Z,-43.75,91.875,2.2428894
2090-01-01T12:00:00Z,-43.75,93.75,2.2293396
2090-01-01T12:00:00Z,-43.75,95.625,2.1929932
2090-01-01T12:00:00Z,-43.75,97.5,2.1514282
2090-01-01T12:00:00Z,-43.75,99.375,2.1124878
2090-01-01T12:00:00Z,-43.75,101.25,2.0873718
2090-01-01T12:00:00Z,-43.75,103.125,2.0730896
2090-01-01T12:00:00Z,-43.75,105.0,2.05661
2090-01-01T12:00:00Z,-43.75,106.875,2.0437927
2090-01-01T12:00:00Z,-43.75,108.75,2.022644
2090-01-01T12:00:00Z,-43.75,110.625,1.998291
2090-01-01T12:00:00Z,-43.75,112.5,1.9858704
2090-01-01T12:00:00Z,-43.75,114.375,1.9723206
2090-01-01T12:00:00Z,-43.75,116.25,1.9614563
2090-01-01T12:00:00Z,-43.75,118.125,1.9360046
2090-01-01T12:00:00Z,-43.75,120.0,1.9205627
2090-01-01T12:00:00Z,-43.75,121.875,1.9185791
2090-01-01T12:00:00Z,-43.75,123.75,1.9177551
2090-01-01T12:00:00Z,-43.75,125.625,1.9248657
2090-01-01T12:00:00Z,-43.75,127.5,1.947113
2090-01-01T12:00:00Z,-43.75,129.375,1.9724121
2090-01-01T12:00:00Z,-43.75,131.25,1.9940186
2090-01-01T12:00:00Z,-43.75,133.125,1.9893188
2090-01-01T12:00:00Z,-43.75,135.0,1.9480286
2090-01-01T12:00:00Z,-43.75,136.875,2.0232544
2090-01-01T12:00:00Z,-43.75,138.75,2.3067322
2090-01-01T12:00:00Z,-43.75,140.625,2.611908
2090-01-01T12:00:00Z,-43.75,142.5,2.8400574
2090-01-01T12:00:00Z,-43.75,144.375,2.9692993
2090-01-01T12:00:00Z,-43.75,146.25,3.3719482
2090-01-01T12:00:00Z,-43.75,148.125,3.9483032
2090-01-01T12:00:00Z,-43.75,150.0,4.4704285
2090-01-01T12:00:00Z,-43.75,151.875,4.5178833
2090-01-01T12:00:00Z,-43.75,153.75,3.8616333
2090-01-01T12:00:00Z,-43.75,155.625,3.4283142
2090-01-01T12:00:00Z,-43.75,157.5,3.4207458
2090-01-01T12:00:00Z,-43.75,159.375,3.3769226
2090-01-01T12:00:00Z,-43.75,161.25,3.223877
2090-01-01T12:00:00Z,-43.75,163.125,3.0952454
2090-01-01T12:00:00Z,-43.75,165.0,3.1122437
2090-01-01T12:00:00Z,-43.75,166.875,3.188385
2090-01-01T12:00:00Z,-43.75,168.75,3.416504
2090-01-01T12:00:00Z,-43.75,170.625,3.544281
2090-01-01T12:00:00Z,-43.75,172.5,3.3311157
2090-01-01T12:00:00Z,-43.75,174.375,2.9079285
2090-01-01T12:00:00Z,-43.75,176.25,2.8988342
2090-01-01T12:00:00Z,-43.75,178.125,2.9267273
2090-01-01T12:00:00Z,-43.75,180.0,2.8728027
2090-01-01T12:00:00Z,-42.5,90.0,2.0711365
2090-01-01T12:00:00Z,-42.5,91.875,2.0622864
2090-01-01T12:00:00Z,-42.5,93.75,2.034027
2090-01-01T12:00:00Z,-42.5,95.625,2.0015259
2090-01-01T12:00:00Z,-42.5,97.5,1.9783325
2090-01-01T12:00:00Z,-42.5,99.375,1.9689331
2090-01-01T12:00:00Z,-42.5,101.25,1.9744568
2090-01-01T12:00:00Z,-42.5,103.125,1.973053
2090-01-01T12:00:00Z,-42.5,105.0,1.976532
2090-01-01T12:00:00Z,-42.5,106.875,1.9758911
2090-01-01T12:00:00Z,-42.5,108.75,1.9746399
2090-01-01T12:00:00Z,-42.5,110.625,1.9735718
2090-01-01T12:00:00Z,-42.5,112.5,1.9733276
2090-01-01T12:00:00Z,-42.5,114.375,1.9691162
2090-01-01T12:00:00Z,-42.5,116.25,1.9587097
2090-01-01T12:00:00Z,-42.5,118.125,1.9576721
2090-01-01T12:00:00Z,-42.5,120.0,1.9636841
2090-01-01T12:00:00Z,-42.5,121.875,1.9816284
2090-01-01T12:00:00Z,-42.5,123.75,2.0092163
2090-01-01T12:00:00Z,-42.5,125.625,2.041748
2090-01-01T12:00:00Z,-42.5,127.5,2.076538
2090-01-01T12:00:00Z,-42.5,129.375,2.0968933
2090-01-01T12:00:00Z,-42.5,131.25,2.0890198
2090-01-01T12:00:00Z,-42.5,133.125,2.013794
2090-01-01T12:00:00Z,-42.5,135.0,1.9085999
2090-01-01T12:00:00Z,-42.5,136.875,1.9598999
2090-01-01T12:00:00Z,-42.5,138.75,2.2105103
2090-01-01T12:00:00Z,-42.5,140.625,2.4470215
2090-01-01T12:00:00Z,-42.5,142.5,2.6254578
2090-01-01T12:00:00Z,-42.5,144.375,2.8165283
2090-01-01T12:00:00Z,-42.5,146.25,3.4283142
2090-01-01T12:00:00Z,-42.5,148.125,3.8019714
2090-01-01T12:00:00Z,-42.5,150.0,4.4050293
2090-01-01T12:00:00Z,-42.5,151.875,4.7082825
2090-01-01T12:00:00Z,-42.5,153.75,4.1926575
2090-01-01T12:00:00Z,-42.5,155.625,3.5516968
2090-01-01T12:00:00Z,-42.5,157.5,3.4634094
2090-01-01T12:00:00Z,-42.5,159.375,3.4559631
2090-01-01T12:00:00Z,-42.5,161.25,3.3113098
2090-01-01T12:00:00Z,-42.5,163.125,3.164734
2090-01-01T12:00:00Z,-42.5,165.0,3.1620178
2090-01-01T12:00:00Z,-42.5,166.875,3.2036743
2090-01-01T12:00:00Z,-42.5,168.75,3.289978
2090-01-01T12:00:00Z,-42.5,170.625,3.5245972
2090-01-01T12:00:00Z,-42.5,172.5,3.835205
2090-01-01T12:00:00Z,-42.5,174.375,3.1799622
2090-01-01T12:00:00Z,-42.5,176.25,2.9898682
2090-01-01T12:00:00Z,-42.5,178.125,2.9830933
2090-01-01T12:00:00Z,-42.5,180.0,2.911377
2090-01-01T12:00:00Z,-41.25,90.0,1.9248657
2090-01-01T12:00:00Z,-41.25,91.875,1.919281
2090-01-01T12:00:00Z,-41.25,93.75,1.9109802
2090-01-01T12:00:00Z,-41.25,95.625,1.9093933
2090-01-01T12:00:00Z,-41.25,97.5,1.9257507
2090-01-01T12:00:00Z,-41.25,99.375,1.9493103
2090-01-01T12:00:00Z,-41.25,101.25,1.9720459
2090-01-01T12:00:00Z,-41.25,103.125,1.9918518
2090-01-01T12:00:00Z,-41.25,105.0,2.0081787
2090-01-01T12:00:00Z,-41.25,106.875,2.0202026
2090-01-01T12:00:00Z,-41.25,108.75,2.0305786
2090-01-01T12:00:00Z,-41.25,110.625,2.0339966
2090-01-01T12:00:00Z,-41.25,112.5,2.0369568
2090-01-01T12:00:00Z,-41.25,114.375,2.0388794
2090-01-01T12:00:00Z,-41.25,116.25,2.0420227
2090-01-01T12:00:00Z,-41.25,118.125,2.060669
2090-01-01T12:00:00Z,-41.25,120.0,2.0904846
2090-01-01T12:00:00Z,-41.25,121.875,2.1337585
2090-01-01T12:00:00Z,-41.25,123.75,2.1817017
2090-01-01T12:00:00Z,-41.25,125.625,2.215973
2090-01-01T12:00:00Z,-41.25,127.5,2.2177734
2090-01-01T12:00:00Z,-41.25,129.375,2.1904602
2090-01-01T12:00:00Z,-41.25,131.25,2.118225
2090-01-01T12:00:00Z,-41.25,133.125,1.9966125
2090-01-01T12:00:00Z,-41.25,135.0,1.885498
2090-01-01T12:00:00Z,-41.25,136.875,1.9008484
2090-01-01T12:00:00Z,-41.25,138.75,2.0838623
2090-01-01T12:00:00Z,-41.25,140.625,2.2728271
2090-01-01T12:00:00Z,-41.25,142.5,2.5037842
2090-01-01T12:00:00Z,-41.25,144.375,2.974823
2090-01-01T12:00:00Z,-41.25,146.25,3.868927
2090-01-01T12:00:00Z,-41.25,148.125,3.7904358
2090-01-01T12:00:00Z,-41.25,150.0,4.3823547
2090-01-01T12:00:00Z,-41.25,151.875,4.7333984
2090-01-01T12:00:00Z,-41.25,153.75,4.3250732
2090-01-01T12:00:00Z,-41.25,155.625,3.6128235
2090-01-01T12:00:00Z,-41.25,157.5,3.4110413
2090-01-01T12:00:00Z,-41.25,159.375,3.4266663
2090-01-01T12:00:00Z,-41.25,161.25,3.324707
2090-01-01T12:00:00Z,-41.25,163.125,3.2114563
2090-01-01T12:00:00Z,-41.25,165.0,3.2128296
2090-01-01T12:00:00Z,-41.25,166.875,3.2158203
2090-01-01T12:00:00Z,-41.25,168.75,3.2523499
2090-01-01T12:00:00Z,-41.25,170.625,3.3391113
2090-01-01T12:00:00Z,-41.25,172.5,3.6435242
2090-01-01T12:00:00Z,-41.25,174.375,3.902588
2090-01-01T12:00:00Z,-41.25,176.25,3.4501953
2090-01-01T12:00:00Z,-41.25,178.125,2.96698
2090-01-01T12:00:00Z,-41.25,180.0,2.947113
2090-01-01T12:00:00Z,-40.0,90.0,1.8925171
2090-01-01T12:00:00Z,-40.0,91.875,1.9172363
2090-01-01T12:00:00Z,-40.0,93.75,1.940155
2090-01-01T12:00:00Z,-40.0,95.625,1.971344
2090-01-01T12:00:00Z,-40.0,97.5,2.0141296
2090-01-01T12:00:00Z,-40.0,99.375,2.0535889
2090-01-01T12:00:00Z,-40.0,101.25,2.0856934
2090-01-01T12:00:00Z,-40.0,103.125,2.1096802
2090-01-01T12:00:00Z,-40.0,105.0,2.1273193
2090-01-01T12:00:00Z,-40.0,106.875,2.136078
2090-01-01T12:00:00Z,-40.0,108.75,2.1410828
2090-01-01T12:00:00Z,-40.0,110.625,2.142517
2090-01-01T12:00:00Z,-40.0,112.5,2.1454468
2090-01-01T12:00:00Z,-40.0,114.375,2.152588
2090-01-01T12:00:00Z,-40.0,116.25,2.1710815
2090-01-01T12:00:00Z,-40.0,118.125,2.217926
2090-01-01T12:00:00Z,-40.0,120.0,2.2708435
2090-01-01T12:00:00Z,-40.0,121.875,2.3125
2090-01-01T12:00:00Z,-40.0,123.75,2.3460083
2090-01-01T12:00:00Z,-40.0,125.625,2.3443298
2090-01-01T12:00:00Z,-40.0,127.5,2.2808228
2090-01-01T12:00:00Z,-40.0,129.375,2.1967468
2090-01-01T12:00:00Z,-40.0,131.25,2.109558
2090-01-01T12:00:00Z,-40.0,133.125,2.0153198
2090-01-01T12:00:00Z,-40.0,135.0,1.9403076
2090-01-01T12:00:00Z,-40.0,136.875,1.9581909
2090-01-01T12:00:00Z,-40.0,138.75,2.094635
2090-01-01T12:00:00Z,-40.0,140.625,2.2488098
2090-01-01T12:00:00Z,-40.0,142.5,2.5275574
2090-01-01T12:00:00Z,-40.0,144.375,2.937439
2090-01-01T12:00:00Z,-40.0,146.25,3.2753906
2090-01-01T12:00:00Z,-40.0,148.125,3.6174011
2090-01-01T12:00:00Z,-40.0,150.0,4.412567
2090-01-01T12:00:00Z,-40.0,151.875,4.7413635
2090-01-01T12:00:00Z,-40.0,153.75,4.3215027
2090-01-01T12:00:00Z,-40.0,155.625,3.6111755
2090-01-01T12:00:00Z,-40.0,157.5,3.3355713
2090-01-01T12:00:00Z,-40.0,159.375,3.3533325
2090-01-01T12:00:00Z,-40.0,161.25,3.302246
2090-01-01T12:00:00Z,-40.0,163.125,3.233429
2090-01-01T12:00:00Z,-40.0,165.0,3.248169
2090-01-01T12:00:00Z,-40.0,166.875,3.2425842
2090-01-01T12:00:00Z,-40.0,168.75,3.2385254
2090-01-01T12:00:00Z,-40.0,170.625,3.3088684
2090-01-01T12:00:00Z,-40.0,172.5,3.3726196
2090-01-01T12:00:00Z,-40.0,174.375,3.658722
2090-01-01T12:00:00Z,-40.0,176.25,3.9082642
2090-01-01T12:00:00Z,-40.0,178.125,3.028839
2090-01-01T12:00:00Z,-40.0,180.0,2.9848022
2090-01-01T12:00:00Z,-38.75,90.0,2.0028381
2090-01-01T12:00:00Z,-38.75,91.875,2.056366
2090-01-01T12:00:00Z,-38.75,93.75,2.10437
2090-01-01T12:00:00Z,-38.75,95.625,2.1578064
2090-01-01T12:00:00Z,-38.75,97.5,2.199585
2090-01-01T12:00:00Z,-38.75,99.375,2.2312622
2090-01-01T12:00:00Z,-38.75,101.25,2.2546692
2090-01-01T12:00:00Z,-38.75,103.125,2.2727966
2090-01-01T12:00:00Z,-38.75,105.0,2.276184
2090-01-01T12:00:00Z,-38.75,106.875,2.2798462
2090-01-01T12:00:00Z,-38.75,108.75,2.2749329
2090-01-01T12:00:00Z,-38.75,110.625,2.2602234
2090-01-01T12:00:00Z,-38.75,112.5,2.2489014
2090-01-01T12:00:00Z,-38.75,114.375,2.2601318
2090-01-01T12:00:00Z,-38.75,116.25,2.3075256
2090-01-01T12:00:00Z,-38.75,118.125,2.365265
2090-01-01T12:00:00Z,-38.75,120.0,2.4062805
2090-01-01T12:00:00Z,-38.75,121.875,2.4290771
2090-01-01T12:00:00Z,-38.75,123.75,2.4309387
2090-01-01T12:00:00Z,-38.75,125.625,2.3871765
2090-01-01T12:00:00Z,-38.75,127.5,2.285614
2090-01-01T12:00:00Z,-38.75,129.375,2.1899414
2090-01-01T12:00:00Z,-38.75,131.25,2.139679
2090-01-01T12:00:00Z,-38.75,133.125,2.098999
2090-01-01T12:00:00Z,-38.75,135.0,2.0715637
2090-01-01T12:00:00Z,-38.75,136.875,2.0981445
2090-01-01T12:00:00Z,-38.75,138.75,2.1935425
2090-01-01T12:00:00Z,-38.75,140.625,2.2916565
2090-01-01T12:00:00Z,-38.75,142.5,2.6247559
2090-01-01T12:00:00Z,-38.75,144.375,3.0086365
2090-01-01T12:00:00Z,-38.75,146.25,3.374878
2090-01-01T12:00:00Z,-38.75,148.125,3.5021057
2090-01-01T12:00:00Z,-38.75,150.0,4.324066
2090-01-01T12:00:00Z,-38.75,151.875,4.6612854
2090-01-01T12:00:00Z,-38.75,153.75,4.3121033
2090-01-01T12:00:00Z,-38.75,155.625,3.5918884
2090-01-01T12:00:00Z,-38.75,157.5,3.2685852
2090-01-01T12:00:00Z,-38.75,159.375,3.280426
2090-01-01T12:00:00Z,-38.75,161.25,3.2684937
2090-01-01T12:00:00Z,-38.75,163.125,3.2424927
2090-01-01T12:00:00Z,-38.75,165.0,3.2763367
2090-01-01T12:00:00Z,-38.75,166.875,3.254547
2090-01-01T12:00:00Z,-38.75,168.75,3.2328491
2090-01-01T12:00:00Z,-38.75,170.625,3.3074646
2090-01-01T12:00:00Z,-38.75,172.5,3.366272
2090-01-01T12:00:00Z,-38.75,174.375,3.5923157
2090-01-01T12:00:00Z,-38.75,176.25,3.8759766
2090-01-01T12:00:00Z,-38.75,178.125,3.3377686
2090-01-01T12:00:00Z,-38.75,180.0,3.008545
2090-01-01T12:00:00Z,-37.5,90.0,2.2229004
2090-01-01T12:00:00Z,-37.5,91.875,2.2793884
2090-01-01T12:00:00Z,-37.5,93.75,2.327118
2090-01-01T12:00:00Z,-37.5,95.625,2.3614502
2090-01-01T12:00:00Z,-37.5,97.5,2.3886414
2090-01-01T12:00:00Z,-37.5,99.375,2.399231
2090-01-01T12:00:00Z,-37.5,101.25,2.4086304
2090-01-01T12:00:00Z,-37.5,103.125,2.4022827
2090-01-01T12:00:00Z,-37.5,105.0,2.3909302
2090-01-01T12:00:00Z,-37.5,106.875,2.380188
2090-01-01T12:00:00Z,-37.5,108.75,2.3393555
2090-01-01T12:00:00Z,-37.5,110.625,2.2677307
2090-01-01T12:00:00Z,-37.5,112.5,2.2013855
2090-01-01T12:00:00Z,-37.5,114.375,2.2229004
2090-01-01T12:00:00Z,-37.5,116.25,2.3249207
2090-01-01T12:00:00Z,-37.5,118.125,2.4036865
2090-01-01T12:00:00Z,-37.5,120.0,2.4510803
2090-01-01T12:00:00Z,-37.5,121.875,2.4710999
2090-01-01T12:00:00Z,-37.5,123.75,2.4714355
2090-01-01T12:00:00Z,-37.5,125.625,2.4094849
2090-01-01T12:00:00Z,-37.5,127.5,2.315918
2090-01-01T12:00:00Z,-37.5,129.375,2.2593994
2090-01-01T12:00:00Z,-37.5,131.25,2.2445068
2090-01-01T12:00:00Z,-37.5,133.125,2.2293396
2090-01-01T12:00:00Z,-37.5,135.0,2.204773
2090-01-01T12:00:00Z,-37.5,136.875,2.2174683
2090-01-01T12:00:00Z,-37.5,138.75,2.2973633
2090-01-01T12:00:00Z,-37.5,140.625,3.1584167
2090-01-01T12:00:00Z,-37.5,142.5,3.6207886
2090-01-01T12:00:00Z,-37.5,144.375,4.0092163
2090-01-01T12:00:00Z,-37.5,146.25,4.446045
2090-01-01T12:00:00Z,-37.5,148.125,4.4587708
2090-01-01T12:00:00Z,-37.5,150.0,4.351013
2090-01-01T12:00:00Z,-37.5,151.875,4.430298
2090-01-01T12:00:00Z,-37.5,153.75,4.284668
2090-01-01T12:00:00Z,-37.5,155.625,3.6147156
2090-01-01T12:00:00Z,-37.5,157.5,3.2434998
2090-01-01T12:00:00Z,-37.5,159.375,3.2437134
2090-01-01T12:00:00Z,-37.5,161.25,3.2613525
2090-01-01T12:00:00Z,-37.5,163.125,3.2597961
2090-01-01T12:00:00Z,-37.5,165.0,3.289032
2090-01-01T12:00:00Z,-37.5,166.875,3.2610474
2090-01-01T12:00:00Z,-37.5,168.75,3.2394714
2090-01-01T12:00:00Z,-37.5,170.625,3.311615
2090-01-01T12:00:00Z,-37.5,172.5,3.373352
2090-01-01T12:00:00Z,-37.5,174.375,3.5325317
2090-01-01T12:00:00Z,-37.5,176.25,3.5205688
2090-01-01T12:00:00Z,-37.5,178.125,3.1732483
2090-01-01T12:00:00Z,-37.5,180.0,2.979187
2090-01-01T12:00:00Z,-36.25,90.0,2.4328003
2090-01-01T12:00:00Z,-36.25,91.875,2.4665222
2090-01-01T12:00:00Z,-36.25,93.75,2.4925842
2090-01-01T12:00:00Z,-36.25,95.625,2.502594
2090-01-01T12:00:00Z,-36.25,97.5,2.5029297
2090-01-01T12:00:00Z,-36.25,99.375,2.490387
2090-01-01T12:00:00Z,-36.25,101.25,2.4700317
2090-01-01T12:00:00Z,-36.25,103.125,2.4429932
2090-01-01T12:00:00Z,-36.25,105.0,2.4265747
2090-01-01T12:00:00Z,-36.25,106.875,2.400299
2090-01-01T12:00:00Z,-36.25,108.75,2.318695
2090-01-01T12:00:00Z,-36.25,110.625,2.2020874
2090-01-01T12:00:00Z,-36.25,112.5,2.119629
2090-01-01T12:00:00Z,-36.25,114.375,2.1177673
2090-01-01T12:00:00Z,-36.25,116.25,2.2426758
2090-01-01T12:00:00Z,-36.25,118.125,2.3841553
2090-01-01T12:00:00Z,-36.25,120.0,2.456482
2090-01-01T12:00:00Z,-36.25,121.875,2.479065
2090-01-01T12:00:00Z,-36.25,123.75,2.4995117
2090-01-01T12:00:00Z,-36.25,125.625,2.4595337
2090-01-01T12:00:00Z,-36.25,127.5,2.4056091
2090-01-01T12:00:00Z,-36.25,129.375,2.3822632
2090-01-01T12:00:00Z,-36.25,131.25,2.3474731
2090-01-01T12:00:00Z,-36.25,133.125,2.3008118
2090-01-01T12:00:00Z,-36.25,135.0,2.2777405
2090-01-01T12:00:00Z,-36.25,136.875,2.3388062
2090-01-01T12:00:00Z,-36.25,138.75,2.684906
2090-01-01T12:00:00Z,-36.25,140.625,3.6893616
2090-01-01T12:00:00Z,-36.25,142.5,4.1727905
2090-01-01T12:00:00Z,-36.25,144.375,4.5961914
2090-01-01T12:00:00Z,-36.25,146.25,5.052002
2090-01-01T12:00:00Z,-36.25,148.125,4.9050293
2090-01-01T12:00:00Z,-36.25,150.0,4.3537903
2090-01-01T12:00:00Z,-36.25,151.875,4.2590637
2090-01-01T12:00:00Z,-36.25,153.75,4.2098083
2090-01-01T12:00:00Z,-36.25,155.625,3.68042
2090-01-01T12:00:00Z,-36.25,157.5,3.2035522
2090-01-01T12:00:00Z,-36.25,159.375,3.1851196
2090-01-01T12:00:00Z,-36.25,161.25,3.2477722
2090-01-01T12:00:00Z,-36.25,163.125,3.2776184
2090-01-01T12:00:00Z,-36.25,165.0,3.2932434
2090-01-01T12:00:00Z,-36.25,166.875,3.2686462
2090-01-01T12:00:00Z,-36.25,168.75,3.2537231
2090-01-01T12:00:00Z,-36.25,170.625,3.3235168
2090-01-01T12:00:00Z,-36.25,172.5,3.4597778
2090-01-01T12:00:00Z,-36.25,174.375,3.7002258
2090-01-01T12:00:00Z,-36.25,176.25,3.2067566
2090-01-01T12:00:00Z,-36.25,178.125,3.0546875
2090-01-01T12:00:00Z,-36.25,180.0,2.8925781
2090-01-01T12:00:00Z,-35.0,90.0,2.5511475
2090-01-01T12:00:00Z,-35.0,91.875,2.5579834
2090-01-01T12:00:00Z,-35.0,93.75,2.5667725
2090-01-01T12:00:00Z,-35.0,95.625,2.5631104
2090-01-01T12:00:00Z,-35.0,97.5,2.5491333
2090-01-01T12:00:00Z,-35.0,99.375,2.5237732
2090-01-01T12:00:00Z,-35.0,101.25,2.4886475
2090-01-01T12:00:00Z,-35.0,103.125,2.4458008
2090-01-01T12:00:00Z,-35.0,105.0,2.4153748
2090-01-01T12:00:00Z,-35.0,106.875,2.382019
2090-01-01T12:00:00Z,-35.0,108.75,2.3091736
2090-01-01T12:00:00Z,-35.0,110.625,2.2389832
2090-01-01T12:00:00Z,-35.0,112.5,2.2183533
2090-01-01T12:00:00Z,-35.0,114.375,2.2522583
2090-01-01T12:00:00Z,-35.0,116.25,2.674591
2090-01-01T12:00:00Z,-35.0,118.125,2.8494263
2090-01-01T12:00:00Z,-35.0,120.0,2.459076
2090-01-01T12:00:00Z,-35.0,121.875,2.464508
2090-01-01T12:00:00Z,-35.0,123.75,2.4907837
2090-01-01T12:00:00Z,-35.0,125.625,2.4683228
2090-01-01T12:00:00Z,-35.0,127.5,2.462494
2090-01-01T12:00:00Z,-35.0,129.375,2.4270935
2090-01-01T12:00:00Z,-35.0,131.25,2.3741455
2090-01-01T12:00:00Z,-35.0,133.125,2.31839
2090-01-01T12:00:00Z,-35.0,135.0,2.565033
2090-01-01T12:00:00Z,-35.0,136.875,2.5289612
2090-01-01T12:00:00Z,-35.0,138.75,3.7759094
2090-01-01T12:00:00Z,-35.0,140.625,4.164551
2090-01-01T12:00:00Z,-35.0,142.5,4.381714
2090-01-01T12:00:00Z,-35.0,144.375,4.7493896
2090-01-01T12:00:00Z,-35.0,146.25,5.2064514
2090-01-01T12:00:00Z,-35.0,148.125,5.2290344
2090-01-01T12:00:00Z,-35.0,150.0,4.5951233
2090-01-01T12:00:00Z,-35.0,151.875,4.1471252
2090-01-01T12:00:00Z,-35.0,153.75,4.0595703
2090-01-01T12:00:00Z,-35.0,155.625,3.69516
2090-01-01T12:00:00Z,-35.0,157.5,3.1367798
2090-01-01T12:00:00Z,-35.0,159.375,2.993866
2090-01-01T12:00:00Z,-35.0,161.25,3.107605
2090-01-01T12:00:00Z,-35.0,163.125,3.1939087
2090-01-01T12:00:00Z,-35.0,165.0,3.2249146
2090-01-01T12:00:00Z,-35.0,166.875,3.2481384
2090-01-01T12:00:00Z,-35.0,168.75,3.2683105
2090-01-01T12:00:00Z,-35.0,170.625,3.3112793
2090-01-01T12:00:00Z,-35.0,172.5,3.4467773
2090-01-01T12:00:00Z,-35.0,174.375,3.3728638
2090-01-01T12:00:00Z,-35.0,176.25,3.1352844
2090-01-01T12:00:00Z,-35.0,178.125,2.9513855
2090-01-01T12:00:00Z,-35.0,180.0,2.8179016
2090-01-01T12:00:00Z,-33.75,90.0,2.606598
2090-01-01T12:00:00Z,-33.75,91.875,2.5959473
2090-01-01T12:00:00Z,-33.75,93.75,2.5837708
2090-01-01T12:00:00Z,-33.75,95.625,2.5667725
2090-01-01T12:00:00Z,-33.75,97.5,2.546173
2090-01-01T12:00:00Z,-33.75,99.375,2.5169373
2090-01-01T12:00:00Z,-33.75,101.25,2.4840393
2090-01-01T12:00:00Z,-33.75,103.125,2.4458618
2090-01-01T12:00:00Z,-33.75,105.0,2.407196
2090-01-01T12:00:00Z,-33.75,106.875,2.375824
2090-01-01T12:00:00Z,-33.75,108.75,2.3321228
2090-01-01T12:00:00Z,-33.75,110.625,2.316742
2090-01-01T12:00:00Z,-33.75,112.5,2.385437
2090-01-01T12:00:00Z,-33.75,114.375,2.5743713
2090-01-01T12:00:00Z,-33.75,116.25,3.5003662
2090-01-01T12:00:00Z,-33.75,118.125,3.8704224
2090-01-01T12:00:00Z,-33.75,120.0,3.3134766
2090-01-01T12:00:00Z,-33.75,121.875,3.222107
2090-01-01T12:00:00Z,-33.75,123.75,2.8406677
2090-01-01T12:00:00Z,-33.75,125.625,2.4614258
2090-01-01T12:00:00Z,-33.75,127.5,2.4707642
2090-01-01T12:00:00Z,-33.75,129.375,2.4088745
2090-01-01T12:00:00Z,-33.75,131.25,2.3523865
2090-01-01T12:00:00Z,-33.75,133.125,2.3501587
2090-01-01T12:00:00Z,-33.75,135.0,3.0221558
2090-01-01T12:00:00Z,-33.75,136.875,3.5269165
2090-01-01T12:00:00Z,-33.75,138.75,4.213379
2090-01-01T12:00:00Z,-33.75,140.625,4.362091
2090-01-01T12:00:00Z,-33.75,142.5,4.449066
2090-01-01T12:00:00Z,-33.75,144.375,4.825287
2090-01-01T12:00:00Z,-33.75,146.25,5.3017273
2090-01-01T12:00:00Z,-33.75,148.125,5.304596
2090-01-01T12:00:00Z,-33.75,150.0,4.94693
2090-01-01T12:00:00Z,-33.75,151.875,4.0953064
2090-01-01T12:00:00Z,-33.75,153.75,3.9177856
2090-01-01T12:00:00Z,-33.75,155.625,3.6337585
2090-01-01T12:00:00Z,-33.75,157.5,3.1815796
2090-01-01T12:00:00Z,-33.75,159.375,2.7813416
2090-01-01T12:00:00Z,-33.75,161.25,2.8382263
2090-01-01T12:00:00Z,-33.75,163.125,2.9787903
2090-01-01T12:00:00Z,-33.75,165.0,3.0533142
2090-01-01T12:00:00Z,-33.75,166.875,3.150177
2090-01-01T12:00:00Z,-33.75,168.75,3.2168274
2090-01-01T12:00:00Z,-33.75,170.625,3.207428
2090-01-01T12:00:00Z,-33.75,172.5,3.1916199
2090-01-01T12:00:00Z,-33.75,174.375,3.1363525
2090-01-01T12:00:00Z,-33.75,176.25,3.0247803
2090-01-01T12:00:00Z,-33.75,178.125,2.8635254
2090-01-01T12:00:00Z,-33.75,180.0,2.8031616
2090-01-01T12:00:00Z,-32.5,90.0,2.6033936
2090-01-01T12:00:00Z,-32.5,91.875,2.5853577
2090-01-01T12:00:00Z,-32.5,93.75,2.558258
2090-01-01T12:00:00Z,-32.5,95.625,2.532959
2090-01-01T12:00:00Z,-32.5,97.5,2.5089417
2090-01-01T12:00:00Z,-32.5,99.375,2.4873657
2090-01-01T12:00:00Z,-32.5,101.25,2.461792
2090-01-01T12:00:00Z,-32.5,103.125,2.4423523
2090-01-01T12:00:00Z,-32.5,105.0,2.4134521
2090-01-01T12:00:00Z,-32.5,106.875,2.39328
2090-01-01T12:00:00Z,-32.5,108.75,2.3794556
2090-01-01T12:00:00Z,-32.5,110.625,2.4007568
2090-01-01T12:00:00Z,-32.5,112.5,2.528839
2090-01-01T12:00:00Z,-32.5,114.375,2.7808228
2090-01-01T12:00:00Z,-32.5,116.25,3.81781
2090-01-01T12:00:00Z,-32.5,118.125,4.380951
2090-01-01T12:00:00Z,-32.5,120.0,4.2203674
2090-01-01T12:00:00Z,-32.5,121.875,3.9855957
2090-01-01T12:00:00Z,-32.5,123.75,3.6632996
2090-01-01T12:00:00Z,-32.5,125.625,3.1092834
2090-01-01T12:00:00Z,-32.5,127.5,2.5815735
2090-01-01T12:00:00Z,-32.5,129.375,2.5299988
2090-01-01T12:00:00Z,-32.5,131.25,2.4831238
2090-01-01T12:00:00Z,-32.5,133.125,2.5820007
2090-01-01T12:00:00Z,-32.5,135.0,4.0889893
2090-01-01T12:00:00Z,-32.5,136.875,4.375702
2090-01-01T12:00:00Z,-32.5,138.75,4.5131836
2090-01-01T12:00:00Z,-32.5,140.625,4.5431824
2090-01-01T12:00:00Z,-32.5,142.5,4.572174
2090-01-01T12:00:00Z,-32.5,144.375,4.9279785
2090-01-01T12:00:00Z,-32.5,146.25,5.319641
2090-01-01T12:00:00Z,-32.5,148.125,5.448303
2090-01-01T12:00:00Z,-32.5,150.0,5.16214
2090-01-01T12:00:00Z,-32.5,151.875,4.4552917
2090-01-01T12:00:00Z,-32.5,153.75,3.823059
2090-01-01T12:00:00Z,-32.5,155.625,3.5273438
2090-01-01T12:00:00Z,-32.5,157.5,3.2363586
2090-01-01T12:00:00Z,-32.5,159.375,2.824829
2090-01-01T12:00:00Z,-32.5,161.25,2.7243347
2090-01-01T12:00:00Z,-32.5,163.125,2.8587036
2090-01-01T12:00:00Z,-32.5,165.0,2.9367065
2090-01-01T12:00:00Z,-32.5,166.875,3.0343628
2090-01-01T12:00:00Z,-32.5,168.75,3.093628
2090-01-01T12:00:00Z,-32.5,170.625,3.0733948
2090-01-01T12:00:00Z,-32.5,172.5,3.0532837
2090-01-01T12:00:00Z,-32.5,174.375,3.0169983
2090-01-01T12:00:00Z,-32.5,176.25,2.941864
2090-01-01T12:00:00Z,-32.5,178.125,2.848816
2090-01-01T12:00:00Z,-32.5,180.0,2.8952942
2090-01-01T12:00:00Z,-31.25,90.0,2.5757446
2090-01-01T12:00:00Z,-31.25,91.875,2.5523376
2090-01-01T12:00:00Z,-31.25,93.75,2.5212708
2090-01-01T12:00:00Z,-31.25,95.625,2.4978027
2090-01-01T12:00:00Z,-31.25,97.5,2.4753723
2090-01-01T12:00:00Z,-31.25,99.375,2.4521484
2090-01-01T12:00:00Z,-31.25,101.25,2.433319
2090-01-01T12:00:00Z,-31.25,103.125,2.4239502
2090-01-01T12:00:00Z,-31.25,105.0,2.4162598
2090-01-01T12:00:00Z,-31.25,106.875,2.4096375
2090-01-01T12:00:00Z,-31.25,108.75,2.417633
2090-01-01T12:00:00Z,-31.25,110.625,2.5012817
2090-01-01T12:00:00Z,-31.25,112.5,2.6942139
2090-01-01T12:00:00Z,-31.25,114.375,2.9422913
2090-01-01T12:00:00Z,-31.25,116.25,4.1529236
2090-01-01T12:00:00Z,-31.25,118.125,4.7034607
2090-01-01T12:00:00Z,-31.25,120.0,4.6391907
2090-01-01T12:00:00Z,-31.25,121.875,4.375946
2090-01-01T12:00:00Z,-31.25,123.75,4.059784
2090-01-01T12:00:00Z,-31.25,125.625,3.8847656
2090-01-01T12:00:00Z,-31.25,127.5,3.8199768
2090-01-01T12:00:00Z,-31.25,129.375,3.8688354
2090-01-01T12:00:00Z,-31.25,131.25,3.9148254
2090-01-01T12:00:00Z,-31.25,133.125,4.1268616
2090-01-01T12:00:00Z,-31.25,135.0,4.4567566
2090-01-01T12:00:00Z,-31.25,136.875,4.5701904
2090-01-01T12:00:00Z,-31.25,138.75,4.6507263
2090-01-01T12:00:00Z,-31.25,140.625,4.723877
2090-01-01T12:00:00Z,-31.25,142.5,4.776001
2090-01-01T12:00:00Z,-31.25,144.375,5.1177673
2090-01-01T12:00:00Z,-31.25,146.25,5.481201
2090-01-01T12:00:00Z,-31.25,148.125,5.568939
2090-01-01T12:00:00Z,-31.25,150.0,5.4351196
2090-01-01T12:00:00Z,-31.25,151.875,5.0281067
2090-01-01T12:00:00Z,-31.25,153.75,3.8111572
2090-01-01T12:00:00Z,-31.25,155.625,3.4442444
2090-01-01T12:00:00Z,-31.25,157.5,3.2605286
2090-01-01T12:00:00Z,-31.25,159.375,2.9681396
2090-01-01T12:00:00Z,-31.25,161.25,2.8599243
2090-01-01T12:00:00Z,-31.25,163.125,2.9578552
2090-01-01T12:00:00Z,-31.25,165.0,2.9892578
2090-01-01T12:00:00Z,-31.25,166.875,3.0222168
2090-01-01T12:00:00Z,-31.25,168.75,3.0299072
2090-01-01T12:00:00Z,-31.25,170.625,3.0074768
2090-01-01T12:00:00Z,-31.25,172.5,2.9965515
2090-01-01T12:00:00Z,-31.25,174.375,2.976471
2090-01-01T12:00:00Z,-31.25,176.25,2.9432373
2090-01-01T12:00:00Z,-31.25,178.125,2.9563904
2090-01-01T12:00:00Z,-31.25,180.0,3.0718079
2090-01-01T12:00:00Z,-30.0,90.0,2.551361
2090-01-01T12:00:00Z,-30.0,91.875,2.5263977
2090-01-01T12:00:00Z,-30.0,93.75,2.4978943
2090-01-01T12:00:00Z,-30.0,95.625,2.4707031
2090-01-01T12:00:00Z,-30.0,97.5,2.443573
2090-01-01T12:00:00Z,-30.0,99.375,2.4202576
2090-01-01T12:00:00Z,-30.0,101.25,2.39563
2090-01-01T12:00:00Z,-30.0,103.125,2.388214
2090-01-01T12:00:00Z,-30.0,105.0,2.374115
2090-01-01T12:00:00Z,-30.0,106.875,2.3821106
2090-01-01T12:00:00Z,-30.0,108.75,2.4360657
2090-01-01T12:00:00Z,-30.0,110.625,2.6036682
2090-01-01T12:00:00Z,-30.0,112.5,2.8330994
2090-01-01T12:00:00Z,-30.0,114.375,3.2094421
2090-01-01T12:00:00Z,-30.0,116.25,4.7643127
2090-01-01T12:00:00Z,-30.0,118.125,4.92688
2090-01-01T12:00:00Z,-30.0,120.0,4.906128
2090-01-01T12:00:00Z,-30.0,121.875,4.6157837
2090-01-01T12:00:00Z,-30.0,123.75,4.4140015
2090-01-01T12:00:00Z,-30.0,125.625,4.2944946
2090-01-01T12:00:00Z,-30.0,127.5,4.259308
2090-01-01T12:00:00Z,-30.0,129.375,4.279602
2090-01-01T12:00:00Z,-30.0,131.25,4.3325195
2090-01-01T12:00:00Z,-30.0,133.125,4.4895935
2090-01-01T12:00:00Z,-30.0,135.0,4.6436157
2090-01-01T12:00:00Z,-30.0,136.875,4.696167
2090-01-01T12:00:00Z,-30.0,138.75,4.757843
2090-01-01T12:00:00Z,-30.0,140.625,4.816681
2090-01-01T12:00:00Z,-30.0,142.5,4.9984436
2090-01-01T12:00:00Z,-30.0,144.375,5.2799683
2090-01-01T12:00:00Z,-30.0,146.25,5.576538
2090-01-01T12:00:00Z,-30.0,148.125,5.695709
2090-01-01T12:00:00Z,-30.0,150.0,5.7105103
2090-01-01T12:00:00Z,-30.0,151.875,5.2366943
2090-01-01T12:00:00Z,-30.0,153.75,3.7958374
2090-01-01T12:00:00Z,-30.0,155.625,3.3781433
2090-01-01T12:00:00Z,-30.0,157.5,3.294464
2090-01-01T12:00:00Z,-30.0,159.375,3.1148682
2090-01-01T12:00:00Z,-30.0,161.25,3.0602417
2090-01-01T12:00:00Z,-30.0,163.125,3.1273804
2090-01-01T12:00:00Z,-30.0,165.0,3.1118164
2090-01-01T12:00:00Z,-30.0,166.875,3.0872803
2090-01-01T12:00:00Z,-30.0,168.75,3.0618591
2090-01-01T12:00:00Z,-30.0,170.625,3.033142
2090-01-01T12:00:00Z,-30.0,172.5,3.0358276
2090-01-01T12:00:00Z,-30.0,174.375,3.0487976
2090-01-01T12:00:00Z,-30.0,176.25,3.0742798
2090-01-01T12:00:00Z,-30.0,178.125,3.1520386
2090-01-01T12:00:00Z,-30.0,180.0,3.2542725
2090-01-01T12:00:00Z,-28.75,90.0,2.5226746
2090-01-01T12:00:00Z,-28.75,91.875,2.4961243
2090-01-01T12:00:00Z,-28.75,93.75,2.4687805
2090-01-01T12:00:00Z,-28.75,95.625,2.4394531
2090-01-01T12:00:00Z,-28.75,97.5,2.4012146
2090-01-01T12:00:00Z,-28.75,99.375,2.3634644
2090-01-01T12:00:00Z,-28.75,101.25,2.3304138
2090-01-01T12:00:00Z,-28.75,103.125,2.314087
2090-01-01T12:00:00Z,-28.75,105.0,2.3075867
2090-01-01T12:00:00Z,-28.75,106.875,2.3498535
2090-01-01T12:00:00Z,-28.75,108.75,2.4716797
2090-01-01T12:00:00Z,-28.75,110.625,2.6921387
2090-01-01T12:00:00Z,-28.75,112.5,2.935913
2090-01-01T12:00:00Z,-28.75,114.375,3.2934265
2090-01-01T12:00:00Z,-28.75,116.25,4.986603
2090-01-01T12:00:00Z,-28.75,118.125,5.257019
2090-01-01T12:00:00Z,-28.75,120.0,5.1811523
2090-01-01T12:00:00Z,-28.75,121.875,4.9856873
2090-01-01T12:00:00Z,-28.75,123.75,4.8256836
2090-01-01T12:00:00Z,-28.75,125.625,4.764038
2090-01-01T12:00:00Z,-28.75,127.5,4.7278748
2090-01-01T12:00:00Z,-28.75,129.375,4.699402
2090-01-01T12:00:00Z,-28.75,131.25,4.7283325
2090-01-01T12:00:00Z,-28.75,133.125,4.7238464
2090-01-01T12:00:00Z,-28.75,135.0,4.7385864
2090-01-01T12:00:00Z,-28.75,136.875,4.803131
2090-01-01T12:00:00Z,-28.75,138.75,4.881897
2090-01-01T12:00:00Z,-28.75,140.625,5.016266
2090-01-01T12:00:00Z,-28.75,142.5,5.2199707
2090-01-01T12:00:00Z,-28.75,144.375,5.4358215
2090-01-01T12:00:00Z,-28.75,146.25,5.578705
2090-01-01T12:00:00Z,-28.75,148.125,5.658142
2090-01-01T12:00:00Z,-28.75,150.0,5.5894165
2090-01-01T12:00:00Z,-28.75,151.875,5.1911926
2090-01-01T12:00:00Z,-28.75,153.75,3.9423828
2090-01-01T12:00:00Z,-28.75,155.625,3.3105164
2090-01-01T12:00:00Z,-28.75,157.5,3.3346252
2090-01-01T12:00:00Z,-28.75,159.375,3.225525
2090-01-01T12:00:00Z,-28.75,161.25,3.2070923
2090-01-01T12:00:00Z,-28.75,163.125,3.2200317
2090-01-01T12:00:00Z,-28.75,165.0,3.1867676
2090-01-01T12:00:00Z,-28.75,166.875,3.1595764
2090-01-01T12:00:00Z,-28.75,168.75,3.1160278
2090-01-01T12:00:00Z,-28.75,170.625,3.107666
2090-01-01T12:00:00Z,-28.75,172.5,3.1382446
2090-01-01T12:00:00Z,-28.75,174.375,3.1817017
2090-01-01T12:00:00Z,-28.75,176.25,3.233612
2090-01-01T12:00:00Z,-28.75,178.125,3.302765
2090-01-01T12:00:00Z,-28.75,180.0,3.3470764
2090-01-01T12:00:00Z,-27.5,90.0,2.450348
2090-01-01T12:00:00Z,-27.5,91.875,2.4227295
2090-01-01T12:00:00Z,-27.5,93.75,2.391327
2090-01-01T12:00:00Z,-27.5,95.625,2.3498535
2090-01-01T12:00:00Z,-27.5,97.5,2.3083801
2090-01-01T12:00:00Z,-27.5,99.375,2.265747
2090-01-01T12:00:00Z,-27.5,101.25,2.2344666
2090-01-01T12:00:00Z,-27.5,103.125,2.235077
2090-01-01T12:00:00Z,-27.5,105.0,2.2658691
2090-01-01T12:00:00Z,-27.5,106.875,2.3676758
2090-01-01T12:00:00Z,-27.5,108.75,2.5556335
2090-01-01T12:00:00Z,-27.5,110.625,2.7800598
2090-01-01T12:00:00Z,-27.5,112.5,3.001831
2090-01-01T12:00:00Z,-27.5,114.375,4.0374146
2090-01-01T12:00:00Z,-27.5,116.25,5.160614
2090-01-01T12:00:00Z,-27.5,118.125,5.483856
2090-01-01T12:00:00Z,-27.5,120.0,5.4485474
2090-01-01T12:00:00Z,-27.5,121.875,5.288391
2090-01-01T12:00:00Z,-27.5,123.75,5.1948853
2090-01-01T12:00:00Z,-27.5,125.625,5.1177063
2090-01-01T12:00:00Z,-27.5,127.5,5.096985
2090-01-01T12:00:00Z,-27.5,129.375,5.0500183
2090-01-01T12:00:00Z,-27.5,131.25,4.981201
2090-01-01T12:00:00Z,-27.5,133.125,4.890106
2090-01-01T12:00:00Z,-27.5,135.0,4.837921
2090-01-01T12:00:00Z,-27.5,136.875,4.9808655
2090-01-01T12:00:00Z,-27.5,138.75,5.01828
2090-01-01T12:00:00Z,-27.5,140.625,5.17688
2090-01-01T12:00:00Z,-27.5,142.5,5.4194946
2090-01-01T12:00:00Z,-27.5,144.375,5.5209045
2090-01-01T12:00:00Z,-27.5,146.25,5.5891113
2090-01-01T12:00:00Z,-27.5,148.125,5.583191
2090-01-01T12:00:00Z,-27.5,150.0,5.3750916
2090-01-01T12:00:00Z,-27.5,151.875,5.04126
2090-01-01T12:00:00Z,-27.5,153.75,3.5216064
2090-01-01T12:00:00Z,-27.5,155.625,3.2362366
2090-01-01T12:00:00Z,-27.5,157.5,3.3128662
2090-01-01T12:00:00Z,-27.5,159.375,3.254486
2090-01-01T12:00:00Z,-27.5,161.25,3.2402344
2090-01-01T12:00:00Z,-27.5,163.125,3.2085571
2090-01-01T12:00:00Z,-27.5,165.0,3.1967163
2090-01-01T12:00:00Z,-27.5,166.875,3.191864
2090-01-01T12:00:00Z,-27.5,168.75,3.1748657
2090-01-01T12:00:00Z,-27.5,170.625,3.1858215
2090-01-01T12:00:00Z,-27.5,172.5,3.2241516
2090-01-01T12:00:00Z,-27.5,174.375,3.2540283
2090-01-01T12:00:00Z,-27.5,176.25,3.285797
2090-01-01T12:00:00Z,-27.5,178.125,3.3172913
2090-01-01T12:00:00Z,-27.5,180.0,3.3279724
2090-01-01T12:00:00Z,-26.25,90.0,2.306488
2090-01-01T12:00:00Z,-26.25,91.875,2.2747803
2090-01-01T12:00:00Z,-26.25,93.75,2.240265
2090-01-01T12:00:00Z,-26.25,95.625,2.2108154
2090-01-01T12:00:00Z,-26.25,97.5,2.184204
2090-01-01T12:00:00Z,-26.25,99.375,2.1691284
2090-01-01T12:00:00Z,-26.25,101.25,2.1773376
2090-01-01T12:00:00Z,-26.25,103.125,2.2251892
2090-01-01T12:00:00Z,-26.25,105.0,2.3190918
2090-01-01T12:00:00Z,-26.25,106.875,2.4595032
2090-01-01T12:00:00Z,-26.25,108.75,2.6341553
2090-01-01T12:00:00Z,-26.25,110.625,2.8394775
2090-01-01T12:00:00Z,-26.25,112.5,3.0381775
2090-01-01T12:00:00Z,-26.25,114.375,4.295044
2090-01-01T12:00:00Z,-26.25,116.25,5.3644714
2090-01-01T12:00:00Z,-26.25,118.125,5.6682434
2090-01-01T12:00:00Z,-26.25,120.0,5.6472473
2090-01-01T12:00:00Z,-26.25,121.875,5.517517
2090-01-01T12:00:00Z,-26.25,123.75,5.4759216
2090-01-01T12:00:00Z,-26.25,125.625,5.4666443
2090-01-01T12:00:00Z,-26.25,127.5,5.344818
2090-01-01T12:00:00Z,-26.25,129.375,5.2955627
2090-01-01T12:00:00Z,-26.25,131.25,5.163086
2090-01-01T12:00:00Z,-26.25,133.125,5.0678406
2090-01-01T12:00:00Z,-26.25,135.0,5.001068
2090-01-01T12:00:00Z,-26.25,136.875,5.0335693
2090-01-01T12:00:00Z,-26.25,138.75,5.2111206
2090-01-01T12:00:00Z,-26.25,140.625,5.3323975
2090-01-01T12:00:00Z,-26.25,142.5,5.501343
2090-01-01T12:00:00Z,-26.25,144.375,5.577942
2090-01-01T12:00:00Z,-26.25,146.25,5.554413
2090-01-01T12:00:00Z,-26.25,148.125,5.4340515
2090-01-01T12:00:00Z,-26.25,150.0,5.2544556
2090-01-01T12:00:00Z,-26.25,151.875,4.8486633
2090-01-01T12:00:00Z,-26.25,153.75,3.362915
2090-01-01T12:00:00Z,-26.25,155.625,3.1332397
2090-01-01T12:00:00Z,-26.25,157.5,3.191162
2090-01-01T12:00:00Z,-26.25,159.375,3.1902466
2090-01-01T12:00:00Z,-26.25,161.25,3.1870422
2090-01-01T12:00:00Z,-26.25,163.125,3.1639404
2090-01-01T12:00:00Z,-26.25,165.0,3.1792603
2090-01-01T12:00:00Z,-26.25,166.875,3.1969604
2090-01-01T12:00:00Z,-26.25,168.75,3.201355
2090-01-01T12:00:00Z,-26.25,170.625,3.2130127
2090-01-01T12:00:00Z,-26.25,172.5,3.2210388
2090-01-01T12:00:00Z,-26.25,174.375,3.2175903
2090-01-01T12:00:00Z,-26.25,176.25,3.2244263
2090-01-01T12:00:00Z,-26.25,178.125,3.2289734
2090-01-01T12:00:00Z,-26.25,180.0,3.2316284
2090-01-01T12:00:00Z,-25.0,90.0,2.1635437
2090-01-01T12:00:00Z,-25.0,91.875,2.131134
2090-01-01T12:00:00Z,-25.0,93.75,2.108307
2090-01-01T12:00:00Z,-25.0,95.625,2.1048584
2090-01-01T12:00:00Z,-25.0,97.5,2.1182556
2090-01-01T12:00:00Z,-25.0,99.375,2.148346
2090-01-01T12:00:00Z,-25.0,101.25,2.20401
2090-01-01T12:00:00Z,-25.0,103.125,2.3002014
2090-01-01T12:00:00Z,-25.0,105.0,2.435791
2090-01-01T12:00:00Z,-25.0,106.875,2.5663757
2090-01-01T12:00:00Z,-25.0,108.75,2.697235
2090-01-01T12:00:00Z,-25.0,110.625,2.872528
2090-01-01T12:00:00Z,-25.0,112.5,3.0648193
2090-01-01T12:00:00Z,-25.0,114.375,4.335907
2090-01-01T12:00:00Z,-25.0,116.25,5.4053345
2090-01-01T12:00:00Z,-25.0,118.125,5.6809387
2090-01-01T12:00:00Z,-25.0,120.0,5.660614
2090-01-01T12:00:00Z,-25.0,121.875,5.56958
2090-01-01T12:00:00Z,-25.0,123.75,5.57251
2090-01-01T12:00:00Z,-25.0,125.625,5.5686646
2090-01-01T12:00:00Z,-25.0,127.5,5.4052734
2090-01-01T12:00:00Z,-25.0,129.375,5.4319763
2090-01-01T12:00:00Z,-25.0,131.25,5.3332825
2090-01-01T12:00:00Z,-25.0,133.125,5.1872253
2090-01-01T12:00:00Z,-25.0,135.0,5.1196594
2090-01-01T12:00:00Z,-25.0,136.875,5.171112
2090-01-01T12:00:00Z,-25.0,138.75,5.303009
2090-01-01T12:00:00Z,-25.0,140.625,5.3358765
2090-01-01T12:00:00Z,-25.0,142.5,5.393219
2090-01-01T12:00:00Z,-25.0,144.375,5.4710083
2090-01-01T12:00:00Z,-25.0,146.25,5.3323364
2090-01-01T12:00:00Z,-25.0,148.125,5.234894
2090-01-01T12:00:00Z,-25.0,150.0,5.066162
2090-01-01T12:00:00Z,-25.0,151.875,4.202423
2090-01-01T12:00:00Z,-25.0,153.75,3.1884766
2090-01-01T12:00:00Z,-25.0,155.625,3.0202332
2090-01-01T12:00:00Z,-25.0,157.5,3.0422668
2090-01-01T12:00:00Z,-25.0,159.375,3.1267395
2090-01-01T12:00:00Z,-25.0,161.25,3.1437073
2090-01-01T12:00:00Z,-25.0,163.125,3.1314697
2090-01-01T12:00:00Z,-25.0,165.0,3.1400452
2090-01-01T12:00:00Z,-25.0,166.875,3.1521301
2090-01-01T12:00:00Z,-25.0,168.75,3.159027
2090-01-01T12:00:00Z,-25.0,170.625,3.1572876
2090-01-01T12:00:00Z,-25.0,172.5,3.1446228
2090-01-01T12:00:00Z,-25.0,174.375,3.113922
2090-01-01T12:00:00Z,-25.0,176.25,3.0999146
2090-01-01T12:00:00Z,-25.0,178.125,3.0897827
2090-01-01T12:00:00Z,-25.0,180.0,3.0862732
2090-01-01T12:00:00Z,-23.75,90.0,2.134491
2090-01-01T12:00:00Z,-23.75,91.875,2.1110535
2090-01-01T12:00:00Z,-23.75,93.75,2.1051025
2090-01-01T12:00:00Z,-23.75,95.625,2.119995
2090-01-01T12:00:00Z,-23.75,97.5,2.1601562
2090-01-01T12:00:00Z,-23.75,99.375,2.2146301
2090-01-01T12:00:00Z,-23.75,101.25,2.2993164
2090-01-01T12:00:00Z,-23.75,103.125,2.422577
2090-01-01T12:00:00Z,-23.75,105.0,2.5513
2090-01-01T12:00:00Z,-23.75,106.875,2.6523743
2090-01-01T12:00:00Z,-23.75,108.75,2.7530212
2090-01-01T12:00:00Z,-23.75,110.625,2.903717
2090-01-01T12:00:00Z,-23.75,112.5,3.0918884
2090-01-01T12:00:00Z,-23.75,114.375,4.351227
2090-01-01T12:00:00Z,-23.75,116.25,5.405243
2090-01-01T12:00:00Z,-23.75,118.125,5.618622
2090-01-01T12:00:00Z,-23.75,120.0,5.606018
2090-01-01T12:00:00Z,-23.75,121.875,5.5426636
2090-01-01T12:00:00Z,-23.75,123.75,5.643982
2090-01-01T12:00:00Z,-23.75,125.625,5.5720215
2090-01-01T12:00:00Z,-23.75,127.5,5.542816
2090-01-01T12:00:00Z,-23.75,129.375,5.5032043
2090-01-01T12:00:00Z,-23.75,131.25,5.409363
2090-01-01T12:00:00Z,-23.75,133.125,5.3253174
2090-01-01T12:00:00Z,-23.75,135.0,5.25885
2090-01-01T12:00:00Z,-23.75,136.875,5.3161316
2090-01-01T12:00:00Z,-23.75,138.75,5.343292
2090-01-01T12:00:00Z,-23.75,140.625,5.3469543
2090-01-01T12:00:00Z,-23.75,142.5,5.2992554
2090-01-01T12:00:00Z,-23.75,144.375,5.1601257
2090-01-01T12:00:00Z,-23.75,146.25,5.007141
2090-01-01T12:00:00Z,-23.75,148.125,4.9685364
2090-01-01T12:00:00Z,-23.75,150.0,4.6990356
2090-01-01T12:00:00Z,-23.75,151.875,3.3348694
2090-01-01T12:00:00Z,-23.75,153.75,3.0553894
2090-01-01T12:00:00Z,-23.75,155.625,2.9300537
2090-01-01T12:00:00Z,-23.75,157.5,2.9386292
2090-01-01T12:00:00Z,-23.75,159.375,3.08786
2090-01-01T12:00:00Z,-23.75,161.25,3.1091614
2090-01-01T12:00:00Z,-23.75,163.125,3.0837708
2090-01-01T12:00:00Z,-23.75,165.0,3.058838
2090-01-01T12:00:00Z,-23.75,166.875,3.056366
2090-01-01T12:00:00Z,-23.75,168.75,3.0696106
2090-01-01T12:00:00Z,-23.75,170.625,3.0430908
2090-01-01T12:00:00Z,-23.75,172.5,3.0213013
2090-01-01T12:00:00Z,-23.75,174.375,2.9806519
2090-01-01T12:00:00Z,-23.75,176.25,2.9589233
2090-01-01T12:00:00Z,-23.75,178.125,2.9464417
2090-01-01T12:00:00Z,-23.75,180.0,2.9360046
2090-01-01T12:00:00Z,-22.5,90.0,2.2424011
2090-01-01T12:00:00Z,-22.5,91.875,2.2358398
2090-01-01T12:00:00Z,-22.5,93.75,2.230133
2090-01-01T12:00:00Z,-22.5,95.625,2.2476501
2090-01-01T12:00:00Z,-22.5,97.5,2.2948608
2090-01-01T12:00:00Z,-22.5,99.375,2.35672
2090-01-01T12:00:00Z,-22.5,101.25,2.452362
2090-01-01T12:00:00Z,-22.5,103.125,2.5679626
2090-01-01T12:00:00Z,-22.5,105.0,2.6686401
2090-01-01T12:00:00Z,-22.5,106.875,2.7442322
2090-01-01T12:00:00Z,-22.5,108.75,2.811615
2090-01-01T12:00:00Z,-22.5,110.625,2.9287415
2090-01-01T12:00:00Z,-22.5,112.5,3.105896
2090-01-01T12:00:00Z,-22.5,114.375,4.1347656
2090-01-01T12:00:00Z,-22.5,116.25,5.36792
2090-01-01T12:00:00Z,-22.5,118.125,5.5253296
2090-01-01T12:00:00Z,-22.5,120.0,5.5727234
2090-01-01T12:00:00Z,-22.5,121.875,5.5805054
2090-01-01T12:00:00Z,-22.5,123.75,5.62027
2090-01-01T12:00:00Z,-22.5,125.625,5.567627
2090-01-01T12:00:00Z,-22.5,127.5,5.5565796
2090-01-01T12:00:00Z,-22.5,129.375,5.459717
2090-01-01T12:00:00Z,-22.5,131.25,5.388794
2090-01-01T12:00:00Z,-22.5,133.125,5.3590393
2090-01-01T12:00:00Z,-22.5,135.0,5.3745117
2090-01-01T12:00:00Z,-22.5,136.875,5.314911
2090-01-01T12:00:00Z,-22.5,138.75,5.2989807
2090-01-01T12:00:00Z,-22.5,140.625,5.190216
2090-01-01T12:00:00Z,-22.5,142.5,5.09671
2090-01-01T12:00:00Z,-22.5,144.375,4.966675
2090-01-01T12:00:00Z,-22.5,146.25,4.7999573
2090-01-01T12:00:00Z,-22.5,148.125,4.649994
2090-01-01T12:00:00Z,-22.5,150.0,3.8391418
2090-01-01T12:00:00Z,-22.5,151.875,3.0581665
2090-01-01T12:00:00Z,-22.5,153.75,2.9949646
2090-01-01T12:00:00Z,-22.5,155.625,2.902069
2090-01-01T12:00:00Z,-22.5,157.5,2.904663
2090-01-01T12:00:00Z,-22.5,159.375,3.0509644
2090-01-01T12:00:00Z,-22.5,161.25,3.0642395
2090-01-01T12:00:00Z,-22.5,163.125,3.042633
2090-01-01T12:00:00Z,-22.5,165.0,3.045807
2090-01-01T12:00:00Z,-22.5,166.875,3.1802979
2090-01-01T12:00:00Z,-22.5,168.75,2.908905
2090-01-01T12:00:00Z,-22.5,170.625,2.9105835
2090-01-01T12:00:00Z,-22.5,172.5,2.8945312
2090-01-01T12:00:00Z,-22.5,174.375,2.8551636
2090-01-01T12:00:00Z,-22.5,176.25,2.8380432
2090-01-01T12:00:00Z,-22.5,178.125,2.8114624
2090-01-01T12:00:00Z,-22.5,180.0,2.7705383
2090-01-01T12:00:00Z,-21.25,90.0,2.4002686
2090-01-01T12:00:00Z,-21.25,91.875,2.4055176
2090-01-01T12:00:00Z,-21.25,93.75,2.4043884
2090-01-01T12:00:00Z,-21.25,95.625,2.4169922
2090-01-01T12:00:00Z,-21.25,97.5,2.4596863
2090-01-01T12:00:00Z,-21.25,99.375,2.5220337
2090-01-01T12:00:00Z,-21.25,101.25,2.6176758
2090-01-01T12:00:00Z,-21.25,103.125,2.717926
2090-01-01T12:00:00Z,-21.25,105.0,2.7821655
2090-01-01T12:00:00Z,-21.25,106.875,2.8066406
2090-01-01T12:00:00Z,-21.25,108.75,2.849823
2090-01-01T12:00:00Z,-21.25,110.625,2.9556885
2090-01-01T12:00:00Z,-21.25,112.5,3.1242676
2090-01-01T12:00:00Z,-21.25,114.375,3.5750732
2090-01-01T12:00:00Z,-21.25,116.25,4.820801
2090-01-01T12:00:00Z,-21.25,118.125,5.350769
2090-01-01T12:00:00Z,-21.25,120.0,5.4690247
2090-01-01T12:00:00Z,-21.25,121.875,5.4933777
2090-01-01T12:00:00Z,-21.25,123.75,5.5251465
2090-01-01T12:00:00Z,-21.25,125.625,5.558197
2090-01-01T12:00:00Z,-21.25,127.5,5.4477844
2090-01-01T12:00:00Z,-21.25,129.375,5.3479614
2090-01-01T12:00:00Z,-21.25,131.25,5.312042
2090-01-01T12:00:00Z,-21.25,133.125,5.292572
2090-01-01T12:00:00Z,-21.25,135.0,5.311432
2090-01-01T12:00:00Z,-21.25,136.875,5.247284
2090-01-01T12:00:00Z,-21.25,138.75,5.1369934
2090-01-01T12:00:00Z,-21.25,140.625,4.988037
2090-01-01T12:00:00Z,-21.25,142.5,4.9319153
2090-01-01T12:00:00Z,-21.25,144.375,4.820038
2090-01-01T12:00:00Z,-21.25,146.25,4.6708984
2090-01-01T12:00:00Z,-21.25,148.125,4.2909546
2090-01-01T12:00:00Z,-21.25,150.0,2.9932556
2090-01-01T12:00:00Z,-21.25,151.875,2.9743042
2090-01-01T12:00:00Z,-21.25,153.75,2.9477234
2090-01-01T12:00:00Z,-21.25,155.625,2.902588
2090-01-01T12:00:00Z,-21.25,157.5,2.93042
2090-01-01T12:00:00Z,-21.25,159.375,3.0289001
2090-01-01T12:00:00Z,-21.25,161.25,3.0245056
2090-01-01T12:00:00Z,-21.25,163.125,3.0028687
2090-01-01T12:00:00Z,-21.25,165.0,2.9996948
2090-01-01T12:00:00Z,-21.25,166.875,3.0741272
2090-01-01T12:00:00Z,-21.25,168.75,2.7814941
2090-01-01T12:00:00Z,-21.25,170.625,2.8196716
2090-01-01T12:00:00Z,-21.25,172.5,2.8016357
2090-01-01T12:00:00Z,-21.25,174.375,2.767273
2090-01-01T12:00:00Z,-21.25,176.25,2.7550354
2090-01-01T12:00:00Z,-21.25,178.125,2.7104797
2090-01-01T12:00:00Z,-21.25,180.0,2.6593018
2090-01-01T12:00:00Z,-20.0,90.0,2.586914
2090-01-01T12:00:00Z,-20.0,91.875,2.572998
2090-01-01T12:00:00Z,-20.0,93.75,2.5594482
2090-01-01T12:00:00Z,-20.0,95.625,2.5713196
2090-01-01T12:00:00Z,-20.0,97.5,2.6254883
2090-01-01T12:00:00Z,-20.0,99.375,2.703308
2090-01-01T12:00:00Z,-20.0,101.25,2.792572
2090-01-01T12:00:00Z,-20.0,103.125,2.8651733
2090-01-01T12:00:00Z,-20.0,105.0,2.8613892
2090-01-01T12:00:00Z,-20.0,106.875,2.8560486
2090-01-01T12:00:00Z,-20.0,108.75,2.906128
2090-01-01T12:00:00Z,-20.0,110.625,2.99646
2090-01-01T12:00:00Z,-20.0,112.5,3.1355896
2090-01-01T12:00:00Z,-20.0,114.375,3.385559
2090-01-01T12:00:00Z,-20.0,116.25,3.6389465
2090-01-01T12:00:00Z,-20.0,118.125,3.6811523
2090-01-01T12:00:00Z,-20.0,120.0,4.626343
2090-01-01T12:00:00Z,-20.0,121.875,5.256317
2090-01-01T12:00:00Z,-20.0,123.75,5.3479004
2090-01-01T12:00:00Z,-20.0,125.625,5.3711243
2090-01-01T12:00:00Z,-20.0,127.5,5.273346
2090-01-01T12:00:00Z,-20.0,129.375,5.2309265
2090-01-01T12:00:00Z,-20.0,131.25,5.233612
2090-01-01T12:00:00Z,-20.0,133.125,5.1790466
2090-01-01T12:00:00Z,-20.0,135.0,5.1753845
2090-01-01T12:00:00Z,-20.0,136.875,5.070343
2090-01-01T12:00:00Z,-20.0,138.75,4.881378
2090-01-01T12:00:00Z,-20.0,140.625,4.7013855
2090-01-01T12:00:00Z,-20.0,142.5,4.752289
2090-01-01T12:00:00Z,-20.0,144.375,4.6174316
2090-01-01T12:00:00Z,-20.0,146.25,4.310547
2090-01-01T12:00:00Z,-20.0,148.125,3.3579712
2090-01-01T12:00:00Z,-20.0,150.0,2.9053345
2090-01-01T12:00:00Z,-20.0,151.875,2.9104614
2090-01-01T12:00:00Z,-20.0,153.75,2.8868103
2090-01-01T12:00:00Z,-20.0,155.625,2.8926697
2090-01-01T12:00:00Z,-20.0,157.5,2.9421387
2090-01-01T12:00:00Z,-20.0,159.375,2.9651794
2090-01-01T12:00:00Z,-20.0,161.25,2.9404907
2090-01-01T12:00:00Z,-20.0,163.125,2.8800964
2090-01-01T12:00:00Z,-20.0,165.0,2.8162231
2090-01-01T12:00:00Z,-20.0,166.875,2.7714539
2090-01-01T12:00:00Z,-20.0,168.75,2.7506409
2090-01-01T12:00:00Z,-20.0,170.625,2.7463074
2090-01-01T12:00:00Z,-20.0,172.5,2.7172546
2090-01-01T12:00:00Z,-20.0,174.375,2.6909485
2090-01-01T12:00:00Z,-20.0,176.25,2.6757202
2090-01-01T12:00:00Z,-20.0,178.125,2.6383972
2090-01-01T12:00:00Z,-20.0,180.0,2.601715
2090-01-01T12:00:00Z,-18.75,90.0,2.716034
2090-01-01T12:00:00Z,-18.75,91.875,2.6887512
2090-01-01T12:00:00Z,-18.75,93.75,2.6693115
2090-01-01T12:00:00Z,-18.75,95.625,2.684082
2090-01-01T12:00:00Z,-18.75,97.5,2.753601
2090-01-01T12:00:00Z,-18.75,99.375,2.8418274
2090-01-01T12:00:00Z,-18.75,101.25,2.9183044
2090-01-01T12:00:00Z,-18.75,103.125,2.936554
2090-01-01T12:00:00Z,-18.75,105.0,2.8982544
2090-01-01T12:00:00Z,-18.75,106.875,2.911499
2090-01-01T12:00:00Z,-18.75,108.75,2.9633484
2090-01-01T12:00:00Z,-18.75,110.625,3.0310364
2090-01-01T12:00:00Z,-18.75,112.5,3.1292114
2090-01-01T12:00:00Z,-18.75,114.375,3.298462
2090-01-01T12:00:00Z,-18.75,116.25,3.438324
2090-01-01T12:00:00Z,-18.75,118.125,3.5168762
2090-01-01T12:00:00Z,-18.75,120.0,3.6145935
2090-01-01T12:00:00Z,-18.75,121.875,4.3661194
2090-01-01T12:00:00Z,-18.75,123.75,5.0719604
2090-01-01T12:00:00Z,-18.75,125.625,5.069397
2090-01-01T12:00:00Z,-18.75,127.5,5.027191
2090-01-01T12:00:00Z,-18.75,129.375,5.1175537
2090-01-01T12:00:00Z,-18.75,131.25,5.1717834
2090-01-01T12:00:00Z,-18.75,133.125,5.0157166
2090-01-01T12:00:00Z,-18.75,135.0,4.8691406
2090-01-01T12:00:00Z,-18.75,136.875,4.7406006
2090-01-01T12:00:00Z,-18.75,138.75,4.6343384
2090-01-01T12:00:00Z,-18.75,140.625,4.4570312
2090-01-01T12:00:00Z,-18.75,142.5,4.5273743
2090-01-01T12:00:00Z,-18.75,144.375,4.321045
2090-01-01T12:00:00Z,-18.75,146.25,3.4719849
2090-01-01T12:00:00Z,-18.75,148.125,2.8905334
2090-01-01T12:00:00Z,-18.75,150.0,2.8694153
2090-01-01T12:00:00Z,-18.75,151.875,2.8604736
2090-01-01T12:00:00Z,-18.75,153.75,2.86026
2090-01-01T12:00:00Z,-18.75,155.625,2.8862915
2090-01-01T12:00:00Z,-18.75,157.5,2.8867188
2090-01-01T12:00:00Z,-18.75,159.375,2.8779602
2090-01-01T12:00:00Z,-18.75,161.25,2.841217
2090-01-01T12:00:00Z,-18.75,163.125,2.7742004
2090-01-01T12:00:00Z,-18.75,165.0,2.7344055
2090-01-01T12:00:00Z,-18.75,166.875,2.7340088
2090-01-01T12:00:00Z,-18.75,168.75,2.7338562
2090-01-01T12:00:00Z,-18.75,170.625,2.6911926
2090-01-01T12:00:00Z,-18.75,172.5,2.6524658
2090-01-01T12:00:00Z,-18.75,174.375,2.6272583
2090-01-01T12:00:00Z,-18.75,176.25,2.6130981
2090-01-01T12:00:00Z,-18.75,178.125,2.6290283
2090-01-01T12:00:00Z,-18.75,180.0,2.5743713
2090-01-01T12:00:00Z,-17.5,90.0,2.7779236
2090-01-01T12:00:00Z,-17.5,91.875,2.7536926
2090-01-01T12:00:00Z,-17.5,93.75,2.7453918
2090-01-01T12:00:00Z,-17.5,95.625,2.775879
2090-01-01T12:00:00Z,-17.5,97.5,2.8511658
2090-01-01T12:00:00Z,-17.5,99.375,2.9351196
2090-01-01T12:00:00Z,-17.5,101.25,2.9719238
2090-01-01T12:00:00Z,-17.5,103.125,2.9452515
2090-01-01T12:00:00Z,-17.5,105.0,2.9256897
2090-01-01T12:00:00Z,-17.5,106.875,2.9710083
2090-01-01T12:00:00Z,-17.5,108.75,3.0318298
2090-01-01T12:00:00Z,-17.5,110.625,3.0722961
2090-01-01T12:00:00Z,-17.5,112.5,3.1472778
2090-01-01T12:00:00Z,-17.5,114.375,3.2452393
2090-01-01T12:00:00Z,-17.5,116.25,3.34198
2090-01-01T12:00:00Z,-17.5,118.125,3.4274902
2090-01-01T12:00:00Z,-17.5,120.0,3.5359192
2090-01-01T12:00:00Z,-17.5,121.875,4.061554
2090-01-01T12:00:00Z,-17.5,123.75,4.724823
2090-01-01T12:00:00Z,-17.5,125.625,4.705719
2090-01-01T12:00:00Z,-17.5,127.5,4.805664
2090-01-01T12:00:00Z,-17.5,129.375,4.9557495
2090-01-01T12:00:00Z,-17.5,131.25,4.9499207
2090-01-01T12:00:00Z,-17.5,133.125,4.779175
2090-01-01T12:00:00Z,-17.5,135.0,4.641449
2090-01-01T12:00:00Z,-17.5,136.875,4.5393677
2090-01-01T12:00:00Z,-17.5,138.75,4.226898
2090-01-01T12:00:00Z,-17.5,140.625,4.0149536
2090-01-01T12:00:00Z,-17.5,142.5,4.32547
2090-01-01T12:00:00Z,-17.5,144.375,3.9782715
2090-01-01T12:00:00Z,-17.5,146.25,3.1766663
2090-01-01T12:00:00Z,-17.5,148.125,2.8391418
2090-01-01T12:00:00Z,-17.5,150.0,2.848999
2090-01-01T12:00:00Z,-17.5,151.875,2.843811
2090-01-01T12:00:00Z,-17.5,153.75,2.8433533
2090-01-01T12:00:00Z,-17.5,155.625,2.8381348
2090-01-01T12:00:00Z,-17.5,157.5,2.8158264
2090-01-01T12:00:00Z,-17.5,159.375,2.7989197
2090-01-01T12:00:00Z,-17.5,161.25,2.7722168
2090-01-01T12:00:00Z,-17.5,163.125,2.7345886
2090-01-01T12:00:00Z,-17.5,165.0,2.7208252
2090-01-01T12:00:00Z,-17.5,166.875,2.7135925
2090-01-01T12:00:00Z,-17.5,168.75,2.6958008
2090-01-01T12:00:00Z,-17.5,170.625,2.6399841
2090-01-01T12:00:00Z,-17.5,172.5,2.6070251
2090-01-01T12:00:00Z,-17.5,174.375,2.6335144
2090-01-01T12:00:00Z,-17.5,176.25,2.7726746
2090-01-01T12:00:00Z,-17.5,178.125,2.9452515
2090-01-01T12:00:00Z,-17.5,180.0,2.5162964
2090-01-01T12:00:00Z,-16.25,90.0,2.8167114
2090-01-01T12:00:00Z,-16.25,91.875,2.811676
2090-01-01T12:00:00Z,-16.25,93.75,2.8286133
2090-01-01T12:00:00Z,-16.25,95.625,2.878357
2090-01-01T12:00:00Z,-16.25,97.5,2.9412842
2090-01-01T12:00:00Z,-16.25,99.375,2.9777832
2090-01-01T12:00:00Z,-16.25,101.25,2.977478
2090-01-01T12:00:00Z,-16.25,103.125,2.9620972
2090-01-01T12:00:00Z,-16.25,105.0,2.9814148
2090-01-01T12:00:00Z,-16.25,106.875,3.0534973
2090-01-01T12:00:00Z,-16.25,108.75,3.102234
2090-01-01T12:00:00Z,-16.25,110.625,3.1239014
2090-01-01T12:00:00Z,-16.25,112.5,3.1693115
2090-01-01T12:00:00Z,-16.25,114.375,3.2291565
2090-01-01T12:00:00Z,-16.25,116.25,3.3106995
2090-01-01T12:00:00Z,-16.25,118.125,3.4135132
2090-01-01T12:00:00Z,-16.25,120.0,3.5117493
2090-01-01T12:00:00Z,-16.25,121.875,3.4964905
2090-01-01T12:00:00Z,-16.25,123.75,3.8922424
2090-01-01T12:00:00Z,-16.25,125.625,4.463318
2090-01-01T12:00:00Z,-16.25,127.5,4.622101
2090-01-01T12:00:00Z,-16.25,129.375,4.5894775
2090-01-01T12:00:00Z,-16.25,131.25,4.659485
2090-01-01T12:00:00Z,-16.25,133.125,4.5712585
2090-01-01T12:00:00Z,-16.25,135.0,4.610199
2090-01-01T12:00:00Z,-16.25,136.875,4.2535095
2090-01-01T12:00:00Z,-16.25,138.75,3.4172058
2090-01-01T12:00:00Z,-16.25,140.625,3.6862183
2090-01-01T12:00:00Z,-16.25,142.5,4.080261
2090-01-01T12:00:00Z,-16.25,144.375,3.4917297
2090-01-01T12:00:00Z,-16.25,146.25,2.885498
2090-01-01T12:00:00Z,-16.25,148.125,2.8331604
2090-01-01T12:00:00Z,-16.25,150.0,2.841919
2090-01-01T12:00:00Z,-16.25,151.875,2.8252563
2090-01-01T12:00:00Z,-16.25,153.75,2.812378
2090-01-01T12:00:00Z,-16.25,155.625,2.8006897
2090-01-01T12:00:00Z,-16.25,157.5,2.7876587
2090-01-01T12:00:00Z,-16.25,159.375,2.772583
2090-01-01T12:00:00Z,-16.25,161.25,2.7591248
2090-01-01T12:00:00Z,-16.25,163.125,2.7568665
2090-01-01T12:00:00Z,-16.25,165.0,2.8135376
2090-01-01T12:00:00Z,-16.25,166.875,2.9813232
2090-01-01T12:00:00Z,-16.25,168.75,2.7182922
2090-01-01T12:00:00Z,-16.25,170.625,2.6113281
2090-01-01T12:00:00Z,-16.25,172.5,2.592682
2090-01-01T12:00:00Z,-16.25,174.375,2.618866
2090-01-01T12:00:00Z,-16.25,176.25,2.685028
2090-01-01T12:00:00Z,-16.25,178.125,2.721344
2090-01-01T12:00:00Z,-16.25,180.0,2.8069763
2090-01-01T12:00:00Z,-15.0,90.0,2.898346
2090-01-01T12:00:00Z,-15.0,91.875,2.9125671
2090-01-01T12:00:00Z,-15.0,93.75,2.9437256
2090-01-01T12:00:00Z,-15.0,95.625,2.9812622
2090-01-01T12:00:00Z,-15.0,97.5,3.0164795
2090-01-01T12:00:00Z,-15.0,99.375,3.032196
2090-01-01T12:00:00Z,-15.0,101.25,3.0280151
2090-01-01T12:00:00Z,-15.0,103.125,3.043213
2090-01-01T12:00:00Z,-15.0,105.0,3.0813904
2090-01-01T12:00:00Z,-15.0,106.875,3.13266
2090-01-01T12:00:00Z,-15.0,108.75,3.159729
2090-01-01T12:00:00Z,-15.0,110.625,3.1718445
2090-01-01T12:00:00Z,-15.0,112.5,3.1949158
2090-01-01T12:00:00Z,-15.0,114.375,3.2438965
2090-01-01T12:00:00Z,-15.0,116.25,3.3210754
2090-01-01T12:00:00Z,-15.0,118.125,3.413147
2090-01-01T12:00:00Z,-15.0,120.0,3.4734497
2090-01-01T12:00:00Z,-15.0,121.875,3.418335
2090-01-01T12:00:00Z,-15.0,123.75,3.381897
2090-01-01T12:00:00Z,-15.0,125.625,4.2272034
2090-01-01T12:00:00Z,-15.0,127.5,4.4378357
2090-01-01T12:00:00Z,-15.0,129.375,4.2432556
2090-01-01T12:00:00Z,-15.0,131.25,4.4971924
2090-01-01T12:00:00Z,-15.0,133.125,4.4560547
2090-01-01T12:00:00Z,-15.0,135.0,4.440857
2090-01-01T12:00:00Z,-15.0,136.875,3.2620544
2090-01-01T12:00:00Z,-15.0,138.75,3.1937866
2090-01-01T12:00:00Z,-15.0,140.625,3.2788086
2090-01-01T12:00:00Z,-15.0,142.5,3.709076
2090-01-01T12:00:00Z,-15.0,144.375,3.352539
2090-01-01T12:00:00Z,-15.0,146.25,2.8170776
2090-01-01T12:00:00Z,-15.0,148.125,2.832367
2090-01-01T12:00:00Z,-15.0,150.0,2.8297424
2090-01-01T12:00:00Z,-15.0,151.875,2.8185425
2090-01-01T12:00:00Z,-15.0,153.75,2.8062744
2090-01-01T12:00:00Z,-15.0,155.625,2.7966003
2090-01-01T12:00:00Z,-15.0,157.5,2.7842712
2090-01-01T12:00:00Z,-15.0,159.375,2.7630615
2090-01-01T12:00:00Z,-15.0,161.25,2.751648
2090-01-01T12:00:00Z,-15.0,163.125,2.746582
2090-01-01T12:00:00Z,-15.0,165.0,2.757904
2090-01-01T12:00:00Z,-15.0,166.875,2.7291565
2090-01-01T12:00:00Z,-15.0,168.75,2.663391
2090-01-01T12:00:00Z,-15.0,170.625,2.6283264
2090-01-01T12:00:00Z,-15.0,172.5,2.6159973
2090-01-01T12:00:00Z,-15.0,174.375,2.6220093
2090-01-01T12:00:00Z,-15.0,176.25,2.6450195
2090-01-01T12:00:00Z,-15.0,178.125,2.6550903
2090-01-01T12:00:00Z,-15.0,180.0,2.6617737
2090-01-01T12:00:00Z,-13.75,90.0,3.0170593
2090-01-01T12:00:00Z,-13.75,91.875,3.027832
2090-01-01T12:00:00Z,-13.75,93.75,3.0482178
2090-01-01T12:00:00Z,-13.75,95.625,3.0687256
2090-01-01T12:00:00Z,-13.75,97.5,3.0899963
2090-01-01T12:00:00Z,-13.75,99.375,3.102295
2090-01-01T12:00:00Z,-13.75,101.25,3.1028442
2090-01-01T12:00:00Z,-13.75,103.125,3.1179504
2090-01-01T12:00:00Z,-13.75,105.0,3.1462097
2090-01-01T12:00:00Z,-13.75,106.875,3.1767273
2090-01-01T12:00:00Z,-13.75,108.75,3.1932068
2090-01-01T12:00:00Z,-13.75,110.625,3.2141724
2090-01-01T12:00:00Z,-13.75,112.5,3.2390137
2090-01-01T12:00:00Z,-13.75,114.375,3.2763977
2090-01-01T12:00:00Z,-13.75,116.25,3.3381348
2090-01-01T12:00:00Z,-13.75,118.125,3.390442
2090-01-01T12:00:00Z,-13.75,120.0,3.4129944
2090-01-01T12:00:00Z,-13.75,121.875,3.359375
2090-01-01T12:00:00Z,-13.75,123.75,3.275055
2090-01-01T12:00:00Z,-13.75,125.625,3.4349976
2090-01-01T12:00:00Z,-13.75,127.5,3.7673645
2090-01-01T12:00:00Z,-13.75,129.375,3.660614
2090-01-01T12:00:00Z,-13.75,131.25,4.4657593
2090-01-01T12:00:00Z,-13.75,133.125,4.37796
2090-01-01T12:00:00Z,-13.75,135.0,4.247589
2090-01-01T12:00:00Z,-13.75,136.875,3.1282654
2090-01-01T12:00:00Z,-13.75,138.75,3.0629578
2090-01-01T12:00:00Z,-13.75,140.625,3.1429138
2090-01-01T12:00:00Z,-13.75,142.5,3.3365784
2090-01-01T12:00:00Z,-13.75,144.375,2.9543152
2090-01-01T12:00:00Z,-13.75,146.25,2.8008423
2090-01-01T12:00:00Z,-13.75,148.125,2.8371887
2090-01-01T12:00:00Z,-13.75,150.0,2.8344727
2090-01-01T12:00:00Z,-13.75,151.875,2.825714
2090-01-01T12:00:00Z,-13.75,153.75,2.8177795
2090-01-01T12:00:00Z,-13.75,155.625,2.8104553
2090-01-01T12:00:00Z,-13.75,157.5,2.7947998
2090-01-01T12:00:00Z,-13.75,159.375,2.776245
2090-01-01T12:00:00Z,-13.75,161.25,2.763794
2090-01-01T12:00:00Z,-13.75,163.125,2.7474365
2090-01-01T12:00:00Z,-13.75,165.0,2.7368774
2090-01-01T12:00:00Z,-13.75,166.875,2.7158813
2090-01-01T12:00:00Z,-13.75,168.75,2.694519
2090-01-01T12:00:00Z,-13.75,170.625,2.6779175
2090-01-01T12:00:00Z,-13.75,172.5,2.672943
2090-01-01T12:00:00Z,-13.75,174.375,2.6746826
2090-01-01T12:00:00Z,-13.75,176.25,2.6811523
2090-01-01T12:00:00Z,-13.75,178.125,2.693695
2090-01-01T12:00:00Z,-13.75,180.0,2.706421
2090-01-01T12:00:00Z,-12.5,90.0,3.1080933
2090-01-01T12:00:00Z,-12.5,91.875,3.1104126
2090-01-01T12:00:00Z,-12.5,93.75,3.1143188
2090-01-01T12:00:00Z,-12.5,95.625,3.1275635
2090-01-01T12:00:00Z,-12.5,97.5,3.1365662
2090-01-01T12:00:00Z,-12.5,99.375,3.1431274
2090-01-01T12:00:00Z,-12.5,101.25,3.147522
2090-01-01T12:00:00Z,-12.5,103.125,3.1545105
2090-01-01T12:00:00Z,-12.5,105.0,3.1734009
2090-01-01T12:00:00Z,-12.5,106.875,3.1868896
2090-01-01T12:00:00Z,-12.5,108.75,3.1957092
2090-01-01T12:00:00Z,-12.5,110.625,3.2184448
2090-01-01T12:00:00Z,-12.5,112.5,3.2350159
2090-01-01T12:00:00Z,-12.5,114.375,3.255005
2090-01-01T12:00:00Z,-12.5,116.25,3.2615051
2090-01-01T12:00:00Z,-12.5,118.125,3.2461243
2090-01-01T12:00:00Z,-12.5,120.0,3.1962585
2090-01-01T12:00:00Z,-12.5,121.875,3.1296082
2090-01-01T12:00:00Z,-12.5,123.75,3.056488
2090-01-01T12:00:00Z,-12.5,125.625,3.034027
2090-01-01T12:00:00Z,-12.5,127.5,3.045227
2090-01-01T12:00:00Z,-12.5,129.375,3.1593933
2090-01-01T12:00:00Z,-12.5,131.25,4.109192
2090-01-01T12:00:00Z,-12.5,133.125,4.371216
2090-01-01T12:00:00Z,-12.5,135.0,3.9518738
2090-01-01T12:00:00Z,-12.5,136.875,3.4990845
2090-01-01T12:00:00Z,-12.5,138.75,2.9682312
2090-01-01T12:00:00Z,-12.5,140.625,3.0229492
2090-01-01T12:00:00Z,-12.5,142.5,3.169464
2090-01-01T12:00:00Z,-12.5,144.375,2.7836304
2090-01-01T12:00:00Z,-12.5,146.25,2.8091736
2090-01-01T12:00:00Z,-12.5,148.125,2.837677
2090-01-01T12:00:00Z,-12.5,150.0,2.8385315
2090-01-01T12:00:00Z,-12.5,151.875,2.8466797
2090-01-01T12:00:00Z,-12.5,153.75,2.8359985
2090-01-01T12:00:00Z,-12.5,155.625,2.842163
2090-01-01T12:00:00Z,-12.5,157.5,2.8337708
2090-01-01T12:00:00Z,-12.5,159.375,2.8163147
2090-01-01T12:00:00Z,-12.5,161.25,2.8041687
2090-01-01T12:00:00Z,-12.5,163.125,2.7802734
2090-01-01T12:00:00Z,-12.5,165.0,2.764801
2090-01-01T12:00:00Z,-12.5,166.875,2.7592468
2090-01-01T12:00:00Z,-12.5,168.75,2.7558289
2090-01-01T12:00:00Z,-12.5,170.625,2.7502747
2090-01-01T12:00:00Z,-12.5,172.5,2.7503967
2090-01-01T12:00:00Z,-12.5,174.375,2.7567139
2090-01-01T12:00:00Z,-12.5,176.25,2.7713623
2090-01-01T12:00:00Z,-12.5,178.125,2.7874146
2090-01-01T12:00:00Z,-12.5,180.0,2.795105
2090-01-01T12:00:00Z,-11.25,90.0,3.1568298
2090-01-01T12:00:00Z,-11.25,91.875,3.1502686
2090-01-01T12:00:00Z,-11.25,93.75,3.1448975
2090-01-01T12:00:00Z,-11.25,95.625,3.140808
2090-01-01T12:00:00Z,-11.25,97.5,3.1419678
2090-01-01T12:00:00Z,-11.25,99.375,3.1470947
2090-01-01T12:00:00Z,-11.25,101.25,3.1550598
2090-01-01T12:00:00Z,-11.25,103.125,3.168213
2090-01-01T12:00:00Z,-11.25,105.0,3.1704407
2090-01-01T12:00:00Z,-11.25,106.875,3.1748962
2090-01-01T12:00:00Z,-11.25,108.75,3.1804504
2090-01-01T12:00:00Z,-11.25,110.625,3.17807
2090-01-01T12:00:00Z,-11.25,112.5,3.1792908
2090-01-01T12:00:00Z,-11.25,114.375,3.1614075
2090-01-01T12:00:00Z,-11.25,116.25,3.1247253
2090-01-01T12:00:00Z,-11.25,118.125,3.0610046
2090-01-01T12:00:00Z,-11.25,120.0,3.0238647
2090-01-01T12:00:00Z,-11.25,121.875,2.995636
2090-01-01T12:00:00Z,-11.25,123.75,2.9515076
2090-01-01T12:00:00Z,-11.25,125.625,2.8871765
2090-01-01T12:00:00Z,-11.25,127.5,2.895752
2090-01-01T12:00:00Z,-11.25,129.375,2.9708862
2090-01-01T12:00:00Z,-11.25,131.25,3.401123
2090-01-01T12:00:00Z,-11.25,133.125,3.3493652
2090-01-01T12:00:00Z,-11.25,135.0,2.9103699
2090-01-01T12:00:00Z,-11.25,136.875,2.8704834
2090-01-01T12:00:00Z,-11.25,138.75,2.8610535
2090-01-01T12:00:00Z,-11.25,140.625,2.8893738
2090-01-01T12:00:00Z,-11.25,142.5,3.152771
2090-01-01T12:00:00Z,-11.25,144.375,2.7884827
2090-01-01T12:00:00Z,-11.25,146.25,2.8072205
2090-01-01T12:00:00Z,-11.25,148.125,2.8092957
2090-01-01T12:00:00Z,-11.25,150.0,2.8248901
2090-01-01T12:00:00Z,-11.25,151.875,2.8503723
2090-01-01T12:00:00Z,-11.25,153.75,2.8517761
2090-01-01T12:00:00Z,-11.25,155.625,2.8742065
2090-01-01T12:00:00Z,-11.25,157.5,2.8766174
2090-01-01T12:00:00Z,-11.25,159.375,2.8582458
2090-01-01T12:00:00Z,-11.25,161.25,2.8493652
2090-01-01T12:00:00Z,-11.25,163.125,2.8344116
2090-01-01T12:00:00Z,-11.25,165.0,2.8217468
2090-01-01T12:00:00Z,-11.25,166.875,2.8226318
2090-01-01T12:00:00Z,-11.25,168.75,2.8254395
2090-01-01T12:00:00Z,-11.25,170.625,2.8267517
2090-01-01T12:00:00Z,-11.25,172.5,2.8319702
2090-01-01T12:00:00Z,-11.25,174.375,2.8364563
2090-01-01T12:00:00Z,-11.25,176.25,2.8508606
2090-01-01T12:00:00Z,-11.25,178.125,2.8659058
2090-01-01T12:00:00Z,-11.25,180.0,2.876892
2090-01-01T12:00:00Z,-10.0,90.0,3.194519
2090-01-01T12:00:00Z,-10.0,91.875,3.1828918
2090-01-01T12:00:00Z,-10.0,93.75,3.1676025
2090-01-01T12:00:00Z,-10.0,95.625,3.1470642
2090-01-01T12:00:00Z,-10.0,97.5,3.1326294
2090-01-01T12:00:00Z,-10.0,99.375,3.1280518
2090-01-01T12:00:00Z,-10.0,101.25,3.1319275
2090-01-01T12:00:00Z,-10.0,103.125,3.1412964
2090-01-01T12:00:00Z,-10.0,105.0,3.1384583
2090-01-01T12:00:00Z,-10.0,106.875,3.130066
2090-01-01T12:00:00Z,-10.0,108.75,3.1189575
2090-01-01T12:00:00Z,-10.0,110.625,3.0981445
2090-01-01T12:00:00Z,-10.0,112.5,3.0695496
2090-01-01T12:00:00Z,-10.0,114.375,3.0481567
2090-01-01T12:00:00Z,-10.0,116.25,3.0679932
2090-01-01T12:00:00Z,-10.0,118.125,3.18219
2090-01-01T12:00:00Z,-10.0,120.0,3.7062988
2090-01-01T12:00:00Z,-10.0,121.875,3.1985168
2090-01-01T12:00:00Z,-10.0,123.75,3.7051392
2090-01-01T12:00:00Z,-10.0,125.625,3.0732727
2090-01-01T12:00:00Z,-10.0,127.5,2.8633728
2090-01-01T12:00:00Z,-10.0,129.375,2.8492737
2090-01-01T12:00:00Z,-10.0,131.25,2.8536682
2090-01-01T12:00:00Z,-10.0,133.125,2.8265686
2090-01-01T12:00:00Z,-10.0,135.0,2.7833557
2090-01-01T12:00:00Z,-10.0,136.875,2.7625427
2090-01-01T12:00:00Z,-10.0,138.75,2.729248
2090-01-01T12:00:00Z,-10.0,140.625,2.7303772
2090-01-01T12:00:00Z,-10.0,142.5,2.7788696
2090-01-01T12:00:00Z,-10.0,144.375,2.7723694
2090-01-01T12:00:00Z,-10.0,146.25,2.862732
2090-01-01T12:00:00Z,-10.0,148.125,3.3034973
2090-01-01T12:00:00Z,-10.0,150.0,3.3938904
2090-01-01T12:00:00Z,-10.0,151.875,2.8258057
2090-01-01T12:00:00Z,-10.0,153.75,2.873352
2090-01-01T12:00:00Z,-10.0,155.625,2.9230347
2090-01-01T12:00:00Z,-10.0,157.5,2.936737
2090-01-01T12:00:00Z,-10.0,159.375,2.9837952
2090-01-01T12:00:00Z,-10.0,161.25,3.0481873
2090-01-01T12:00:00Z,-10.0,163.125,2.897461
2090-01-01T12:00:00Z,-10.0,165.0,2.9048462
2090-01-01T12:00:00Z,-10.0,166.875,2.9076843
2090-01-01T12:00:00Z,-10.0,168.75,2.9100342
2090-01-01T12:00:00Z,-10.0,170.625,2.9160156
2090-01-01T12:00:00Z,-10.0,172.5,2.925354
2090-01-01T12:00:00Z,-10.0,174.375,2.92099
2090-01-01T12:00:00Z,-10.0,176.25,2.930664
2090-01-01T12:00:00Z,-10.0,178.125,2.937622
2090-01-01T12:00:00Z,-10.0,180.0,2.9486084
2090-01-01T12:00:00Z,-8.75,90.0,3.212555
2090-01-01T12:00:00Z,-8.75,91.875,3.1954346
2090-01-01T12:00:00Z,-8.75,93.75,3.1710205
2090-01-01T12:00:00Z,-8.75,95.625,3.1424255
2090-01-01T12:00:00Z,-8.75,97.5,3.1178894
2090-01-01T12:00:00Z,-8.75,99.375,3.103424
2090-01-01T12:00:00Z,-8.75,101.25,3.102417
2090-01-01T12:00:00Z,-8.75,103.125,3.1047363
2090-01-01T12:00:00Z,-8.75,105.0,3.1025085
2090-01-01T12:00:00Z,-8.75,106.875,3.0784912
2090-01-01T12:00:00Z,-8.75,108.75,3.058075
2090-01-01T12:00:00Z,-8.75,110.625,3.1650696
2090-01-01T12:00:00Z,-8.75,112.5,3.4114075
2090-01-01T12:00:00Z,-8.75,114.375,3.5133667
2090-01-01T12:00:00Z,-8.75,116.25,3.36026
2090-01-01T12:00:00Z,-8.75,118.125,4.009186
2090-01-01T12:00:00Z,-8.75,120.0,3.580841
2090-01-01T12:00:00Z,-8.75,121.875,3.478119
2090-01-01T12:00:00Z,-8.75,123.75,3.1929626
2090-01-01T12:00:00Z,-8.75,125.625,3.6114197
2090-01-01T12:00:00Z,-8.75,127.5,2.9942932
2090-01-01T12:00:00Z,-8.75,129.375,2.8523254
2090-01-01T12:00:00Z,-8.75,131.25,2.836792
2090-01-01T12:00:00Z,-8.75,133.125,2.8290405
2090-01-01T12:00:00Z,-8.75,135.0,2.7698364
2090-01-01T12:00:00Z,-8.75,136.875,2.7644653
2090-01-01T12:00:00Z,-8.75,138.75,3.0664978
2090-01-01T12:00:00Z,-8.75,140.625,3.4148865
2090-01-01T12:00:00Z,-8.75,142.5,3.3468628
2090-01-01T12:00:00Z,-8.75,144.375,2.700653
2090-01-01T12:00:00Z,-8.75,146.25,3.234558
2090-01-01T12:00:00Z,-8.75,148.125,3.518921
2090-01-01T12:00:00Z,-8.75,150.0,2.9818726
2090-01-01T12:00:00Z,-8.75,151.875,2.8537903
2090-01-01T12:00:00Z,-8.75,153.75,2.9490662
2090-01-01T12:00:00Z,-8.75,155.625,2.999878
2090-01-01T12:00:00Z,-8.75,157.5,3.1471863
2090-01-01T12:00:00Z,-8.75,159.375,3.1845703
2090-01-01T12:00:00Z,-8.75,161.25,3.0135193
2090-01-01T12:00:00Z,-8.75,163.125,2.9809265
2090-01-01T12:00:00Z,-8.75,165.0,2.9847717
2090-01-01T12:00:00Z,-8.75,166.875,2.9901123
2090-01-01T12:00:00Z,-8.75,168.75,2.99411
2090-01-01T12:00:00Z,-8.75,170.625,2.9980774
2090-01-01T12:00:00Z,-8.75,172.5,3.0019226
2090-01-01T12:00:00Z,-8.75,174.375,2.9993286
2090-01-01T12:00:00Z,-8.75,176.25,3.0080872
2090-01-01T12:00:00Z,-8.75,178.125,3.0118103
2090-01-01T12:00:00Z,-8.75,180.0,3.0184937
2090-01-01T12:00:00Z,-7.5,90.0,3.203308
2090-01-01T12:00:00Z,-7.5,91.875,3.1787415
2090-01-01T12:00:00Z,-7.5,93.75,3.146637
2090-01-01T12:00:00Z,-7.5,95.625,3.1142883
2090-01-01T12:00:00Z,-7.5,97.5,3.0851746
2090-01-01T12:00:00Z,-7.5,99.375,3.0636902
2090-01-01T12:00:00Z,-7.5,101.25,3.0427246
2090-01-01T12:00:00Z,-7.5,103.125,3.0210876
2090-01-01T12:00:00Z,-7.5,105.0,3.0351562
2090-01-01T12:00:00Z,-7.5,106.875,3.5131836
2090-01-01T12:00:00Z,-7.5,108.75,3.8122253
2090-01-01T12:00:00Z,-7.5,110.625,4.267639
2090-01-01T12:00:00Z,-7.5,112.5,4.2729187
2090-01-01T12:00:00Z,-7.5,114.375,3.4785156
2090-01-01T12:00:00Z,-7.5,116.25,3.1619568
2090-01-01T12:00:00Z,-7.5,118.125,3.0753784
2090-01-01T12:00:00Z,-7.5,120.0,3.067627
2090-01-01T12:00:00Z,-7.5,121.875,3.0395508
2090-01-01T12:00:00Z,-7.5,123.75,3.0241394
2090-01-01T12:00:00Z,-7.5,125.625,3.143982
2090-01-01T12:00:00Z,-7.5,127.5,3.022644
2090-01-01T12:00:00Z,-7.5,129.375,2.9743347
2090-01-01T12:00:00Z,-7.5,131.25,3.4528198
2090-01-01T12:00:00Z,-7.5,133.125,2.8571167
2090-01-01T12:00:00Z,-7.5,135.0,2.840332
2090-01-01T12:00:00Z,-7.5,136.875,3.0104065
2090-01-01T12:00:00Z,-7.5,138.75,4.041626
2090-01-01T12:00:00Z,-7.5,140.625,4.253479
2090-01-01T12:00:00Z,-7.5,142.5,4.0863953
2090-01-01T12:00:00Z,-7.5,144.375,3.9267578
2090-01-01T12:00:00Z,-7.5,146.25,4.039673
2090-01-01T12:00:00Z,-7.5,148.125,3.2486877
2090-01-01T12:00:00Z,-7.5,150.0,2.9079895
2090-01-01T12:00:00Z,-7.5,151.875,2.9456482
2090-01-01T12:00:00Z,-7.5,153.75,3.0010376
2090-01-01T12:00:00Z,-7.5,155.625,3.0236206
2090-01-01T12:00:00Z,-7.5,157.5,3.1506653
2090-01-01T12:00:00Z,-7.5,159.375,3.1362
2090-01-01T12:00:00Z,-7.5,161.25,3.0288696
2090-01-01T12:00:00Z,-7.5,163.125,3.0254822
2090-01-01T12:00:00Z,-7.5,165.0,3.0327148
2090-01-01T12:00:00Z,-7.5,166.875,3.039795
2090-01-01T12:00:00Z,-7.5,168.75,3.045044
2090-01-01T12:00:00Z,-7.5,170.625,3.0415955
2090-01-01T12:00:00Z,-7.5,172.5,3.0550537
2090-01-01T12:00:00Z,-7.5,174.375,3.0577087
2090-01-01T12:00:00Z,-7.5,176.25,3.0651855
2090-01-01T12:00:00Z,-7.5,178.125,3.0721436
2090-01-01T12:00:00Z,-7.5,180.0,3.076233
2090-01-01T12:00:00Z,-6.25,90.0,3.1844482
2090-01-01T12:00:00Z,-6.25,91.875,3.1541443
2090-01-01T12:00:00Z,-6.25,93.75,3.11792
2090-01-01T12:00:00Z,-6.25,95.625,3.085022
2090-01-01T12:00:00Z,-6.25,97.5,3.0579834
2090-01-01T12:00:00Z,-6.25,99.375,3.028778
2090-01-01T12:00:00Z,-6.25,101.25,2.9953613
2090-01-01T12:00:00Z,-6.25,103.125,2.963379
2090-01-01T12:00:00Z,-6.25,105.0,3.272461
2090-01-01T12:00:00Z,-6.25,106.875,4.4023438
2090-01-01T12:00:00Z,-6.25,108.75,3.536377
2090-01-01T12:00:00Z,-6.25,110.625,3.297882
2090-01-01T12:00:00Z,-6.25,112.5,3.209961
2090-01-01T12:00:00Z,-6.25,114.375,3.083191
2090-01-01T12:00:00Z,-6.25,116.25,3.0665588
2090-01-01T12:00:00Z,-6.25,118.125,2.9945679
2090-01-01T12:00:00Z,-6.25,120.0,3.0157166
2090-01-01T12:00:00Z,-6.25,121.875,2.9926453
2090-01-01T12:00:00Z,-6.25,123.75,2.9881897
2090-01-01T12:00:00Z,-6.25,125.625,2.959198
2090-01-01T12:00:00Z,-6.25,127.5,2.9300842
2090-01-01T12:00:00Z,-6.25,129.375,2.9703674
2090-01-01T12:00:00Z,-6.25,131.25,2.982788
2090-01-01T12:00:00Z,-6.25,133.125,2.9309387
2090-01-01T12:00:00Z,-6.25,135.0,3.353302
2090-01-01T12:00:00Z,-6.25,136.875,3.0235596
2090-01-01T12:00:00Z,-6.25,138.75,4.03006
2090-01-01T12:00:00Z,-6.25,140.625,4.336212
2090-01-01T12:00:00Z,-6.25,142.5,4.0905457
2090-01-01T12:00:00Z,-6.25,144.375,3.8203735
2090-01-01T12:00:00Z,-6.25,146.25,3.846405
2090-01-01T12:00:00Z,-6.25,148.125,2.89563
2090-01-01T12:00:00Z,-6.25,150.0,3.3651428
2090-01-01T12:00:00Z,-6.25,151.875,3.007904
2090-01-01T12:00:00Z,-6.25,153.75,3.057312
2090-01-01T12:00:00Z,-6.25,155.625,3.3795776
2090-01-01T12:00:00Z,-6.25,157.5,3.0699768
2090-01-01T12:00:00Z,-6.25,159.375,3.0462036
2090-01-01T12:00:00Z,-6.25,161.25,3.0267334
2090-01-01T12:00:00Z,-6.25,163.125,3.0386353
2090-01-01T12:00:00Z,-6.25,165.0,3.052887
2090-01-01T12:00:00Z,-6.25,166.875,3.0679016
2090-01-01T12:00:00Z,-6.25,168.75,3.0790405
2090-01-01T12:00:00Z,-6.25,170.625,3.089569
2090-01-01T12:00:00Z,-6.25,172.5,3.0977173
2090-01-01T12:00:00Z,-6.25,174.375,3.1036682
2090-01-01T12:00:00Z,-6.25,176.25,3.1184692
2090-01-01T12:00:00Z,-6.25,178.125,3.1257324
2090-01-01T12:00:00Z,-6.25,180.0,3.1325989
2090-01-01T12:00:00Z,-5.0,90.0,3.1510925
2090-01-01T12:00:00Z,-5.0,91.875,3.120575
2090-01-01T12:00:00Z,-5.0,93.75,3.0834045
2090-01-01T12:00:00Z,-5.0,95.625,3.0500183
2090-01-01T12:00:00Z,-5.0,97.5,3.016449
2090-01-01T12:00:00Z,-5.0,99.375,2.983429
2090-01-01T12:00:00Z,-5.0,101.25,2.9703064
2090-01-01T12:00:00Z,-5.0,103.125,3.562622
2090-01-01T12:00:00Z,-5.0,105.0,4.8497314
2090-01-01T12:00:00Z,-5.0,106.875,3.1700745
2090-01-01T12:00:00Z,-5.0,108.75,3.0385437
2090-01-01T12:00:00Z,-5.0,110.625,3.0010376
2090-01-01T12:00:00Z,-5.0,112.5,3.0083008
2090-01-01T12:00:00Z,-5.0,114.375,3.044159
2090-01-01T12:00:00Z,-5.0,116.25,3.0684204
2090-01-01T12:00:00Z,-5.0,118.125,3.1887207
2090-01-01T12:00:00Z,-5.0,120.0,3.863037
2090-01-01T12:00:00Z,-5.0,121.875,3.7028809
2090-01-01T12:00:00Z,-5.0,123.75,3.1531677
2090-01-01T12:00:00Z,-5.0,125.625,2.9611206
2090-01-01T12:00:00Z,-5.0,127.5,2.9541016
2090-01-01T12:00:00Z,-5.0,129.375,2.984192
2090-01-01T12:00:00Z,-5.0,131.25,2.9552917
2090-01-01T12:00:00Z,-5.0,133.125,2.926178
2090-01-01T12:00:00Z,-5.0,135.0,2.9535828
2090-01-01T12:00:00Z,-5.0,136.875,3.6345825
2090-01-01T12:00:00Z,-5.0,138.75,3.960968
2090-01-01T12:00:00Z,-5.0,140.625,3.8597717
2090-01-01T12:00:00Z,-5.0,142.5,3.668274
2090-01-01T12:00:00Z,-5.0,144.375,3.83313
2090-01-01T12:00:00Z,-5.0,146.25,3.445465
2090-01-01T12:00:00Z,-5.0,148.125,2.866516
2090-01-01T12:00:00Z,-5.0,150.0,3.0599976
2090-01-01T12:00:00Z,-5.0,151.875,3.6462708
2090-01-01T12:00:00Z,-5.0,153.75,3.060669
2090-01-01T12:00:00Z,-5.0,155.625,3.0986938
2090-01-01T12:00:00Z,-5.0,157.5,3.0340881
2090-01-01T12:00:00Z,-5.0,159.375,3.0379944
2090-01-01T12:00:00Z,-5.0,161.25,3.034607
2090-01-01T12:00:00Z,-5.0,163.125,3.0533752
2090-01-01T12:00:00Z,-5.0,165.0,3.0852356
2090-01-01T12:00:00Z,-5.0,166.875,3.1100159
2090-01-01T12:00:00Z,-5.0,168.75,3.1342163
2090-01-01T12:00:00Z,-5.0,170.625,3.1486816
2090-01-01T12:00:00Z,-5.0,172.5,3.1591797
2090-01-01T12:00:00Z,-5.0,174.375,3.1769714
2090-01-01T12:00:00Z,-5.0,176.25,3.1958313
2090-01-01T12:00:00Z,-5.0,178.125,3.2061768
2090-01-01T12:00:00Z,-5.0,180.0,3.2216492
2090-01-01T12:00:00Z,-3.75,90.0,3.1304932
2090-01-01T12:00:00Z,-3.75,91.875,3.0900574
2090-01-01T12:00:00Z,-3.75,93.75,3.0562744
2090-01-01T12:00:00Z,-3.75,95.625,3.0214233
2090-01-01T12:00:00Z,-3.75,97.5,2.9778748
2090-01-01T12:00:00Z,-3.75,99.375,2.9467773
2090-01-01T12:00:00Z,-3.75,101.25,3.180359
2090-01-01T12:00:00Z,-3.75,103.125,4.675995
2090-01-01T12:00:00Z,-3.75,105.0,5.3289795
2090-01-01T12:00:00Z,-3.75,106.875,3.0620728
2090-01-01T12:00:00Z,-3.75,108.75,2.986786
2090-01-01T12:00:00Z,-3.75,110.625,2.9804382
2090-01-01T12:00:00Z,-3.75,112.5,3.29187
2090-01-01T12:00:00Z,-3.75,114.375,3.4803772
2090-01-01T12:00:00Z,-3.75,116.25,3.4014587
2090-01-01T12:00:00Z,-3.75,118.125,3.3548584
2090-01-01T12:00:00Z,-3.75,120.0,4.484497
2090-01-01T12:00:00Z,-3.75,121.875,3.9851685
2090-01-01T12:00:00Z,-3.75,123.75,3.0671387
2090-01-01T12:00:00Z,-3.75,125.625,3.313263
2090-01-01T12:00:00Z,-3.75,127.5,3.7802124
2090-01-01T12:00:00Z,-3.75,129.375,3.795288
2090-01-01T12:00:00Z,-3.75,131.25,3.3409119
2090-01-01T12:00:00Z,-3.75,133.125,3.6821594
2090-01-01T12:00:00Z,-3.75,135.0,3.883667
2090-01-01T12:00:00Z,-3.75,136.875,3.684845
2090-01-01T12:00:00Z,-3.75,138.75,3.5462646
2090-01-01T12:00:00Z,-3.75,140.625,3.739502
2090-01-01T12:00:00Z,-3.75,142.5,3.6731873
2090-01-01T12:00:00Z,-3.75,144.375,3.5056152
2090-01-01T12:00:00Z,-3.75,146.25,2.8738708
2090-01-01T12:00:00Z,-3.75,148.125,2.8971252
2090-01-01T12:00:00Z,-3.75,150.0,3.035797
2090-01-01T12:00:00Z,-3.75,151.875,3.66687
2090-01-01T12:00:00Z,-3.75,153.75,3.1643982
2090-01-01T12:00:00Z,-3.75,155.625,3.0587158
2090-01-01T12:00:00Z,-3.75,157.5,3.0396729
2090-01-01T12:00:00Z,-3.75,159.375,3.0630798
2090-01-01T12:00:00Z,-3.75,161.25,3.0754395
2090-01-01T12:00:00Z,-3.75,163.125,3.0992737
2090-01-01T12:00:00Z,-3.75,165.0,3.1373901
2090-01-01T12:00:00Z,-3.75,166.875,3.1667786
2090-01-01T12:00:00Z,-3.75,168.75,3.1940918
2090-01-01T12:00:00Z,-3.75,170.625,3.2181091
2090-01-01T12:00:00Z,-3.75,172.5,3.2380981
2090-01-01T12:00:00Z,-3.75,174.375,3.2599487
2090-01-01T12:00:00Z,-3.75,176.25,3.2805176
2090-01-01T12:00:00Z,-3.75,178.125,3.2950134
2090-01-01T12:00:00Z,-3.75,180.0,3.3178406
2090-01-01T12:00:00Z,-2.5,90.0,3.123993
2090-01-01T12:00:00Z,-2.5,91.875,3.0865479
2090-01-01T12:00:00Z,-2.5,93.75,3.0544434
2090-01-01T12:00:00Z,-2.5,95.625,3.0119019
2090-01-01T12:00:00Z,-2.5,97.5,2.9688416
2090-01-01T12:00:00Z,-2.5,99.375,2.9904175
2090-01-01T12:00:00Z,-2.5,101.25,4.034485
2090-01-01T12:00:00Z,-2.5,103.125,4.7545776
2090-01-01T12:00:00Z,-2.5,105.0,5.3165894
2090-01-01T12:00:00Z,-2.5,106.875,3.4910889
2090-01-01T12:00:00Z,-2.5,108.75,3.077423
2090-01-01T12:00:00Z,-2.5,110.625,4.3070374
2090-01-01T12:00:00Z,-2.5,112.5,5.0484314
2090-01-01T12:00:00Z,-2.5,114.375,5.1462708
2090-01-01T12:00:00Z,-2.5,116.25,4.049164
2090-01-01T12:00:00Z,-2.5,118.125,3.415039
2090-01-01T12:00:00Z,-2.5,120.0,4.449524
2090-01-01T12:00:00Z,-2.5,121.875,4.005707
2090-01-01T12:00:00Z,-2.5,123.75,3.080597
2090-01-01T12:00:00Z,-2.5,125.625,3.1418762
2090-01-01T12:00:00Z,-2.5,127.5,3.4089966
2090-01-01T12:00:00Z,-2.5,129.375,3.3308716
2090-01-01T12:00:00Z,-2.5,131.25,3.1282654
2090-01-01T12:00:00Z,-2.5,133.125,3.7817383
2090-01-01T12:00:00Z,-2.5,135.0,3.3574524
2090-01-01T12:00:00Z,-2.5,136.875,3.8345947
2090-01-01T12:00:00Z,-2.5,138.75,3.7427979
2090-01-01T12:00:00Z,-2.5,140.625,3.790863
2090-01-01T12:00:00Z,-2.5,142.5,2.9046936
2090-01-01T12:00:00Z,-2.5,144.375,2.8703613
2090-01-01T12:00:00Z,-2.5,146.25,2.8558044
2090-01-01T12:00:00Z,-2.5,148.125,2.9384155
2090-01-01T12:00:00Z,-2.5,150.0,3.0769958
2090-01-01T12:00:00Z,-2.5,151.875,3.248169
2090-01-01T12:00:00Z,-2.5,153.75,3.0715332
2090-01-01T12:00:00Z,-2.5,155.625,3.0552368
2090-01-01T12:00:00Z,-2.5,157.5,3.0675354
2090-01-01T12:00:00Z,-2.5,159.375,3.096527
2090-01-01T12:00:00Z,-2.5,161.25,3.1220703
2090-01-01T12:00:00Z,-2.5,163.125,3.1462708
2090-01-01T12:00:00Z,-2.5,165.0,3.1731262
2090-01-01T12:00:00Z,-2.5,166.875,3.2096252
2090-01-01T12:00:00Z,-2.5,168.75,3.2337341
2090-01-01T12:00:00Z,-2.5,170.625,3.2585754
2090-01-01T12:00:00Z,-2.5,172.5,3.2809753
2090-01-01T12:00:00Z,-2.5,174.375,3.304718
2090-01-01T12:00:00Z,-2.5,176.25,3.3173218
2090-01-01T12:00:00Z,-2.5,178.125,3.337738
2090-01-01T12:00:00Z,-2.5,180.0,3.3623352
2090-01-01T12:00:00Z,-1.25,90.0,3.1220398
2090-01-01T12:00:00Z,-1.25,91.875,3.0906067
2090-01-01T12:00:00Z,-1.25,93.75,3.0611267
2090-01-01T12:00:00Z,-1.25,95.625,3.02182
2090-01-01T12:00:00Z,-1.25,97.5,3.0207825
2090-01-01T12:00:00Z,-1.25,99.375,3.3234253
2090-01-01T12:00:00Z,-1.25,101.25,4.298523
2090-01-01T12:00:00Z,-1.25,103.125,4.8338013
2090-01-01T12:00:00Z,-1.25,105.0,3.8397217
2090-01-01T12:00:00Z,-1.25,106.875,3.0323792
2090-01-01T12:00:00Z,-1.25,108.75,3.444641
2090-01-01T12:00:00Z,-1.25,110.625,4.4956665
2090-01-01T12:00:00Z,-1.25,112.5,4.798584
2090-01-01T12:00:00Z,-1.25,114.375,4.987549
2090-01-01T12:00:00Z,-1.25,116.25,4.442322
2090-01-01T12:00:00Z,-1.25,118.125,3.3363953
2090-01-01T12:00:00Z,-1.25,120.0,3.8789978
2090-01-01T12:00:00Z,-1.25,121.875,4.2318726
2090-01-01T12:00:00Z,-1.25,123.75,3.50177
2090-01-01T12:00:00Z,-1.25,125.625,3.0663757
2090-01-01T12:00:00Z,-1.25,127.5,3.4596252
2090-01-01T12:00:00Z,-1.25,129.375,3.117035
2090-01-01T12:00:00Z,-1.25,131.25,3.4400024
2090-01-01T12:00:00Z,-1.25,133.125,3.7723389
2090-01-01T12:00:00Z,-1.25,135.0,3.1684265
2090-01-01T12:00:00Z,-1.25,136.875,3.2953796
2090-01-01T12:00:00Z,-1.25,138.75,2.9980164
2090-01-01T12:00:00Z,-1.25,140.625,2.951538
2090-01-01T12:00:00Z,-1.25,142.5,2.9291382
2090-01-01T12:00:00Z,-1.25,144.375,2.9599915
2090-01-01T12:00:00Z,-1.25,146.25,2.9692078
2090-01-01T12:00:00Z,-1.25,148.125,3.0067139
2090-01-01T12:00:00Z,-1.25,150.0,3.088684
2090-01-01T12:00:00Z,-1.25,151.875,3.1294556
2090-01-01T12:00:00Z,-1.25,153.75,3.0798645
2090-01-01T12:00:00Z,-1.25,155.625,3.0707703
2090-01-01T12:00:00Z,-1.25,157.5,3.0941162
2090-01-01T12:00:00Z,-1.25,159.375,3.1349182
2090-01-01T12:00:00Z,-1.25,161.25,3.1683044
2090-01-01T12:00:00Z,-1.25,163.125,3.203125
2090-01-01T12:00:00Z,-1.25,165.0,3.22406
2090-01-01T12:00:00Z,-1.25,166.875,3.2556763
2090-01-01T12:00:00Z,-1.25,168.75,3.2798462
2090-01-01T12:00:00Z,-1.25,170.625,3.2979126
2090-01-01T12:00:00Z,-1.25,172.5,3.3237305
2090-01-01T12:00:00Z,-1.25,174.375,3.3468323
2090-01-01T12:00:00Z,-1.25,176.25,3.363739
2090-01-01T12:00:00Z,-1.25,178.125,3.3834534
2090-01-01T12:00:00Z,-1.25,180.0,3.4132996
2090-01-01T12:00:00Z,0.0,90.0,3.1341553
2090-01-01T12:00:00Z,0.0,91.875,3.1097412
2090-01-01T12:00:00Z,0.0,93.75,3.0857544
2090-01-01T12:00:00Z,0.0,95.625,3.0591125
2090-01-01T12:00:00Z,0.0,97.5,3.0543518
2090-01-01T12:00:00Z,0.0,99.375,3.8528748
2090-01-01T12:00:00Z,0.0,101.25,4.4817505
2090-01-01T12:00:00Z,0.0,103.125,4.638855
2090-01-01T12:00:00Z,0.0,105.0,3.44635
2090-01-01T12:00:00Z,0.0,106.875,3.0607605
2090-01-01T12:00:00Z,0.0,108.75,3.8431702
2090-01-01T12:00:00Z,0.0,110.625,4.2570496
2090-01-01T12:00:00Z,0.0,112.5,4.42276
2090-01-01T12:00:00Z,0.0,114.375,4.648468
2090-01-01T12:00:00Z,0.0,116.25,4.6177063
2090-01-01T12:00:00Z,0.0,118.125,3.3664856
2090-01-01T12:00:00Z,0.0,120.0,3.8877869
2090-01-01T12:00:00Z,0.0,121.875,3.8469849
2090-01-01T12:00:00Z,0.0,123.75,3.4881592
2090-01-01T12:00:00Z,0.0,125.625,3.0271301
2090-01-01T12:00:00Z,0.0,127.5,3.9376526
2090-01-01T12:00:00Z,0.0,129.375,3.0934143
2090-01-01T12:00:00Z,0.0,131.25,3.0935974
2090-01-01T12:00:00Z,0.0,133.125,3.1044312
2090-01-01T12:00:00Z,0.0,135.0,3.098114
2090-01-01T12:00:00Z,0.0,136.875,3.0795898
2090-01-01T12:00:00Z,0.0,138.75,3.0568237
2090-01-01T12:00:00Z,0.0,140.625,3.0393372
2090-01-01T12:00:00Z,0.0,142.5,3.0466614
2090-01-01T12:00:00Z,0.0,144.375,3.0508728
2090-01-01T12:00:00Z,0.0,146.25,3.048462
2090-01-01T12:00:00Z,0.0,148.125,3.0585022
2090-01-01T12:00:00Z,0.0,150.0,3.0939026
2090-01-01T12:00:00Z,0.0,151.875,3.1091309
2090-01-01T12:00:00Z,0.0,153.75,3.0931702
2090-01-01T12:00:00Z,0.0,155.625,3.1055298
2090-01-01T12:00:00Z,0.0,157.5,3.1394348
2090-01-01T12:00:00Z,0.0,159.375,3.177002
2090-01-01T12:00:00Z,0.0,161.25,3.2193298
2090-01-01T12:00:00Z,0.0,163.125,3.2590942
2090-01-01T12:00:00Z,0.0,165.0,3.285797
2090-01-01T12:00:00Z,0.0,166.875,3.3112488
2090-01-01T12:00:00Z,0.0,168.75,3.3394775
2090-01-01T12:00:00Z,0.0,170.625,3.3549194
2090-01-01T12:00:00Z,0.0,172.5,3.3786926
2090-01-01T12:00:00Z,0.0,174.375,3.406372
2090-01-01T12:00:00Z,0.0,176.25,3.423462
2090-01-01T12:00:00Z,0.0,178.125,3.4406433
2090-01-01T12:00:00Z,0.0,180.0,3.4704285
