time,latitude,longitude,tas_annual
UTC,degrees_north,degrees_east,K
2070-01-01T12:00:00Z,-50.0,90.0,1.8362732
2070-01-01T12:00:00Z,-50.0,91.875,1.834198
2070-01-01T12:00:00Z,-50.0,93.75,1.8759766
2070-01-01T12:00:00Z,-50.0,95.625,1.9457703
2070-01-01T12:00:00Z,-50.0,97.5,2.0047913
2070-01-01T12:00:00Z,-50.0,99.375,2.0349731
2070-01-01T12:00:00Z,-50.0,101.25,2.0429077
2070-01-01T12:00:00Z,-50.0,103.125,2.0412598
2070-01-01T12:00:00Z,-50.0,105.0,2.049408
2070-01-01T12:00:00Z,-50.0,106.875,2.0515442
2070-01-01T12:00:00Z,-50.0,108.75,2.021576
2070-01-01T12:00:00Z,-50.0,110.625,1.9675293
2070-01-01T12:00:00Z,-50.0,112.5,1.9136047
2070-01-01T12:00:00Z,-50.0,114.375,1.861969
2070-01-01T12:00:00Z,-50.0,116.25,1.8136292
2070-01-01T12:00:00Z,-50.0,118.125,1.7809448
2070-01-01T12:00:00Z,-50.0,120.0,1.7566833
2070-01-01T12:00:00Z,-50.0,121.875,1.7383423
2070-01-01T12:00:00Z,-50.0,123.75,1.7163696
2070-01-01T12:00:00Z,-50.0,125.625,1.6813354
2070-01-01T12:00:00Z,-50.0,127.5,1.6368713
2070-01-01T12:00:00Z,-50.0,129.375,1.6097717
2070-01-01T12:00:00Z,-50.0,131.25,1.6081238
2070-01-01T12:00:00Z,-50.0,133.125,1.6149902
2070-01-01T12:00:00Z,-50.0,135.0,1.6121521
2070-01-01T12:00:00Z,-50.0,136.875,1.6045227
2070-01-01T12:00:00Z,-50.0,138.75,1.5963135
2070-01-01T12:00:00Z,-50.0,140.625,1.5928345
2070-01-01T12:00:00Z,-50.0,142.5,1.6324158
2070-01-01T12:00:00Z,-50.0,144.375,1.6987915
2070-01-01T12:00:00Z,-50.0,146.25,1.7249146
2070-01-01T12:00:00Z,-50.0,148.125,1.6941833
2070-01-01T12:00:00Z,-50.0,150.0,1.666748
2070-01-01T12:00:00Z,-50.0,151.875,1.6767273
2070-01-01T12:00:00Z,-50.0,153.75,1.6945801
2070-01-01T12:00:00Z,-50.0,155.625,1.6994324
2070-01-01T12:00:00Z,-50.0,157.5,1.6968689
2070-01-01T12:00:00Z,-50.0,159.375,1.692688
2070-01-01T12:00:00Z,-50.0,161.25,1.6925354
2070-01-01T12:00:00Z,-50.0,163.125,1.6842957
2070-01-01T12:00:00Z,-50.0,165.0,1.6908569
2070-01-01T12:00:00Z,-50.0,166.875,1.70224
2070-01-01T12:00:00Z,-50.0,168.75,1.660492
2070-01-01T12:00:00Z,-50.0,170.625,1.6268921
2070-01-01T12:00:00Z,-50.0,172.5,1.611908
2070-01-01T12:00:00Z,-50.0,174.375,1.57901
2070-01-01T12:00:00Z,-50.0,176.25,1.5466309
2070-01-01T12:00:00Z,-50.0,178.125,1.5205383
2070-01-01T12:00:00Z,-50.0,180.0,1.4977722
2070-01-01T12:00:00Z,-48.75,90.0,1.9102173
2070-01-01T12:00:00Z,-48.75,91.875,1.9056396
2070-01-01T12:00:00Z,-48.75,93.75,1.9509277
2070-01-01T12:00:00Z,-48.75,95.625,2.0151062
2070-01-01T12:00:00Z,-48.75,97.5,2.0680542
2070-01-01T12:00:00Z,-48.75,99.375,2.0960693
2070-01-01T12:00:00Z,-48.75,101.25,2.098999
2070-01-01T12:00:00Z,-48.75,103.125,2.0822144
2070-01-01T12:00:00Z,-48.75,105.0,2.0714111
2070-01-01T12:00:00Z,-48.75,106.875,2.0542908
2070-01-01T12:00:00Z,-48.75,108.75,2.00885
2070-01-01T12:00:00Z,-48.75,110.625,1.9446411
2070-01-01T12:00:00Z,-48.75,112.5,1.8790894
2070-01-01T12:00:00Z,-48.75,114.375,1.8257446
2070-01-01T12:00:00Z,-48.75,116.25,1.785492
2070-01-01T12:00:00Z,-48.75,118.125,1.7575989
2070-01-01T12:00:00Z,-48.75,120.0,1.7287903
2070-01-01T12:00:00Z,-48.75,121.875,1.7022095
2070-01-01T12:00:00Z,-48.75,123.75,1.6713257
2070-01-01T12:00:00Z,-48.75,125.625,1.6294556
2070-01-01T12:00:00Z,-48.75,127.5,1.5838013
2070-01-01T12:00:00Z,-48.75,129.375,1.5543213
2070-01-01T12:00:00Z,-48.75,131.25,1.5549316
2070-01-01T12:00:00Z,-48.75,133.125,1.5651245
2070-01-01T12:00:00Z,-48.75,135.0,1.5641785
2070-01-01T12:00:00Z,-48.75,136.875,1.5544128
2070-01-01T12:00:00Z,-48.75,138.75,1.5448914
2070-01-01T12:00:00Z,-48.75,140.625,1.5581055
2070-01-01T12:00:00Z,-48.75,142.5,1.6362
2070-01-01T12:00:00Z,-48.75,144.375,1.7667236
2070-01-01T12:00:00Z,-48.75,146.25,1.8805237
2070-01-01T12:00:00Z,-48.75,148.125,1.913147
2070-01-01T12:00:00Z,-48.75,150.0,1.907196
2070-01-01T12:00:00Z,-48.75,151.875,1.8983154
2070-01-01T12:00:00Z,-48.75,153.75,1.8757935
2070-01-01T12:00:00Z,-48.75,155.625,1.8468018
2070-01-01T12:00:00Z,-48.75,157.5,1.8244629
2070-01-01T12:00:00Z,-48.75,159.375,1.804779
2070-01-01T12:00:00Z,-48.75,161.25,1.7890625
2070-01-01T12:00:00Z,-48.75,163.125,1.7853699
2070-01-01T12:00:00Z,-48.75,165.0,1.8374634
2070-01-01T12:00:00Z,-48.75,166.875,1.8760376
2070-01-01T12:00:00Z,-48.75,168.75,1.820343
2070-01-01T12:00:00Z,-48.75,170.625,1.7332153
2070-01-01T12:00:00Z,-48.75,172.5,1.6997986
2070-01-01T12:00:00Z,-48.75,174.375,1.6650696
2070-01-01T12:00:00Z,-48.75,176.25,1.6357422
2070-01-01T12:00:00Z,-48.75,178.125,1.6060486
2070-01-01T12:00:00Z,-48.75,180.0,1.5699158
2070-01-01T12:00:00Z,-47.5,90.0,1.9441223
2070-01-01T12:00:00Z,-47.5,91.875,1.9558716
2070-01-01T12:00:00Z,-47.5,93.75,2.0010986
2070-01-01T12:00:00Z,-47.5,95.625,2.05484
2070-01-01T12:00:00Z,-47.5,97.5,2.0896301
2070-01-01T12:00:00Z,-47.5,99.375,2.0976562
2070-01-01T12:00:00Z,-47.5,101.25,2.0849915
2070-01-01T12:00:00Z,-47.5,103.125,2.0524292
2070-01-01T12:00:00Z,-47.5,105.0,2.0151978
2070-01-01T12:00:00Z,-47.5,106.875,1.9794006
2070-01-01T12:00:00Z,-47.5,108.75,1.9273987
2070-01-01T12:00:00Z,-47.5,110.625,1.8542786
2070-01-01T12:00:00Z,-47.5,112.5,1.788208
2070-01-01T12:00:00Z,-47.5,114.375,1.7471313
2070-01-01T12:00:00Z,-47.5,116.25,1.718811
2070-01-01T12:00:00Z,-47.5,118.125,1.6899414
2070-01-01T12:00:00Z,-47.5,120.0,1.6543884
2070-01-01T12:00:00Z,-47.5,121.875,1.6147156
2070-01-01T12:00:00Z,-47.5,123.75,1.5800171
2070-01-01T12:00:00Z,-47.5,125.625,1.5460815
2070-01-01T12:00:00Z,-47.5,127.5,1.5139465
2070-01-01T12:00:00Z,-47.5,129.375,1.4947205
2070-01-01T12:00:00Z,-47.5,131.25,1.4963684
2070-01-01T12:00:00Z,-47.5,133.125,1.5061951
2070-01-01T12:00:00Z,-47.5,135.0,1.5068359
2070-01-01T12:00:00Z,-47.5,136.875,1.502594
2070-01-01T12:00:00Z,-47.5,138.75,1.5120239
2070-01-01T12:00:00Z,-47.5,140.625,1.5897827
2070-01-01T12:00:00Z,-47.5,142.5,1.7837524
2070-01-01T12:00:00Z,-47.5,144.375,2.0328674
2070-01-01T12:00:00Z,-47.5,146.25,2.2340698
2070-01-01T12:00:00Z,-47.5,148.125,2.3233337
2070-01-01T12:00:00Z,-47.5,150.0,2.3073425
2070-01-01T12:00:00Z,-47.5,151.875,2.2120972
2070-01-01T12:00:00Z,-47.5,153.75,2.0958557
2070-01-01T12:00:00Z,-47.5,155.625,2.0181274
2070-01-01T12:00:00Z,-47.5,157.5,1.9756165
2070-01-01T12:00:00Z,-47.5,159.375,1.9371033
2070-01-01T12:00:00Z,-47.5,161.25,1.9043274
2070-01-01T12:00:00Z,-47.5,163.125,1.9082031
2070-01-01T12:00:00Z,-47.5,165.0,1.9844666
2070-01-01T12:00:00Z,-47.5,166.875,2.0195923
2070-01-01T12:00:00Z,-47.5,168.75,1.9640808
2070-01-01T12:00:00Z,-47.5,170.625,1.8678284
2070-01-01T12:00:00Z,-47.5,172.5,1.817688
2070-01-01T12:00:00Z,-47.5,174.375,1.7608337
2070-01-01T12:00:00Z,-47.5,176.25,1.7212524
2070-01-01T12:00:00Z,-47.5,178.125,1.6968384
2070-01-01T12:00:00Z,-47.5,180.0,1.6725769
2070-01-01T12:00:00Z,-46.25,90.0,1.9415588
2070-01-01T12:00:00Z,-46.25,91.875,1.9621277
2070-01-01T12:00:00Z,-46.25,93.75,1.9988403
2070-01-01T12:00:00Z,-46.25,95.625,2.0298767
2070-01-01T12:00:00Z,-46.25,97.5,2.0333252
2070-01-01T12:00:00Z,-46.25,99.375,2.0130615
2070-01-01T12:00:00Z,-46.25,101.25,1.978302
2070-01-01T12:00:00Z,-46.25,103.125,1.929718
2070-01-01T12:00:00Z,-46.25,105.0,1.8796692
2070-01-01T12:00:00Z,-46.25,106.875,1.8387146
2070-01-01T12:00:00Z,-46.25,108.75,1.7901611
2070-01-01T12:00:00Z,-46.25,110.625,1.7266846
2070-01-01T12:00:00Z,-46.25,112.5,1.6764526
2070-01-01T12:00:00Z,-46.25,114.375,1.6471252
2070-01-01T12:00:00Z,-46.25,116.25,1.6253052
2070-01-01T12:00:00Z,-46.25,118.125,1.5992126
2070-01-01T12:00:00Z,-46.25,120.0,1.5650024
2070-01-01T12:00:00Z,-46.25,121.875,1.5307312
2070-01-01T12:00:00Z,-46.25,123.75,1.504303
2070-01-01T12:00:00Z,-46.25,125.625,1.480957
2070-01-01T12:00:00Z,-46.25,127.5,1.4624634
2070-01-01T12:00:00Z,-46.25,129.375,1.4530334
2070-01-01T12:00:00Z,-46.25,131.25,1.4594116
2070-01-01T12:00:00Z,-46.25,133.125,1.4709473
2070-01-01T12:00:00Z,-46.25,135.0,1.4768677
2070-01-01T12:00:00Z,-46.25,136.875,1.4804382
2070-01-01T12:00:00Z,-46.25,138.75,1.5321655
2070-01-01T12:00:00Z,-46.25,140.625,1.7310486
2070-01-01T12:00:00Z,-46.25,142.5,2.039154
2070-01-01T12:00:00Z,-46.25,144.375,2.3245544
2070-01-01T12:00:00Z,-46.25,146.25,2.5632324
2070-01-01T12:00:00Z,-46.25,148.125,2.7269592
2070-01-01T12:00:00Z,-46.25,150.0,2.7311401
2070-01-01T12:00:00Z,-46.25,151.875,2.541748
2070-01-01T12:00:00Z,-46.25,153.75,2.313324
2070-01-01T12:00:00Z,-46.25,155.625,2.1968079
2070-01-01T12:00:00Z,-46.25,157.5,2.144928
2070-01-01T12:00:00Z,-46.25,159.375,2.091217
2070-01-01T12:00:00Z,-46.25,161.25,2.036499
2070-01-01T12:00:00Z,-46.25,163.125,2.0187683
2070-01-01T12:00:00Z,-46.25,165.0,2.0722961
2070-01-01T12:00:00Z,-46.25,166.875,2.1793518
2070-01-01T12:00:00Z,-46.25,168.75,2.284851
2070-01-01T12:00:00Z,-46.25,170.625,2.0098877
2070-01-01T12:00:00Z,-46.25,172.5,1.8994141
2070-01-01T12:00:00Z,-46.25,174.375,1.8392334
2070-01-01T12:00:00Z,-46.25,176.25,1.7907715
2070-01-01T12:00:00Z,-46.25,178.125,1.7780762
2070-01-01T12:00:00Z,-46.25,180.0,1.774353
2070-01-01T12:00:00Z,-45.0,90.0,1.8900146
2070-01-01T12:00:00Z,-45.0,91.875,1.902008
2070-01-01T12:00:00Z,-45.0,93.75,1.9093628
2070-01-01T12:00:00Z,-45.0,95.625,1.895813
2070-01-01T12:00:00Z,-45.0,97.5,1.8647156
2070-01-01T12:00:00Z,-45.0,99.375,1.8272705
2070-01-01T12:00:00Z,-45.0,101.25,1.7886658
2070-01-01T12:00:00Z,-45.0,103.125,1.7457886
2070-01-01T12:00:00Z,-45.0,105.0,1.7053833
2070-01-01T12:00:00Z,-45.0,106.875,1.6743164
2070-01-01T12:00:00Z,-45.0,108.75,1.6417542
2070-01-01T12:00:00Z,-45.0,110.625,1.6017151
2070-01-01T12:00:00Z,-45.0,112.5,1.5705872
2070-01-01T12:00:00Z,-45.0,114.375,1.5503845
2070-01-01T12:00:00Z,-45.0,116.25,1.5297546
2070-01-01T12:00:00Z,-45.0,118.125,1.5057068
2070-01-01T12:00:00Z,-45.0,120.0,1.4838867
2070-01-01T12:00:00Z,-45.0,121.875,1.4659424
2070-01-01T12:00:00Z,-45.0,123.75,1.454895
2070-01-01T12:00:00Z,-45.0,125.625,1.4462891
2070-01-01T12:00:00Z,-45.0,127.5,1.4420471
2070-01-01T12:00:00Z,-45.0,129.375,1.4459534
2070-01-01T12:00:00Z,-45.0,131.25,1.4598083
2070-01-01T12:00:00Z,-45.0,133.125,1.4782104
2070-01-01T12:00:00Z,-45.0,135.0,1.4834595
2070-01-01T12:00:00Z,-45.0,136.875,1.4799194
2070-01-01T12:00:00Z,-45.0,138.75,1.6005249
2070-01-01T12:00:00Z,-45.0,140.625,1.8835449
2070-01-01T12:00:00Z,-45.0,142.5,2.1678162
2070-01-01T12:00:00Z,-45.0,144.375,2.3657227
2070-01-01T12:00:00Z,-45.0,146.25,2.6224976
2070-01-01T12:00:00Z,-45.0,148.125,2.9238892
2070-01-01T12:00:00Z,-45.0,150.0,3.0868225
2070-01-01T12:00:00Z,-45.0,151.875,2.9247437
2070-01-01T12:00:00Z,-45.0,153.75,2.5667725
2070-01-01T12:00:00Z,-45.0,155.625,2.3753052
2070-01-01T12:00:00Z,-45.0,157.5,2.325653
2070-01-01T12:00:00Z,-45.0,159.375,2.267273
2070-01-01T12:00:00Z,-45.0,161.25,2.1808777
2070-01-01T12:00:00Z,-45.0,163.125,2.1132507
2070-01-01T12:00:00Z,-45.0,165.0,2.1324463
2070-01-01T12:00:00Z,-45.0,166.875,2.2512512
2070-01-01T12:00:00Z,-45.0,168.75,2.4048767
2070-01-01T12:00:00Z,-45.0,170.625,2.3629456
2070-01-01T12:00:00Z,-45.0,172.5,2.0498352
2070-01-01T12:00:00Z,-45.0,174.375,1.9490356
2070-01-01T12:00:00Z,-45.0,176.25,1.9061584
2070-01-01T12:00:00Z,-45.0,178.125,1.893158
2070-01-01T12:00:00Z,-45.0,180.0,1.8752136
2070-01-01T12:00:00Z,-43.75,90.0,1.7878418
2070-01-01T12:00:00Z,-43.75,91.875,1.7797546
2070-01-01T12:00:00Z,-43.75,93.75,1.7564392
2070-01-01T12:00:00Z,-43.75,95.625,1.7182312
2070-01-01T12:00:00Z,-43.75,97.5,1.675415
2070-01-01T12:00:00Z,-43.75,99.375,1.6398926
2070-01-01T12:00:00Z,-43.75,101.25,1.6075745
2070-01-01T12:00:00Z,-43.75,103.125,1.5808716
2070-01-01T12:00:00Z,-43.75,105.0,1.5606079
2070-01-01T12:00:00Z,-43.75,106.875,1.5448914
2070-01-01T12:00:00Z,-43.75,108.75,1.5256958
2070-01-01T12:00:00Z,-43.75,110.625,1.5031738
2070-01-01T12:00:00Z,-43.75,112.5,1.486908
2070-01-01T12:00:00Z,-43.75,114.375,1.4741516
2070-01-01T12:00:00Z,-43.75,116.25,1.4616394
2070-01-01T12:00:00Z,-43.75,118.125,1.4472046
2070-01-01T12:00:00Z,-43.75,120.0,1.4367676
2070-01-01T12:00:00Z,-43.75,121.875,1.4342651
2070-01-01T12:00:00Z,-43.75,123.75,1.4363403
2070-01-01T12:00:00Z,-43.75,125.625,1.44104
2070-01-01T12:00:00Z,-43.75,127.5,1.4543457
2070-01-01T12:00:00Z,-43.75,129.375,1.4768066
2070-01-01T12:00:00Z,-43.75,131.25,1.5018921
2070-01-01T12:00:00Z,-43.75,133.125,1.5072327
2070-01-01T12:00:00Z,-43.75,135.0,1.4673462
2070-01-01T12:00:00Z,-43.75,136.875,1.438446
2070-01-01T12:00:00Z,-43.75,138.75,1.5971069
2070-01-01T12:00:00Z,-43.75,140.625,1.8629456
2070-01-01T12:00:00Z,-43.75,142.5,2.065979
2070-01-01T12:00:00Z,-43.75,144.375,2.186432
2070-01-01T12:00:00Z,-43.75,146.25,2.437317
2070-01-01T12:00:00Z,-43.75,148.125,2.829712
2070-01-01T12:00:00Z,-43.75,150.0,3.1707458
2070-01-01T12:00:00Z,-43.75,151.875,3.1808777
2070-01-01T12:00:00Z,-43.75,153.75,2.790802
2070-01-01T12:00:00Z,-43.75,155.625,2.5016785
2070-01-01T12:00:00Z,-43.75,157.5,2.4499207
2070-01-01T12:00:00Z,-43.75,159.375,2.4033203
2070-01-01T12:00:00Z,-43.75,161.25,2.2913818
2070-01-01T12:00:00Z,-43.75,163.125,2.1773682
2070-01-01T12:00:00Z,-43.75,165.0,2.1687927
2070-01-01T12:00:00Z,-43.75,166.875,2.2210083
2070-01-01T12:00:00Z,-43.75,168.75,2.384613
2070-01-01T12:00:00Z,-43.75,170.625,2.5030212
2070-01-01T12:00:00Z,-43.75,172.5,2.3727112
2070-01-01T12:00:00Z,-43.75,174.375,2.0727234
2070-01-01T12:00:00Z,-43.75,176.25,2.003418
2070-01-01T12:00:00Z,-43.75,178.125,1.9867859
2070-01-01T12:00:00Z,-43.75,180.0,1.9335632
2070-01-01T12:00:00Z,-42.5,90.0,1.6479797
2070-01-01T12:00:00Z,-42.5,91.875,1.6262817
2070-01-01T12:00:00Z,-42.5,93.75,1.5939941
2070-01-01T12:00:00Z,-42.5,95.625,1.5546875
2070-01-01T12:00:00Z,-42.5,97.5,1.520752
2070-01-01T12:00:00Z,-42.5,99.375,1.5005188
2070-01-01T12:00:00Z,-42.5,101.25,1.4835815
2070-01-01T12:00:00Z,-42.5,103.125,1.4697266
2070-01-01T12:00:00Z,-42.5,105.0,1.4643555
2070-01-01T12:00:00Z,-42.5,106.875,1.4616394
2070-01-01T12:00:00Z,-42.5,108.75,1.4561462
2070-01-01T12:00:00Z,-42.5,110.625,1.4503174
2070-01-01T12:00:00Z,-42.5,112.5,1.4465332
2070-01-01T12:00:00Z,-42.5,114.375,1.4436646
2070-01-01T12:00:00Z,-42.5,116.25,1.4378967
2070-01-01T12:00:00Z,-42.5,118.125,1.4334412
2070-01-01T12:00:00Z,-42.5,120.0,1.4371643
2070-01-01T12:00:00Z,-42.5,121.875,1.4491882
2070-01-01T12:00:00Z,-42.5,123.75,1.466095
2070-01-01T12:00:00Z,-42.5,125.625,1.4914551
2070-01-01T12:00:00Z,-42.5,127.5,1.527008
2070-01-01T12:00:00Z,-42.5,129.375,1.552887
2070-01-01T12:00:00Z,-42.5,131.25,1.5586548
2070-01-01T12:00:00Z,-42.5,133.125,1.5166931
2070-01-01T12:00:00Z,-42.5,135.0,1.4238586
2070-01-01T12:00:00Z,-42.5,136.875,1.3844299
2070-01-01T12:00:00Z,-42.5,138.75,1.5332031
2070-01-01T12:00:00Z,-42.5,140.625,1.7440491
2070-01-01T12:00:00Z,-42.5,142.5,1.9060059
2070-01-01T12:00:00Z,-42.5,144.375,2.045868
2070-01-01T12:00:00Z,-42.5,146.25,2.3678284
2070-01-01T12:00:00Z,-42.5,148.125,2.7015991
2070-01-01T12:00:00Z,-42.5,150.0,3.1032715
2070-01-01T12:00:00Z,-42.5,151.875,3.2763062
2070-01-01T12:00:00Z,-42.5,153.75,2.9361267
2070-01-01T12:00:00Z,-42.5,155.625,2.5758972
2070-01-01T12:00:00Z,-42.5,157.5,2.5067444
2070-01-01T12:00:00Z,-42.5,159.375,2.4856567
2070-01-01T12:00:00Z,-42.5,161.25,2.3730164
2070-01-01T12:00:00Z,-42.5,163.125,2.238617
2070-01-01T12:00:00Z,-42.5,165.0,2.2065735
2070-01-01T12:00:00Z,-42.5,166.875,2.2385864
2070-01-01T12:00:00Z,-42.5,168.75,2.31073
2070-01-01T12:00:00Z,-42.5,170.625,2.4612732
2070-01-01T12:00:00Z,-42.5,172.5,2.7039795
2070-01-01T12:00:00Z,-42.5,174.375,2.2800293
2070-01-01T12:00:00Z,-42.5,176.25,2.103119
2070-01-01T12:00:00Z,-42.5,178.125,2.0456848
2070-01-01T12:00:00Z,-42.5,180.0,1.9776001
2070-01-01T12:00:00Z,-41.25,90.0,1.51474
2070-01-01T12:00:00Z,-41.25,91.875,1.494873
2070-01-01T12:00:00Z,-41.25,93.75,1.4750366
2070-01-01T12:00:00Z,-41.25,95.625,1.4585266
2070-01-01T12:00:00Z,-41.25,97.5,1.4495239
2070-01-01T12:00:00Z,-41.25,99.375,1.4486389
2070-01-01T12:00:00Z,-41.25,101.25,1.4466248
2070-01-01T12:00:00Z,-41.25,103.125,1.4455261
2070-01-01T12:00:00Z,-41.25,105.0,1.4499817
2070-01-01T12:00:00Z,-41.25,106.875,1.4553528
2070-01-01T12:00:00Z,-41.25,108.75,1.4552917
2070-01-01T12:00:00Z,-41.25,110.625,1.4592285
2070-01-01T12:00:00Z,-41.25,112.5,1.4604187
2070-01-01T12:00:00Z,-41.25,114.375,1.4653625
2070-01-01T12:00:00Z,-41.25,116.25,1.4686279
2070-01-01T12:00:00Z,-41.25,118.125,1.4806519
2070-01-01T12:00:00Z,-41.25,120.0,1.5022888
2070-01-01T12:00:00Z,-41.25,121.875,1.5302734
2070-01-01T12:00:00Z,-41.25,123.75,1.5661011
2070-01-01T12:00:00Z,-41.25,125.625,1.6057129
2070-01-01T12:00:00Z,-41.25,127.5,1.6273193
2070-01-01T12:00:00Z,-41.25,129.375,1.6135559
2070-01-01T12:00:00Z,-41.25,131.25,1.5706177
2070-01-01T12:00:00Z,-41.25,133.125,1.4968872
2070-01-01T12:00:00Z,-41.25,135.0,1.4026489
2070-01-01T12:00:00Z,-41.25,136.875,1.3756104
2070-01-01T12:00:00Z,-41.25,138.75,1.4771729
2070-01-01T12:00:00Z,-41.25,140.625,1.6306763
2070-01-01T12:00:00Z,-41.25,142.5,1.8154297
2070-01-01T12:00:00Z,-41.25,144.375,2.0469055
2070-01-01T12:00:00Z,-41.25,146.25,2.5262146
2070-01-01T12:00:00Z,-41.25,148.125,2.6506042
2070-01-01T12:00:00Z,-41.25,150.0,3.0733948
2070-01-01T12:00:00Z,-41.25,151.875,3.2711182
2070-01-01T12:00:00Z,-41.25,153.75,2.956726
2070-01-01T12:00:00Z,-41.25,155.625,2.5889282
2070-01-01T12:00:00Z,-41.25,157.5,2.4974365
2070-01-01T12:00:00Z,-41.25,159.375,2.4991455
2070-01-01T12:00:00Z,-41.25,161.25,2.4058533
2070-01-01T12:00:00Z,-41.25,163.125,2.2807617
2070-01-01T12:00:00Z,-41.25,165.0,2.2432861
2070-01-01T12:00:00Z,-41.25,166.875,2.2566833
2070-01-01T12:00:00Z,-41.25,168.75,2.3042297
2070-01-01T12:00:00Z,-41.25,170.625,2.3659058
2070-01-01T12:00:00Z,-41.25,172.5,2.5492554
2070-01-01T12:00:00Z,-41.25,174.375,2.750702
2070-01-01T12:00:00Z,-41.25,176.25,2.4310913
2070-01-01T12:00:00Z,-41.25,178.125,2.1011353
2070-01-01T12:00:00Z,-41.25,180.0,2.0231323
2070-01-01T12:00:00Z,-40.0,90.0,1.4495239
2070-01-01T12:00:00Z,-40.0,91.875,1.4463806
2070-01-01T12:00:00Z,-40.0,93.75,1.4489746
2070-01-01T12:00:00Z,-40.0,95.625,1.4593201
2070-01-01T12:00:00Z,-40.0,97.5,1.4719238
2070-01-01T12:00:00Z,-40.0,99.375,1.4842529
2070-01-01T12:00:00Z,-40.0,101.25,1.494873
2070-01-01T12:00:00Z,-40.0,103.125,1.5002747
2070-01-01T12:00:00Z,-40.0,105.0,1.5063782
2070-01-01T12:00:00Z,-40.0,106.875,1.5111084
2070-01-01T12:00:00Z,-40.0,108.75,1.5125122
2070-01-01T12:00:00Z,-40.0,110.625,1.5136108
2070-01-01T12:00:00Z,-40.0,112.5,1.5143433
2070-01-01T12:00:00Z,-40.0,114.375,1.5227356
2070-01-01T12:00:00Z,-40.0,116.25,1.5360107
2070-01-01T12:00:00Z,-40.0,118.125,1.5620422
2070-01-01T12:00:00Z,-40.0,120.0,1.5995789
2070-01-01T12:00:00Z,-40.0,121.875,1.6408691
2070-01-01T12:00:00Z,-40.0,123.75,1.6852112
2070-01-01T12:00:00Z,-40.0,125.625,1.7099609
2070-01-01T12:00:00Z,-40.0,127.5,1.6794739
2070-01-01T12:00:00Z,-40.0,129.375,1.6159058
2070-01-01T12:00:00Z,-40.0,131.25,1.5586853
2070-01-01T12:00:00Z,-40.0,133.125,1.5007935
2070-01-01T12:00:00Z,-40.0,135.0,1.4518127
2070-01-01T12:00:00Z,-40.0,136.875,1.4493713
2070-01-01T12:00:00Z,-40.0,138.75,1.5217896
2070-01-01T12:00:00Z,-40.0,140.625,1.638092
2070-01-01T12:00:00Z,-40.0,142.5,1.8140564
2070-01-01T12:00:00Z,-40.0,144.375,1.9858093
2070-01-01T12:00:00Z,-40.0,146.25,2.200409
2070-01-01T12:00:00Z,-40.0,148.125,2.5040588
2070-01-01T12:00:00Z,-40.0,150.0,3.077942
2070-01-01T12:00:00Z,-40.0,151.875,3.2666016
2070-01-01T12:00:00Z,-40.0,153.75,2.9066772
2070-01-01T12:00:00Z,-40.0,155.625,2.5445251
2070-01-01T12:00:00Z,-40.0,157.5,2.4580383
2070-01-01T12:00:00Z,-40.0,159.375,2.480072
2070-01-01T12:00:00Z,-40.0,161.25,2.4099731
2070-01-01T12:00:00Z,-40.0,163.125,2.3022766
2070-01-01T12:00:00Z,-40.0,165.0,2.2691956
2070-01-01T12:00:00Z,-40.0,166.875,2.265564
2070-01-01T12:00:00Z,-40.0,168.75,2.297638
2070-01-01T12:00:00Z,-40.0,170.625,2.3507996
2070-01-01T12:00:00Z,-40.0,172.5,2.3669434
2070-01-01T12:00:00Z,-40.0,174.375,2.544403
2070-01-01T12:00:00Z,-40.0,176.25,2.7793274
2070-01-01T12:00:00Z,-40.0,178.125,2.1705627
2070-01-01T12:00:00Z,-40.0,180.0,2.0589294
2070-01-01T12:00:00Z,-38.75,90.0,1.4780273
2070-01-01T12:00:00Z,-38.75,91.875,1.5012207
2070-01-01T12:00:00Z,-38.75,93.75,1.5282593
2070-01-01T12:00:00Z,-38.75,95.625,1.558075
2070-01-01T12:00:00Z,-38.75,97.5,1.5793762
2070-01-01T12:00:00Z,-38.75,99.375,1.5907288
2070-01-01T12:00:00Z,-38.75,101.25,1.5996094
2070-01-01T12:00:00Z,-38.75,103.125,1.6032104
2070-01-01T12:00:00Z,-38.75,105.0,1.6044617
2070-01-01T12:00:00Z,-38.75,106.875,1.5993652
2070-01-01T12:00:00Z,-38.75,108.75,1.5927124
2070-01-01T12:00:00Z,-38.75,110.625,1.5797424
2070-01-01T12:00:00Z,-38.75,112.5,1.5721741
2070-01-01T12:00:00Z,-38.75,114.375,1.5840454
2070-01-01T12:00:00Z,-38.75,116.25,1.6140747
2070-01-01T12:00:00Z,-38.75,118.125,1.653595
2070-01-01T12:00:00Z,-38.75,120.0,1.697052
2070-01-01T12:00:00Z,-38.75,121.875,1.7367249
2070-01-01T12:00:00Z,-38.75,123.75,1.7687988
2070-01-01T12:00:00Z,-38.75,125.625,1.7617798
2070-01-01T12:00:00Z,-38.75,127.5,1.684967
2070-01-01T12:00:00Z,-38.75,129.375,1.6057434
2070-01-01T12:00:00Z,-38.75,131.25,1.5722046
2070-01-01T12:00:00Z,-38.75,133.125,1.5575867
2070-01-01T12:00:00Z,-38.75,135.0,1.5523987
2070-01-01T12:00:00Z,-38.75,136.875,1.5686951
2070-01-01T12:00:00Z,-38.75,138.75,1.6262817
2070-01-01T12:00:00Z,-38.75,140.625,1.6955261
2070-01-01T12:00:00Z,-38.75,142.5,1.8708801
2070-01-01T12:00:00Z,-38.75,144.375,2.053711
2070-01-01T12:00:00Z,-38.75,146.25,2.297943
2070-01-01T12:00:00Z,-38.75,148.125,2.4570618
2070-01-01T12:00:00Z,-38.75,150.0,3.0064697
2070-01-01T12:00:00Z,-38.75,151.875,3.208435
2070-01-01T12:00:00Z,-38.75,153.75,2.8709717
2070-01-01T12:00:00Z,-38.75,155.625,2.4853516
2070-01-01T12:00:00Z,-38.75,157.5,2.4241333
2070-01-01T12:00:00Z,-38.75,159.375,2.4634094
2070-01-01T12:00:00Z,-38.75,161.25,2.4143066
2070-01-01T12:00:00Z,-38.75,163.125,2.3213196
2070-01-01T12:00:00Z,-38.75,165.0,2.2910156
2070-01-01T12:00:00Z,-38.75,166.875,2.2640076
2070-01-01T12:00:00Z,-38.75,168.75,2.2833252
2070-01-01T12:00:00Z,-38.75,170.625,2.3479004
2070-01-01T12:00:00Z,-38.75,172.5,2.361969
2070-01-01T12:00:00Z,-38.75,174.375,2.4666748
2070-01-01T12:00:00Z,-38.75,176.25,2.7930603
2070-01-01T12:00:00Z,-38.75,178.125,2.3391113
2070-01-01T12:00:00Z,-38.75,180.0,2.0671082
2070-01-01T12:00:00Z,-37.5,90.0,1.6052551
2070-01-01T12:00:00Z,-37.5,91.875,1.6461792
2070-01-01T12:00:00Z,-37.5,93.75,1.6827698
2070-01-01T12:00:00Z,-37.5,95.625,1.7064819
2070-01-01T12:00:00Z,-37.5,97.5,1.7176819
2070-01-01T12:00:00Z,-37.5,99.375,1.7155762
2070-01-01T12:00:00Z,-37.5,101.25,1.7138672
2070-01-01T12:00:00Z,-37.5,103.125,1.7055664
2070-01-01T12:00:00Z,-37.5,105.0,1.6921997
2070-01-01T12:00:00Z,-37.5,106.875,1.6744995
2070-01-01T12:00:00Z,-37.5,108.75,1.646759
2070-01-01T12:00:00Z,-37.5,110.625,1.5993652
2070-01-01T12:00:00Z,-37.5,112.5,1.5598755
2070-01-01T12:00:00Z,-37.5,114.375,1.5660706
2070-01-01T12:00:00Z,-37.5,116.25,1.6370239
2070-01-01T12:00:00Z,-37.5,118.125,1.6974487
2070-01-01T12:00:00Z,-37.5,120.0,1.7476807
2070-01-01T12:00:00Z,-37.5,121.875,1.791687
2070-01-01T12:00:00Z,-37.5,123.75,1.8150024
2070-01-01T12:00:00Z,-37.5,125.625,1.780304
2070-01-01T12:00:00Z,-37.5,127.5,1.6994019
2070-01-01T12:00:00Z,-37.5,129.375,1.6471558
2070-01-01T12:00:00Z,-37.5,131.25,1.6429443
2070-01-01T12:00:00Z,-37.5,133.125,1.645752
2070-01-01T12:00:00Z,-37.5,135.0,1.6451721
2070-01-01T12:00:00Z,-37.5,136.875,1.6619568
2070-01-01T12:00:00Z,-37.5,138.75,1.7215881
2070-01-01T12:00:00Z,-37.5,140.625,2.1259155
2070-01-01T12:00:00Z,-37.5,142.5,2.3604126
2070-01-01T12:00:00Z,-37.5,144.375,2.5944824
2070-01-01T12:00:00Z,-37.5,146.25,2.91922
2070-01-01T12:00:00Z,-37.5,148.125,2.983429
2070-01-01T12:00:00Z,-37.5,150.0,3.0271606
2070-01-01T12:00:00Z,-37.5,151.875,3.0375977
2070-01-01T12:00:00Z,-37.5,153.75,2.841339
2070-01-01T12:00:00Z,-37.5,155.625,2.4363098
2070-01-01T12:00:00Z,-37.5,157.5,2.3897705
2070-01-01T12:00:00Z,-37.5,159.375,2.464569
2070-01-01T12:00:00Z,-37.5,161.25,2.4506836
2070-01-01T12:00:00Z,-37.5,163.125,2.3678284
2070-01-01T12:00:00Z,-37.5,165.0,2.3213806
2070-01-01T12:00:00Z,-37.5,166.875,2.2729187
2070-01-01T12:00:00Z,-37.5,168.75,2.2757874
2070-01-01T12:00:00Z,-37.5,170.625,2.3458862
2070-01-01T12:00:00Z,-37.5,172.5,2.3703003
2070-01-01T12:00:00Z,-37.5,174.375,2.4355164
2070-01-01T12:00:00Z,-37.5,176.25,2.4275818
2070-01-01T12:00:00Z,-37.5,178.125,2.2092896
2070-01-01T12:00:00Z,-37.5,180.0,2.023407
2070-01-01T12:00:00Z,-36.25,90.0,1.7618713
2070-01-01T12:00:00Z,-36.25,91.875,1.7894287
2070-01-01T12:00:00Z,-36.25,93.75,1.8131714
2070-01-01T12:00:00Z,-36.25,95.625,1.8224792
2070-01-01T12:00:00Z,-36.25,97.5,1.8183594
2070-01-01T12:00:00Z,-36.25,99.375,1.7962341
2070-01-01T12:00:00Z,-36.25,101.25,1.77594
2070-01-01T12:00:00Z,-36.25,103.125,1.7562256
2070-01-01T12:00:00Z,-36.25,105.0,1.7351379
2070-01-01T12:00:00Z,-36.25,106.875,1.7088623
2070-01-01T12:00:00Z,-36.25,108.75,1.6622314
2070-01-01T12:00:00Z,-36.25,110.625,1.5986023
2070-01-01T12:00:00Z,-36.25,112.5,1.5537415
2070-01-01T12:00:00Z,-36.25,114.375,1.545227
2070-01-01T12:00:00Z,-36.25,116.25,1.618866
2070-01-01T12:00:00Z,-36.25,118.125,1.711731
2070-01-01T12:00:00Z,-36.25,120.0,1.7762451
2070-01-01T12:00:00Z,-36.25,121.875,1.8156433
2070-01-01T12:00:00Z,-36.25,123.75,1.8397522
2070-01-01T12:00:00Z,-36.25,125.625,1.8105164
2070-01-01T12:00:00Z,-36.25,127.5,1.7606506
2070-01-01T12:00:00Z,-36.25,129.375,1.7328796
2070-01-01T12:00:00Z,-36.25,131.25,1.7225342
2070-01-01T12:00:00Z,-36.25,133.125,1.7003479
2070-01-01T12:00:00Z,-36.25,135.0,1.691742
2070-01-01T12:00:00Z,-36.25,136.875,1.7284241
2070-01-01T12:00:00Z,-36.25,138.75,1.8713379
2070-01-01T12:00:00Z,-36.25,140.625,2.3248901
2070-01-01T12:00:00Z,-36.25,142.5,2.6109314
2070-01-01T12:00:00Z,-36.25,144.375,2.904541
2070-01-01T12:00:00Z,-36.25,146.25,3.2217102
2070-01-01T12:00:00Z,-36.25,148.125,3.2355957
2070-01-01T12:00:00Z,-36.25,150.0,2.9790955
2070-01-01T12:00:00Z,-36.25,151.875,2.913025
2070-01-01T12:00:00Z,-36.25,153.75,2.8081055
2070-01-01T12:00:00Z,-36.25,155.625,2.4172668
2070-01-01T12:00:00Z,-36.25,157.5,2.2781067
2070-01-01T12:00:00Z,-36.25,159.375,2.424408
2070-01-01T12:00:00Z,-36.25,161.25,2.4902954
2070-01-01T12:00:00Z,-36.25,163.125,2.4401855
2070-01-01T12:00:00Z,-36.25,165.0,2.3712158
2070-01-01T12:00:00Z,-36.25,166.875,2.30484
2070-01-01T12:00:00Z,-36.25,168.75,2.2940063
2070-01-01T12:00:00Z,-36.25,170.625,2.365387
2070-01-01T12:00:00Z,-36.25,172.5,2.430603
2070-01-01T12:00:00Z,-36.25,174.375,2.5003662
2070-01-01T12:00:00Z,-36.25,176.25,2.230835
2070-01-01T12:00:00Z,-36.25,178.125,2.0785522
2070-01-01T12:00:00Z,-36.25,180.0,1.9038696
2070-01-01T12:00:00Z,-35.0,90.0,1.8734741
2070-01-01T12:00:00Z,-35.0,91.875,1.8768616
2070-01-01T12:00:00Z,-35.0,93.75,1.8807678
2070-01-01T12:00:00Z,-35.0,95.625,1.8776245
2070-01-01T12:00:00Z,-35.0,97.5,1.8650208
2070-01-01T12:00:00Z,-35.0,99.375,1.8330994
2070-01-01T12:00:00Z,-35.0,101.25,1.7998657
2070-01-01T12:00:00Z,-35.0,103.125,1.7677307
2070-01-01T12:00:00Z,-35.0,105.0,1.7417603
2070-01-01T12:00:00Z,-35.0,106.875,1.7142944
2070-01-01T12:00:00Z,-35.0,108.75,1.6759949
2070-01-01T12:00:00Z,-35.0,110.625,1.6435242
2070-01-01T12:00:00Z,-35.0,112.5,1.6298523
2070-01-01T12:00:00Z,-35.0,114.375,1.6367798
2070-01-01T12:00:00Z,-35.0,116.25,1.8039246
2070-01-01T12:00:00Z,-35.0,118.125,1.9486084
2070-01-01T12:00:00Z,-35.0,120.0,1.8053894
2070-01-01T12:00:00Z,-35.0,121.875,1.8243713
2070-01-01T12:00:00Z,-35.0,123.75,1.8444519
2070-01-01T12:00:00Z,-35.0,125.625,1.8261719
2070-01-01T12:00:00Z,-35.0,127.5,1.8052063
2070-01-01T12:00:00Z,-35.0,129.375,1.7835083
2070-01-01T12:00:00Z,-35.0,131.25,1.7547913
2070-01-01T12:00:00Z,-35.0,133.125,1.7206421
2070-01-01T12:00:00Z,-35.0,135.0,1.8086853
2070-01-01T12:00:00Z,-35.0,136.875,1.8319702
2070-01-01T12:00:00Z,-35.0,138.75,2.406433
2070-01-01T12:00:00Z,-35.0,140.625,2.643219
2070-01-01T12:00:00Z,-35.0,142.5,2.78833
2070-01-01T12:00:00Z,-35.0,144.375,3.0586548
2070-01-01T12:00:00Z,-35.0,146.25,3.2563171
2070-01-01T12:00:00Z,-35.0,148.125,3.3249207
2070-01-01T12:00:00Z,-35.0,150.0,3.1000671
2070-01-01T12:00:00Z,-35.0,151.875,2.8452759
2070-01-01T12:00:00Z,-35.0,153.75,2.7294312
2070-01-01T12:00:00Z,-35.0,155.625,2.4292908
2070-01-01T12:00:00Z,-35.0,157.5,2.1298218
2070-01-01T12:00:00Z,-35.0,159.375,2.211609
2070-01-01T12:00:00Z,-35.0,161.25,2.3843079
2070-01-01T12:00:00Z,-35.0,163.125,2.4222717
2070-01-01T12:00:00Z,-35.0,165.0,2.3779907
2070-01-01T12:00:00Z,-35.0,166.875,2.328827
2070-01-01T12:00:00Z,-35.0,168.75,2.3172302
2070-01-01T12:00:00Z,-35.0,170.625,2.362091
2070-01-01T12:00:00Z,-35.0,172.5,2.414154
2070-01-01T12:00:00Z,-35.0,174.375,2.315918
2070-01-01T12:00:00Z,-35.0,176.25,2.1435242
2070-01-01T12:00:00Z,-35.0,178.125,1.9402771
2070-01-01T12:00:00Z,-35.0,180.0,1.780365
2070-01-01T12:00:00Z,-33.75,90.0,1.9413452
2070-01-01T12:00:00Z,-33.75,91.875,1.9289246
2070-01-01T12:00:00Z,-33.75,93.75,1.9120789
2070-01-01T12:00:00Z,-33.75,95.625,1.8999634
2070-01-01T12:00:00Z,-33.75,97.5,1.8807068
2070-01-01T12:00:00Z,-33.75,99.375,1.8496399
2070-01-01T12:00:00Z,-33.75,101.25,1.8108215
2070-01-01T12:00:00Z,-33.75,103.125,1.7756958
2070-01-01T12:00:00Z,-33.75,105.0,1.746521
2070-01-01T12:00:00Z,-33.75,106.875,1.7234802
2070-01-01T12:00:00Z,-33.75,108.75,1.6967773
2070-01-01T12:00:00Z,-33.75,110.625,1.6843567
2070-01-01T12:00:00Z,-33.75,112.5,1.7063599
2070-01-01T12:00:00Z,-33.75,114.375,1.7823181
2070-01-01T12:00:00Z,-33.75,116.25,2.2504272
2070-01-01T12:00:00Z,-33.75,118.125,2.4963684
2070-01-01T12:00:00Z,-33.75,120.0,2.2574768
2070-01-01T12:00:00Z,-33.75,121.875,2.2203674
2070-01-01T12:00:00Z,-33.75,123.75,2.0226746
2070-01-01T12:00:00Z,-33.75,125.625,1.821991
2070-01-01T12:00:00Z,-33.75,127.5,1.8234253
2070-01-01T12:00:00Z,-33.75,129.375,1.7905273
2070-01-01T12:00:00Z,-33.75,131.25,1.7432556
2070-01-01T12:00:00Z,-33.75,133.125,1.7320557
2070-01-01T12:00:00Z,-33.75,135.0,2.050354
2070-01-01T12:00:00Z,-33.75,136.875,2.2935486
2070-01-01T12:00:00Z,-33.75,138.75,2.6184692
2070-01-01T12:00:00Z,-33.75,140.625,2.746521
2070-01-01T12:00:00Z,-33.75,142.5,2.8953857
2070-01-01T12:00:00Z,-33.75,144.375,3.128601
2070-01-01T12:00:00Z,-33.75,146.25,3.3504944
2070-01-01T12:00:00Z,-33.75,148.125,3.3786926
2070-01-01T12:00:00Z,-33.75,150.0,3.2901917
2070-01-01T12:00:00Z,-33.75,151.875,2.7968445
2070-01-01T12:00:00Z,-33.75,153.75,2.6412659
2070-01-01T12:00:00Z,-33.75,155.625,2.4083862
2070-01-01T12:00:00Z,-33.75,157.5,2.1061401
2070-01-01T12:00:00Z,-33.75,159.375,1.9657288
2070-01-01T12:00:00Z,-33.75,161.25,2.111145
2070-01-01T12:00:00Z,-33.75,163.125,2.2303162
2070-01-01T12:00:00Z,-33.75,165.0,2.2538147
2070-01-01T12:00:00Z,-33.75,166.875,2.2860107
2070-01-01T12:00:00Z,-33.75,168.75,2.3039246
2070-01-01T12:00:00Z,-33.75,170.625,2.2791138
2070-01-01T12:00:00Z,-33.75,172.5,2.2546387
2070-01-01T12:00:00Z,-33.75,174.375,2.170288
2070-01-01T12:00:00Z,-33.75,176.25,2.0115356
2070-01-01T12:00:00Z,-33.75,178.125,1.8050232
2070-01-01T12:00:00Z,-33.75,180.0,1.6976318
2070-01-01T12:00:00Z,-32.5,90.0,1.9704895
2070-01-01T12:00:00Z,-32.5,91.875,1.9477234
2070-01-01T12:00:00Z,-32.5,93.75,1.921814
2070-01-01T12:00:00Z,-32.5,95.625,1.896759
2070-01-01T12:00:00Z,-32.5,97.5,1.8735352
2070-01-01T12:00:00Z,-32.5,99.375,1.8478699
2070-01-01T12:00:00Z,-32.5,101.25,1.8204651
2070-01-01T12:00:00Z,-32.5,103.125,1.7904358
2070-01-01T12:00:00Z,-32.5,105.0,1.7648621
2070-01-01T12:00:00Z,-32.5,106.875,1.7424316
2070-01-01T12:00:00Z,-32.5,108.75,1.7155762
2070-01-01T12:00:00Z,-32.5,110.625,1.7172546
2070-01-01T12:00:00Z,-32.5,112.5,1.7778931
2070-01-01T12:00:00Z,-32.5,114.375,1.8965149
2070-01-01T12:00:00Z,-32.5,116.25,2.4849548
2070-01-01T12:00:00Z,-32.5,118.125,2.8945312
2070-01-01T12:00:00Z,-32.5,120.0,2.7928162
2070-01-01T12:00:00Z,-32.5,121.875,2.6552124
2070-01-01T12:00:00Z,-32.5,123.75,2.4782104
2070-01-01T12:00:00Z,-32.5,125.625,2.160736
2070-01-01T12:00:00Z,-32.5,127.5,1.875885
2070-01-01T12:00:00Z,-32.5,129.375,1.8527527
2070-01-01T12:00:00Z,-32.5,131.25,1.8276978
2070-01-01T12:00:00Z,-32.5,133.125,1.8504028
2070-01-01T12:00:00Z,-32.5,135.0,2.6469727
2070-01-01T12:00:00Z,-32.5,136.875,2.750885
2070-01-01T12:00:00Z,-32.5,138.75,2.869934
2070-01-01T12:00:00Z,-32.5,140.625,2.909607
2070-01-01T12:00:00Z,-32.5,142.5,2.996582
2070-01-01T12:00:00Z,-32.5,144.375,3.1868591
2070-01-01T12:00:00Z,-32.5,146.25,3.3959656
2070-01-01T12:00:00Z,-32.5,148.125,3.467102
2070-01-01T12:00:00Z,-32.5,150.0,3.4125671
2070-01-01T12:00:00Z,-32.5,151.875,3.0006409
2070-01-01T12:00:00Z,-32.5,153.75,2.5668335
2070-01-01T12:00:00Z,-32.5,155.625,2.3376465
2070-01-01T12:00:00Z,-32.5,157.5,2.1236267
2070-01-01T12:00:00Z,-32.5,159.375,1.9181213
2070-01-01T12:00:00Z,-32.5,161.25,1.9518738
2070-01-01T12:00:00Z,-32.5,163.125,2.0692444
2070-01-01T12:00:00Z,-32.5,165.0,2.1217346
2070-01-01T12:00:00Z,-32.5,166.875,2.1889954
2070-01-01T12:00:00Z,-32.5,168.75,2.2152405
2070-01-01T12:00:00Z,-32.5,170.625,2.1603394
2070-01-01T12:00:00Z,-32.5,172.5,2.101715
2070-01-01T12:00:00Z,-32.5,174.375,2.0097961
2070-01-01T12:00:00Z,-32.5,176.25,1.8680725
2070-01-01T12:00:00Z,-32.5,178.125,1.7232971
2070-01-01T12:00:00Z,-32.5,180.0,1.7197266
2070-01-01T12:00:00Z,-31.25,90.0,1.9718018
2070-01-01T12:00:00Z,-31.25,91.875,1.9506226
2070-01-01T12:00:00Z,-31.25,93.75,1.922699
2070-01-01T12:00:00Z,-31.25,95.625,1.8931885
2070-01-01T12:00:00Z,-31.25,97.5,1.8684998
2070-01-01T12:00:00Z,-31.25,99.375,1.8462219
2070-01-01T12:00:00Z,-31.25,101.25,1.8231812
2070-01-01T12:00:00Z,-31.25,103.125,1.7976379
2070-01-01T12:00:00Z,-31.25,105.0,1.7746582
2070-01-01T12:00:00Z,-31.25,106.875,1.743042
2070-01-01T12:00:00Z,-31.25,108.75,1.717041
2070-01-01T12:00:00Z,-31.25,110.625,1.756073
2070-01-01T12:00:00Z,-31.25,112.5,1.861145
2070-01-01T12:00:00Z,-31.25,114.375,2.0072327
2070-01-01T12:00:00Z,-31.25,116.25,2.7816772
2070-01-01T12:00:00Z,-31.25,118.125,3.179718
2070-01-01T12:00:00Z,-31.25,120.0,3.086731
2070-01-01T12:00:00Z,-31.25,121.875,2.8862305
2070-01-01T12:00:00Z,-31.25,123.75,2.7523193
2070-01-01T12:00:00Z,-31.25,125.625,2.6278687
2070-01-01T12:00:00Z,-31.25,127.5,2.6742554
2070-01-01T12:00:00Z,-31.25,129.375,2.6073303
2070-01-01T12:00:00Z,-31.25,131.25,2.658966
2070-01-01T12:00:00Z,-31.25,133.125,2.7105103
2070-01-01T12:00:00Z,-31.25,135.0,2.7861938
2070-01-01T12:00:00Z,-31.25,136.875,2.848877
2070-01-01T12:00:00Z,-31.25,138.75,3.0160828
2070-01-01T12:00:00Z,-31.25,140.625,3.0969238
2070-01-01T12:00:00Z,-31.25,142.5,3.133728
2070-01-01T12:00:00Z,-31.25,144.375,3.2632446
2070-01-01T12:00:00Z,-31.25,146.25,3.5476074
2070-01-01T12:00:00Z,-31.25,148.125,3.6265259
2070-01-01T12:00:00Z,-31.25,150.0,3.563202
2070-01-01T12:00:00Z,-31.25,151.875,3.3101501
2070-01-01T12:00:00Z,-31.25,153.75,2.5241394
2070-01-01T12:00:00Z,-31.25,155.625,2.2722168
2070-01-01T12:00:00Z,-31.25,157.5,2.1379395
2070-01-01T12:00:00Z,-31.25,159.375,1.9860535
2070-01-01T12:00:00Z,-31.25,161.25,1.9878845
2070-01-01T12:00:00Z,-31.25,163.125,2.0766602
2070-01-01T12:00:00Z,-31.25,165.0,2.1057434
2070-01-01T12:00:00Z,-31.25,166.875,2.1323547
2070-01-01T12:00:00Z,-31.25,168.75,2.117859
2070-01-01T12:00:00Z,-31.25,170.625,2.0488586
2070-01-01T12:00:00Z,-31.25,172.5,1.9759521
2070-01-01T12:00:00Z,-31.25,174.375,1.882782
2070-01-01T12:00:00Z,-31.25,176.25,1.7895813
2070-01-01T12:00:00Z,-31.25,178.125,1.7631836
2070-01-01T12:00:00Z,-31.25,180.0,1.8506165
2070-01-01T12:00:00Z,-30.0,90.0,1.9692688
2070-01-01T12:00:00Z,-30.0,91.875,1.95224
2070-01-01T12:00:00Z,-30.0,93.75,1.9286804
2070-01-01T12:00:00Z,-30.0,95.625,1.8992004
2070-01-01T12:00:00Z,-30.0,97.5,1.8729553
2070-01-01T12:00:00Z,-30.0,99.375,1.8448486
2070-01-01T12:00:00Z,-30.0,101.25,1.8091736
2070-01-01T12:00:00Z,-30.0,103.125,1.7806702
2070-01-01T12:00:00Z,-30.0,105.0,1.7405396
2070-01-01T12:00:00Z,-30.0,106.875,1.7038574
2070-01-01T12:00:00Z,-30.0,108.75,1.7158508
2070-01-01T12:00:00Z,-30.0,110.625,1.8205872
2070-01-01T12:00:00Z,-30.0,112.5,1.946106
2070-01-01T12:00:00Z,-30.0,114.375,2.1553955
2070-01-01T12:00:00Z,-30.0,116.25,3.226471
2070-01-01T12:00:00Z,-30.0,118.125,3.3422852
2070-01-01T12:00:00Z,-30.0,120.0,3.218872
2070-01-01T12:00:00Z,-30.0,121.875,3.0290222
2070-01-01T12:00:00Z,-30.0,123.75,2.907318
2070-01-01T12:00:00Z,-30.0,125.625,2.8668213
2070-01-01T12:00:00Z,-30.0,127.5,2.9164124
2070-01-01T12:00:00Z,-30.0,129.375,2.8484497
2070-01-01T12:00:00Z,-30.0,131.25,2.826355
2070-01-01T12:00:00Z,-30.0,133.125,2.8060608
2070-01-01T12:00:00Z,-30.0,135.0,2.9172974
2070-01-01T12:00:00Z,-30.0,136.875,2.968811
2070-01-01T12:00:00Z,-30.0,138.75,3.1179504
2070-01-01T12:00:00Z,-30.0,140.625,3.1908875
2070-01-01T12:00:00Z,-30.0,142.5,3.2279053
2070-01-01T12:00:00Z,-30.0,144.375,3.3590698
2070-01-01T12:00:00Z,-30.0,146.25,3.5986328
2070-01-01T12:00:00Z,-30.0,148.125,3.712494
2070-01-01T12:00:00Z,-30.0,150.0,3.671753
2070-01-01T12:00:00Z,-30.0,151.875,3.358551
2070-01-01T12:00:00Z,-30.0,153.75,2.473755
2070-01-01T12:00:00Z,-30.0,155.625,2.2314758
2070-01-01T12:00:00Z,-30.0,157.5,2.1716614
2070-01-01T12:00:00Z,-30.0,159.375,2.0854187
2070-01-01T12:00:00Z,-30.0,161.25,2.0882874
2070-01-01T12:00:00Z,-30.0,163.125,2.1410522
2070-01-01T12:00:00Z,-30.0,165.0,2.1374512
2070-01-01T12:00:00Z,-30.0,166.875,2.110199
2070-01-01T12:00:00Z,-30.0,168.75,2.0586853
2070-01-01T12:00:00Z,-30.0,170.625,1.9816895
2070-01-01T12:00:00Z,-30.0,172.5,1.9181519
2070-01-01T12:00:00Z,-30.0,174.375,1.8734741
2070-01-01T12:00:00Z,-30.0,176.25,1.8742065
2070-01-01T12:00:00Z,-30.0,178.125,1.9421387
2070-01-01T12:00:00Z,-30.0,180.0,2.0366516
2070-01-01T12:00:00Z,-28.75,90.0,1.9548035
2070-01-01T12:00:00Z,-28.75,91.875,1.9443054
2070-01-01T12:00:00Z,-28.75,93.75,1.9222412
2070-01-01T12:00:00Z,-28.75,95.625,1.8884277
2070-01-01T12:00:00Z,-28.75,97.5,1.8473511
2070-01-01T12:00:00Z,-28.75,99.375,1.800415
2070-01-01T12:00:00Z,-28.75,101.25,1.742157
2070-01-01T12:00:00Z,-28.75,103.125,1.698883
2070-01-01T12:00:00Z,-28.75,105.0,1.65802
2070-01-01T12:00:00Z,-28.75,106.875,1.6662903
2070-01-01T12:00:00Z,-28.75,108.75,1.7545166
2070-01-01T12:00:00Z,-28.75,110.625,1.8887634
2070-01-01T12:00:00Z,-28.75,112.5,2.007141
2070-01-01T12:00:00Z,-28.75,114.375,2.2174683
2070-01-01T12:00:00Z,-28.75,116.25,3.3645935
2070-01-01T12:00:00Z,-28.75,118.125,3.5867615
2070-01-01T12:00:00Z,-28.75,120.0,3.4845886
2070-01-01T12:00:00Z,-28.75,121.875,3.3483582
2070-01-01T12:00:00Z,-28.75,123.75,3.2947998
2070-01-01T12:00:00Z,-28.75,125.625,3.2117004
2070-01-01T12:00:00Z,-28.75,127.5,3.1591187
2070-01-01T12:00:00Z,-28.75,129.375,3.0552063
2070-01-01T12:00:00Z,-28.75,131.25,3.0170898
2070-01-01T12:00:00Z,-28.75,133.125,2.88797
2070-01-01T12:00:00Z,-28.75,135.0,2.9631348
2070-01-01T12:00:00Z,-28.75,136.875,3.1033936
2070-01-01T12:00:00Z,-28.75,138.75,3.1950073
2070-01-01T12:00:00Z,-28.75,140.625,3.329956
2070-01-01T12:00:00Z,-28.75,142.5,3.389923
2070-01-01T12:00:00Z,-28.75,144.375,3.5263062
2070-01-01T12:00:00Z,-28.75,146.25,3.6463318
2070-01-01T12:00:00Z,-28.75,148.125,3.7294617
2070-01-01T12:00:00Z,-28.75,150.0,3.5719604
2070-01-01T12:00:00Z,-28.75,151.875,3.3573914
2070-01-01T12:00:00Z,-28.75,153.75,2.5921326
2070-01-01T12:00:00Z,-28.75,155.625,2.1984558
2070-01-01T12:00:00Z,-28.75,157.5,2.2103882
2070-01-01T12:00:00Z,-28.75,159.375,2.1670227
2070-01-01T12:00:00Z,-28.75,161.25,2.174408
2070-01-01T12:00:00Z,-28.75,163.125,2.1803284
2070-01-01T12:00:00Z,-28.75,165.0,2.1497192
2070-01-01T12:00:00Z,-28.75,166.875,2.1000977
2070-01-01T12:00:00Z,-28.75,168.75,2.037201
2070-01-01T12:00:00Z,-28.75,170.625,1.9887085
2070-01-01T12:00:00Z,-28.75,172.5,1.9831543
2070-01-01T12:00:00Z,-28.75,174.375,2.007141
2070-01-01T12:00:00Z,-28.75,176.25,2.059784
2070-01-01T12:00:00Z,-28.75,178.125,2.1315918
2070-01-01T12:00:00Z,-28.75,180.0,2.1754456
2070-01-01T12:00:00Z,-27.5,90.0,1.9010315
2070-01-01T12:00:00Z,-27.5,91.875,1.8878784
2070-01-01T12:00:00Z,-27.5,93.75,1.8554993
2070-01-01T12:00:00Z,-27.5,95.625,1.8046875
2070-01-01T12:00:00Z,-27.5,97.5,1.7388916
2070-01-01T12:00:00Z,-27.5,99.375,1.6712341
2070-01-01T12:00:00Z,-27.5,101.25,1.6038513
2070-01-01T12:00:00Z,-27.5,103.125,1.5742493
2070-01-01T12:00:00Z,-27.5,105.0,1.5921326
2070-01-01T12:00:00Z,-27.5,106.875,1.6879578
2070-01-01T12:00:00Z,-27.5,108.75,1.818573
2070-01-01T12:00:00Z,-27.5,110.625,1.9355774
2070-01-01T12:00:00Z,-27.5,112.5,2.049469
2070-01-01T12:00:00Z,-27.5,114.375,2.6254578
2070-01-01T12:00:00Z,-27.5,116.25,3.5767212
2070-01-01T12:00:00Z,-27.5,118.125,3.7305908
2070-01-01T12:00:00Z,-27.5,120.0,3.7019348
2070-01-01T12:00:00Z,-27.5,121.875,3.6592102
2070-01-01T12:00:00Z,-27.5,123.75,3.5846863
2070-01-01T12:00:00Z,-27.5,125.625,3.563202
2070-01-01T12:00:00Z,-27.5,127.5,3.462677
2070-01-01T12:00:00Z,-27.5,129.375,3.384369
2070-01-01T12:00:00Z,-27.5,131.25,3.2495728
2070-01-01T12:00:00Z,-27.5,133.125,3.018341
2070-01-01T12:00:00Z,-27.5,135.0,2.9282532
2070-01-01T12:00:00Z,-27.5,136.875,3.0848694
2070-01-01T12:00:00Z,-27.5,138.75,3.3668823
2070-01-01T12:00:00Z,-27.5,140.625,3.369934
2070-01-01T12:00:00Z,-27.5,142.5,3.5707703
2070-01-01T12:00:00Z,-27.5,144.375,3.6213684
2070-01-01T12:00:00Z,-27.5,146.25,3.6831055
2070-01-01T12:00:00Z,-27.5,148.125,3.6931458
2070-01-01T12:00:00Z,-27.5,150.0,3.4898376
2070-01-01T12:00:00Z,-27.5,151.875,3.2486572
2070-01-01T12:00:00Z,-27.5,153.75,2.2867737
2070-01-01T12:00:00Z,-27.5,155.625,2.1819458
2070-01-01T12:00:00Z,-27.5,157.5,2.2241821
2070-01-01T12:00:00Z,-27.5,159.375,2.2070618
2070-01-01T12:00:00Z,-27.5,161.25,2.2089233
2070-01-01T12:00:00Z,-27.5,163.125,2.1844177
2070-01-01T12:00:00Z,-27.5,165.0,2.1679382
2070-01-01T12:00:00Z,-27.5,166.875,2.1304932
2070-01-01T12:00:00Z,-27.5,168.75,2.090393
2070-01-01T12:00:00Z,-27.5,170.625,2.0902405
2070-01-01T12:00:00Z,-27.5,172.5,2.1151123
2070-01-01T12:00:00Z,-27.5,174.375,2.1476135
2070-01-01T12:00:00Z,-27.5,176.25,2.1772156
2070-01-01T12:00:00Z,-27.5,178.125,2.2089539
2070-01-01T12:00:00Z,-27.5,180.0,2.2296753
2070-01-01T12:00:00Z,-26.25,90.0,1.7681274
2070-01-01T12:00:00Z,-26.25,91.875,1.7396545
2070-01-01T12:00:00Z,-26.25,93.75,1.6985779
2070-01-01T12:00:00Z,-26.25,95.625,1.639679
2070-01-01T12:00:00Z,-26.25,97.5,1.5766907
2070-01-01T12:00:00Z,-26.25,99.375,1.519928
2070-01-01T12:00:00Z,-26.25,101.25,1.486145
2070-01-01T12:00:00Z,-26.25,103.125,1.5114136
2070-01-01T12:00:00Z,-26.25,105.0,1.611023
2070-01-01T12:00:00Z,-26.25,106.875,1.7368469
2070-01-01T12:00:00Z,-26.25,108.75,1.8501587
2070-01-01T12:00:00Z,-26.25,110.625,1.9630432
2070-01-01T12:00:00Z,-26.25,112.5,2.0757446
2070-01-01T12:00:00Z,-26.25,114.375,2.8267822
2070-01-01T12:00:00Z,-26.25,116.25,3.663147
2070-01-01T12:00:00Z,-26.25,118.125,3.9055176
2070-01-01T12:00:00Z,-26.25,120.0,3.9370728
2070-01-01T12:00:00Z,-26.25,121.875,3.8559875
2070-01-01T12:00:00Z,-26.25,123.75,3.8240662
2070-01-01T12:00:00Z,-26.25,125.625,3.751587
2070-01-01T12:00:00Z,-26.25,127.5,3.6776123
2070-01-01T12:00:00Z,-26.25,129.375,3.6109924
2070-01-01T12:00:00Z,-26.25,131.25,3.340332
2070-01-01T12:00:00Z,-26.25,133.125,3.0749512
2070-01-01T12:00:00Z,-26.25,135.0,3.139801
2070-01-01T12:00:00Z,-26.25,136.875,3.2882996
2070-01-01T12:00:00Z,-26.25,138.75,3.3607178
2070-01-01T12:00:00Z,-26.25,140.625,3.612091
2070-01-01T12:00:00Z,-26.25,142.5,3.6548767
2070-01-01T12:00:00Z,-26.25,144.375,3.6803284
2070-01-01T12:00:00Z,-26.25,146.25,3.668396
2070-01-01T12:00:00Z,-26.25,148.125,3.5830078
2070-01-01T12:00:00Z,-26.25,150.0,3.3996277
2070-01-01T12:00:00Z,-26.25,151.875,3.1607056
2070-01-01T12:00:00Z,-26.25,153.75,2.2219238
2070-01-01T12:00:00Z,-26.25,155.625,2.1538086
2070-01-01T12:00:00Z,-26.25,157.5,2.19104
2070-01-01T12:00:00Z,-26.25,159.375,2.1959534
2070-01-01T12:00:00Z,-26.25,161.25,2.204773
2070-01-01T12:00:00Z,-26.25,163.125,2.1794128
2070-01-01T12:00:00Z,-26.25,165.0,2.183075
2070-01-01T12:00:00Z,-26.25,166.875,2.1782227
2070-01-01T12:00:00Z,-26.25,168.75,2.1644897
2070-01-01T12:00:00Z,-26.25,170.625,2.1732483
2070-01-01T12:00:00Z,-26.25,172.5,2.188507
2070-01-01T12:00:00Z,-26.25,174.375,2.192627
2070-01-01T12:00:00Z,-26.25,176.25,2.1914673
2070-01-01T12:00:00Z,-26.25,178.125,2.19458
2070-01-01T12:00:00Z,-26.25,180.0,2.211975
2070-01-01T12:00:00Z,-25.0,90.0,1.6182556
2070-01-01T12:00:00Z,-25.0,91.875,1.5874939
2070-01-01T12:00:00Z,-25.0,93.75,1.551117
2070-01-01T12:00:00Z,-25.0,95.625,1.5117188
2070-01-01T12:00:00Z,-25.0,97.5,1.4821777
2070-01-01T12:00:00Z,-25.0,99.375,1.459198
2070-01-01T12:00:00Z,-25.0,101.25,1.4642334
2070-01-01T12:00:00Z,-25.0,103.125,1.5299988
2070-01-01T12:00:00Z,-25.0,105.0,1.6629944
2070-01-01T12:00:00Z,-25.0,106.875,1.7859192
2070-01-01T12:00:00Z,-25.0,108.75,1.8714905
2070-01-01T12:00:00Z,-25.0,110.625,1.9786987
2070-01-01T12:00:00Z,-25.0,112.5,2.0975342
2070-01-01T12:00:00Z,-25.0,114.375,2.9139404
2070-01-01T12:00:00Z,-25.0,116.25,3.839569
2070-01-01T12:00:00Z,-25.0,118.125,4.119385
2070-01-01T12:00:00Z,-25.0,120.0,4.0894775
2070-01-01T12:00:00Z,-25.0,121.875,4.05954
2070-01-01T12:00:00Z,-25.0,123.75,3.9464111
2070-01-01T12:00:00Z,-25.0,125.625,3.8937988
2070-01-01T12:00:00Z,-25.0,127.5,3.7908325
2070-01-01T12:00:00Z,-25.0,129.375,3.7332764
2070-01-01T12:00:00Z,-25.0,131.25,3.5884705
2070-01-01T12:00:00Z,-25.0,133.125,3.4008484
2070-01-01T12:00:00Z,-25.0,135.0,3.3961182
2070-01-01T12:00:00Z,-25.0,136.875,3.4347534
2070-01-01T12:00:00Z,-25.0,138.75,3.60318
2070-01-01T12:00:00Z,-25.0,140.625,3.7127075
2070-01-01T12:00:00Z,-25.0,142.5,3.6677551
2070-01-01T12:00:00Z,-25.0,144.375,3.6435242
2070-01-01T12:00:00Z,-25.0,146.25,3.5465088
2070-01-01T12:00:00Z,-25.0,148.125,3.4277039
2070-01-01T12:00:00Z,-25.0,150.0,3.2641296
2070-01-01T12:00:00Z,-25.0,151.875,2.7797852
2070-01-01T12:00:00Z,-25.0,153.75,2.1524048
2070-01-01T12:00:00Z,-25.0,155.625,2.1071472
2070-01-01T12:00:00Z,-25.0,157.5,2.1450195
2070-01-01T12:00:00Z,-25.0,159.375,2.1634216
2070-01-01T12:00:00Z,-25.0,161.25,2.184906
2070-01-01T12:00:00Z,-25.0,163.125,2.1643372
2070-01-01T12:00:00Z,-25.0,165.0,2.1701355
2070-01-01T12:00:00Z,-25.0,166.875,2.1826782
2070-01-01T12:00:00Z,-25.0,168.75,2.1911316
2070-01-01T12:00:00Z,-25.0,170.625,2.1948547
2070-01-01T12:00:00Z,-25.0,172.5,2.1889038
2070-01-01T12:00:00Z,-25.0,174.375,2.1643066
2070-01-01T12:00:00Z,-25.0,176.25,2.1414795
2070-01-01T12:00:00Z,-25.0,178.125,2.1300964
2070-01-01T12:00:00Z,-25.0,180.0,2.1327515
2070-01-01T12:00:00Z,-23.75,90.0,1.5632935
2070-01-01T12:00:00Z,-23.75,91.875,1.5498047
2070-01-01T12:00:00Z,-23.75,93.75,1.5385437
2070-01-01T12:00:00Z,-23.75,95.625,1.5278931
2070-01-01T12:00:00Z,-23.75,97.5,1.524231
2070-01-01T12:00:00Z,-23.75,99.375,1.5122375
2070-01-01T12:00:00Z,-23.75,101.25,1.5257874
2070-01-01T12:00:00Z,-23.75,103.125,1.5948181
2070-01-01T12:00:00Z,-23.75,105.0,1.7287292
2070-01-01T12:00:00Z,-23.75,106.875,1.8470764
2070-01-01T12:00:00Z,-23.75,108.75,1.9028931
2070-01-01T12:00:00Z,-23.75,110.625,1.992096
2070-01-01T12:00:00Z,-23.75,112.5,2.1116028
2070-01-01T12:00:00Z,-23.75,114.375,2.8589783
2070-01-01T12:00:00Z,-23.75,116.25,3.852356
2070-01-01T12:00:00Z,-23.75,118.125,4.067444
2070-01-01T12:00:00Z,-23.75,120.0,4.119629
2070-01-01T12:00:00Z,-23.75,121.875,4.092224
2070-01-01T12:00:00Z,-23.75,123.75,4.171509
2070-01-01T12:00:00Z,-23.75,125.625,4.243286
2070-01-01T12:00:00Z,-23.75,127.5,3.9855347
2070-01-01T12:00:00Z,-23.75,129.375,3.9540405
2070-01-01T12:00:00Z,-23.75,131.25,3.718933
2070-01-01T12:00:00Z,-23.75,133.125,3.5417786
2070-01-01T12:00:00Z,-23.75,135.0,3.4943237
2070-01-01T12:00:00Z,-23.75,136.875,3.604828
2070-01-01T12:00:00Z,-23.75,138.75,3.4960938
2070-01-01T12:00:00Z,-23.75,140.625,3.6985168
2070-01-01T12:00:00Z,-23.75,142.5,3.585205
2070-01-01T12:00:00Z,-23.75,144.375,3.506012
2070-01-01T12:00:00Z,-23.75,146.25,3.449707
2070-01-01T12:00:00Z,-23.75,148.125,3.2911377
2070-01-01T12:00:00Z,-23.75,150.0,3.051361
2070-01-01T12:00:00Z,-23.75,151.875,2.2286987
2070-01-01T12:00:00Z,-23.75,153.75,2.0995789
2070-01-01T12:00:00Z,-23.75,155.625,2.0512695
2070-01-01T12:00:00Z,-23.75,157.5,2.0940552
2070-01-01T12:00:00Z,-23.75,159.375,2.1433716
2070-01-01T12:00:00Z,-23.75,161.25,2.1628418
2070-01-01T12:00:00Z,-23.75,163.125,2.142456
2070-01-01T12:00:00Z,-23.75,165.0,2.1385498
2070-01-01T12:00:00Z,-23.75,166.875,2.1497192
2070-01-01T12:00:00Z,-23.75,168.75,2.1704407
2070-01-01T12:00:00Z,-23.75,170.625,2.1523438
2070-01-01T12:00:00Z,-23.75,172.5,2.128357
2070-01-01T12:00:00Z,-23.75,174.375,2.0853577
2070-01-01T12:00:00Z,-23.75,176.25,2.05365
2070-01-01T12:00:00Z,-23.75,178.125,2.0361938
2070-01-01T12:00:00Z,-23.75,180.0,2.0274963
2070-01-01T12:00:00Z,-22.5,90.0,1.642334
2070-01-01T12:00:00Z,-22.5,91.875,1.6553955
2070-01-01T12:00:00Z,-22.5,93.75,1.6643372
2070-01-01T12:00:00Z,-22.5,95.625,1.6677246
2070-01-01T12:00:00Z,-22.5,97.5,1.663971
2070-01-01T12:00:00Z,-22.5,99.375,1.6392212
2070-01-01T12:00:00Z,-22.5,101.25,1.6441345
2070-01-01T12:00:00Z,-22.5,103.125,1.7064819
2070-01-01T12:00:00Z,-22.5,105.0,1.8242493
2070-01-01T12:00:00Z,-22.5,106.875,1.9173279
2070-01-01T12:00:00Z,-22.5,108.75,1.9440308
2070-01-01T12:00:00Z,-22.5,110.625,2.0097656
2070-01-01T12:00:00Z,-22.5,112.5,2.1231384
2070-01-01T12:00:00Z,-22.5,114.375,2.6997986
2070-01-01T12:00:00Z,-22.5,116.25,3.7901306
2070-01-01T12:00:00Z,-22.5,118.125,3.9904785
2070-01-01T12:00:00Z,-22.5,120.0,4.1162415
2070-01-01T12:00:00Z,-22.5,121.875,4.1630554
2070-01-01T12:00:00Z,-22.5,123.75,4.1401978
2070-01-01T12:00:00Z,-22.5,125.625,4.221924
2070-01-01T12:00:00Z,-22.5,127.5,4.054077
2070-01-01T12:00:00Z,-22.5,129.375,3.8702698
2070-01-01T12:00:00Z,-22.5,131.25,3.8390198
2070-01-01T12:00:00Z,-22.5,133.125,3.6872559
2070-01-01T12:00:00Z,-22.5,135.0,3.658966
2070-01-01T12:00:00Z,-22.5,136.875,3.6384583
2070-01-01T12:00:00Z,-22.5,138.75,3.6631165
2070-01-01T12:00:00Z,-22.5,140.625,3.6201477
2070-01-01T12:00:00Z,-22.5,142.5,3.5765076
2070-01-01T12:00:00Z,-22.5,144.375,3.5128784
2070-01-01T12:00:00Z,-22.5,146.25,3.3186035
2070-01-01T12:00:00Z,-22.5,148.125,3.1624756
2070-01-01T12:00:00Z,-22.5,150.0,2.5707397
2070-01-01T12:00:00Z,-22.5,151.875,2.0909119
2070-01-01T12:00:00Z,-22.5,153.75,2.0646057
2070-01-01T12:00:00Z,-22.5,155.625,2.0140991
2070-01-01T12:00:00Z,-22.5,157.5,2.0437622
2070-01-01T12:00:00Z,-22.5,159.375,2.1234741
2070-01-01T12:00:00Z,-22.5,161.25,2.1431274
2070-01-01T12:00:00Z,-22.5,163.125,2.1293335
2070-01-01T12:00:00Z,-22.5,165.0,2.1229858
2070-01-01T12:00:00Z,-22.5,166.875,2.187378
2070-01-01T12:00:00Z,-22.5,168.75,2.0852966
2070-01-01T12:00:00Z,-22.5,170.625,2.0713806
2070-01-01T12:00:00Z,-22.5,172.5,2.0446777
2070-01-01T12:00:00Z,-22.5,174.375,2.0009155
2070-01-01T12:00:00Z,-22.5,176.25,1.9765625
2070-01-01T12:00:00Z,-22.5,178.125,1.9534912
2070-01-01T12:00:00Z,-22.5,180.0,1.9294128
2070-01-01T12:00:00Z,-21.25,90.0,1.7672424
2070-01-01T12:00:00Z,-21.25,91.875,1.7944336
2070-01-01T12:00:00Z,-21.25,93.75,1.8035278
2070-01-01T12:00:00Z,-21.25,95.625,1.7967834
2070-01-01T12:00:00Z,-21.25,97.5,1.7858276
2070-01-01T12:00:00Z,-21.25,99.375,1.752655
2070-01-01T12:00:00Z,-21.25,101.25,1.7507324
2070-01-01T12:00:00Z,-21.25,103.125,1.8190308
2070-01-01T12:00:00Z,-21.25,105.0,1.9264526
2070-01-01T12:00:00Z,-21.25,106.875,1.9798584
2070-01-01T12:00:00Z,-21.25,108.75,1.9913635
2070-01-01T12:00:00Z,-21.25,110.625,2.0445557
2070-01-01T12:00:00Z,-21.25,112.5,2.1485596
2070-01-01T12:00:00Z,-21.25,114.375,2.4194336
2070-01-01T12:00:00Z,-21.25,116.25,3.325714
2070-01-01T12:00:00Z,-21.25,118.125,3.979248
2070-01-01T12:00:00Z,-21.25,120.0,3.949524
2070-01-01T12:00:00Z,-21.25,121.875,3.9510193
2070-01-01T12:00:00Z,-21.25,123.75,4.1338806
2070-01-01T12:00:00Z,-21.25,125.625,4.136902
2070-01-01T12:00:00Z,-21.25,127.5,4.021118
2070-01-01T12:00:00Z,-21.25,129.375,3.9667664
2070-01-01T12:00:00Z,-21.25,131.25,3.940979
2070-01-01T12:00:00Z,-21.25,133.125,3.8303223
2070-01-01T12:00:00Z,-21.25,135.0,3.7006226
2070-01-01T12:00:00Z,-21.25,136.875,3.5733643
2070-01-01T12:00:00Z,-21.25,138.75,3.545044
2070-01-01T12:00:00Z,-21.25,140.625,3.497406
2070-01-01T12:00:00Z,-21.25,142.5,3.3868103
2070-01-01T12:00:00Z,-21.25,144.375,3.3877258
2070-01-01T12:00:00Z,-21.25,146.25,3.1719055
2070-01-01T12:00:00Z,-21.25,148.125,2.8772278
2070-01-01T12:00:00Z,-21.25,150.0,2.0693665
2070-01-01T12:00:00Z,-21.25,151.875,2.0499573
2070-01-01T12:00:00Z,-21.25,153.75,2.0385742
2070-01-01T12:00:00Z,-21.25,155.625,2.0092163
2070-01-01T12:00:00Z,-21.25,157.5,2.0454407
2070-01-01T12:00:00Z,-21.25,159.375,2.119812
2070-01-01T12:00:00Z,-21.25,161.25,2.1359558
2070-01-01T12:00:00Z,-21.25,163.125,2.119934
2070-01-01T12:00:00Z,-21.25,165.0,2.0986938
2070-01-01T12:00:00Z,-21.25,166.875,2.130005
2070-01-01T12:00:00Z,-21.25,168.75,1.9968872
2070-01-01T12:00:00Z,-21.25,170.625,2.0082092
2070-01-01T12:00:00Z,-21.25,172.5,1.9900513
2070-01-01T12:00:00Z,-21.25,174.375,1.9655457
2070-01-01T12:00:00Z,-21.25,176.25,1.9560242
2070-01-01T12:00:00Z,-21.25,178.125,1.9265137
2070-01-01T12:00:00Z,-21.25,180.0,1.8968201
2070-01-01T12:00:00Z,-20.0,90.0,1.89328
2070-01-01T12:00:00Z,-20.0,91.875,1.9026184
2070-01-01T12:00:00Z,-20.0,93.75,1.890625
2070-01-01T12:00:00Z,-20.0,95.625,1.8810425
2070-01-01T12:00:00Z,-20.0,97.5,1.8722839
2070-01-01T12:00:00Z,-20.0,99.375,1.8372192
2070-01-01T12:00:00Z,-20.0,101.25,1.8465881
2070-01-01T12:00:00Z,-20.0,103.125,1.9307556
2070-01-01T12:00:00Z,-20.0,105.0,2.0113525
2070-01-01T12:00:00Z,-20.0,106.875,2.0210571
2070-01-01T12:00:00Z,-20.0,108.75,2.0319214
2070-01-01T12:00:00Z,-20.0,110.625,2.082611
2070-01-01T12:00:00Z,-20.0,112.5,2.1567383
2070-01-01T12:00:00Z,-20.0,114.375,2.3145447
2070-01-01T12:00:00Z,-20.0,116.25,2.445404
2070-01-01T12:00:00Z,-20.0,118.125,2.4631958
2070-01-01T12:00:00Z,-20.0,120.0,3.046814
2070-01-01T12:00:00Z,-20.0,121.875,3.6637573
2070-01-01T12:00:00Z,-20.0,123.75,3.9285278
2070-01-01T12:00:00Z,-20.0,125.625,4.0272217
2070-01-01T12:00:00Z,-20.0,127.5,3.9945984
2070-01-01T12:00:00Z,-20.0,129.375,3.9529114
2070-01-01T12:00:00Z,-20.0,131.25,3.7614746
2070-01-01T12:00:00Z,-20.0,133.125,3.730896
2070-01-01T12:00:00Z,-20.0,135.0,3.6482239
2070-01-01T12:00:00Z,-20.0,136.875,3.5205994
2070-01-01T12:00:00Z,-20.0,138.75,3.39505
2070-01-01T12:00:00Z,-20.0,140.625,3.1915894
2070-01-01T12:00:00Z,-20.0,142.5,3.2487183
2070-01-01T12:00:00Z,-20.0,144.375,3.1463013
2070-01-01T12:00:00Z,-20.0,146.25,2.8502808
2070-01-01T12:00:00Z,-20.0,148.125,2.2488708
2070-01-01T12:00:00Z,-20.0,150.0,2.0115967
2070-01-01T12:00:00Z,-20.0,151.875,2.0248108
2070-01-01T12:00:00Z,-20.0,153.75,2.0119324
2070-01-01T12:00:00Z,-20.0,155.625,2.021637
2070-01-01T12:00:00Z,-20.0,157.5,2.06958
2070-01-01T12:00:00Z,-20.0,159.375,2.107483
2070-01-01T12:00:00Z,-20.0,161.25,2.1064758
2070-01-01T12:00:00Z,-20.0,163.125,2.0679321
2070-01-01T12:00:00Z,-20.0,165.0,2.0220032
2070-01-01T12:00:00Z,-20.0,166.875,1.9967651
2070-01-01T12:00:00Z,-20.0,168.75,1.9806213
2070-01-01T12:00:00Z,-20.0,170.625,1.9750061
2070-01-01T12:00:00Z,-20.0,172.5,1.9617004
2070-01-01T12:00:00Z,-20.0,174.375,1.954956
2070-01-01T12:00:00Z,-20.0,176.25,1.9530029
2070-01-01T12:00:00Z,-20.0,178.125,1.9374084
2070-01-01T12:00:00Z,-20.0,180.0,1.9226074
2070-01-01T12:00:00Z,-18.75,90.0,1.9752197
2070-01-01T12:00:00Z,-18.75,91.875,1.9648438
2070-01-01T12:00:00Z,-18.75,93.75,1.9443665
2070-01-01T12:00:00Z,-18.75,95.625,1.9418945
2070-01-01T12:00:00Z,-18.75,97.5,1.9293518
2070-01-01T12:00:00Z,-18.75,99.375,1.9025574
2070-01-01T12:00:00Z,-18.75,101.25,1.9230347
2070-01-01T12:00:00Z,-18.75,103.125,2.005066
2070-01-01T12:00:00Z,-18.75,105.0,2.0511475
2070-01-01T12:00:00Z,-18.75,106.875,2.0390015
2070-01-01T12:00:00Z,-18.75,108.75,2.0586548
2070-01-01T12:00:00Z,-18.75,110.625,2.101532
2070-01-01T12:00:00Z,-18.75,112.5,2.1435852
2070-01-01T12:00:00Z,-18.75,114.375,2.2391968
2070-01-01T12:00:00Z,-18.75,116.25,2.3338013
2070-01-01T12:00:00Z,-18.75,118.125,2.378601
2070-01-01T12:00:00Z,-18.75,120.0,2.4172668
2070-01-01T12:00:00Z,-18.75,121.875,2.9283447
2070-01-01T12:00:00Z,-18.75,123.75,3.6299438
2070-01-01T12:00:00Z,-18.75,125.625,3.77359
2070-01-01T12:00:00Z,-18.75,127.5,3.7667542
2070-01-01T12:00:00Z,-18.75,129.375,3.8015747
2070-01-01T12:00:00Z,-18.75,131.25,3.7159119
2070-01-01T12:00:00Z,-18.75,133.125,3.5928345
2070-01-01T12:00:00Z,-18.75,135.0,3.382721
2070-01-01T12:00:00Z,-18.75,136.875,3.3588257
2070-01-01T12:00:00Z,-18.75,138.75,3.2940674
2070-01-01T12:00:00Z,-18.75,140.625,3.168579
2070-01-01T12:00:00Z,-18.75,142.5,3.1112366
2070-01-01T12:00:00Z,-18.75,144.375,2.883667
2070-01-01T12:00:00Z,-18.75,146.25,2.3439636
2070-01-01T12:00:00Z,-18.75,148.125,2.02417
2070-01-01T12:00:00Z,-18.75,150.0,2.008606
2070-01-01T12:00:00Z,-18.75,151.875,2.0080261
2070-01-01T12:00:00Z,-18.75,153.75,2.0107117
2070-01-01T12:00:00Z,-18.75,155.625,2.0394287
2070-01-01T12:00:00Z,-18.75,157.5,2.0598145
2070-01-01T12:00:00Z,-18.75,159.375,2.0703125
2070-01-01T12:00:00Z,-18.75,161.25,2.0601807
2070-01-01T12:00:00Z,-18.75,163.125,2.0136108
2070-01-01T12:00:00Z,-18.75,165.0,1.9876709
2070-01-01T12:00:00Z,-18.75,166.875,1.9885864
2070-01-01T12:00:00Z,-18.75,168.75,1.9897766
2070-01-01T12:00:00Z,-18.75,170.625,1.9667053
2070-01-01T12:00:00Z,-18.75,172.5,1.9541626
2070-01-01T12:00:00Z,-18.75,174.375,1.9448242
2070-01-01T12:00:00Z,-18.75,176.25,1.9385986
2070-01-01T12:00:00Z,-18.75,178.125,1.9490051
2070-01-01T12:00:00Z,-18.75,180.0,1.9444275
2070-01-01T12:00:00Z,-17.5,90.0,2.0142212
2070-01-01T12:00:00Z,-17.5,91.875,2.002716
2070-01-01T12:00:00Z,-17.5,93.75,1.9910278
2070-01-01T12:00:00Z,-17.5,95.625,1.9868774
2070-01-01T12:00:00Z,-17.5,97.5,1.9724426
2070-01-01T12:00:00Z,-17.5,99.375,1.960083
2070-01-01T12:00:00Z,-17.5,101.25,1.9916687
2070-01-01T12:00:00Z,-17.5,103.125,2.052185
2070-01-01T12:00:00Z,-17.5,105.0,2.0704956
2070-01-01T12:00:00Z,-17.5,106.875,2.0621033
2070-01-01T12:00:00Z,-17.5,108.75,2.0922546
2070-01-01T12:00:00Z,-17.5,110.625,2.1221924
2070-01-01T12:00:00Z,-17.5,112.5,2.1435852
2070-01-01T12:00:00Z,-17.5,114.375,2.189209
2070-01-01T12:00:00Z,-17.5,116.25,2.2562256
2070-01-01T12:00:00Z,-17.5,118.125,2.3477173
2070-01-01T12:00:00Z,-17.5,120.0,2.4238281
2070-01-01T12:00:00Z,-17.5,121.875,2.7571716
2070-01-01T12:00:00Z,-17.5,123.75,3.4982605
2070-01-01T12:00:00Z,-17.5,125.625,3.5055237
2070-01-01T12:00:00Z,-17.5,127.5,3.5024414
2070-01-01T12:00:00Z,-17.5,129.375,3.51474
2070-01-01T12:00:00Z,-17.5,131.25,3.6187744
2070-01-01T12:00:00Z,-17.5,133.125,3.543274
2070-01-01T12:00:00Z,-17.5,135.0,3.3290405
2070-01-01T12:00:00Z,-17.5,136.875,3.20401
2070-01-01T12:00:00Z,-17.5,138.75,2.9049072
2070-01-01T12:00:00Z,-17.5,140.625,2.778839
2070-01-01T12:00:00Z,-17.5,142.5,3.098297
2070-01-01T12:00:00Z,-17.5,144.375,2.720459
2070-01-01T12:00:00Z,-17.5,146.25,2.1797485
2070-01-01T12:00:00Z,-17.5,148.125,1.995636
2070-01-01T12:00:00Z,-17.5,150.0,2.0095215
2070-01-01T12:00:00Z,-17.5,151.875,2.0124207
2070-01-01T12:00:00Z,-17.5,153.75,2.028595
2070-01-01T12:00:00Z,-17.5,155.625,2.0396118
2070-01-01T12:00:00Z,-17.5,157.5,2.0360718
2070-01-01T12:00:00Z,-17.5,159.375,2.0341797
2070-01-01T12:00:00Z,-17.5,161.25,2.0191345
2070-01-01T12:00:00Z,-17.5,163.125,1.9918823
2070-01-01T12:00:00Z,-17.5,165.0,1.9905396
2070-01-01T12:00:00Z,-17.5,166.875,1.9895325
2070-01-01T12:00:00Z,-17.5,168.75,1.9898376
2070-01-01T12:00:00Z,-17.5,170.625,1.9650269
2070-01-01T12:00:00Z,-17.5,172.5,1.9530029
2070-01-01T12:00:00Z,-17.5,174.375,1.9573059
2070-01-01T12:00:00Z,-17.5,176.25,1.9949951
2070-01-01T12:00:00Z,-17.5,178.125,2.090149
2070-01-01T12:00:00Z,-17.5,180.0,1.9269714
2070-01-01T12:00:00Z,-16.25,90.0,2.036499
2070-01-01T12:00:00Z,-16.25,91.875,2.0334167
2070-01-01T12:00:00Z,-16.25,93.75,2.0310059
2070-01-01T12:00:00Z,-16.25,95.625,2.0258484
2070-01-01T12:00:00Z,-16.25,97.5,2.0154114
2070-01-01T12:00:00Z,-16.25,99.375,2.0181885
2070-01-01T12:00:00Z,-16.25,101.25,2.0485535
2070-01-01T12:00:00Z,-16.25,103.125,2.084961
2070-01-01T12:00:00Z,-16.25,105.0,2.1063538
2070-01-01T12:00:00Z,-16.25,106.875,2.1249084
2070-01-01T12:00:00Z,-16.25,108.75,2.1488647
2070-01-01T12:00:00Z,-16.25,110.625,2.1500244
2070-01-01T12:00:00Z,-16.25,112.5,2.1484375
2070-01-01T12:00:00Z,-16.25,114.375,2.1712036
2070-01-01T12:00:00Z,-16.25,116.25,2.2378235
2070-01-01T12:00:00Z,-16.25,118.125,2.3464966
2070-01-01T12:00:00Z,-16.25,120.0,2.4332275
2070-01-01T12:00:00Z,-16.25,121.875,2.4526062
2070-01-01T12:00:00Z,-16.25,123.75,2.7621155
2070-01-01T12:00:00Z,-16.25,125.625,3.3917847
2070-01-01T12:00:00Z,-16.25,127.5,3.4152832
2070-01-01T12:00:00Z,-16.25,129.375,3.3640137
2070-01-01T12:00:00Z,-16.25,131.25,3.4508362
2070-01-01T12:00:00Z,-16.25,133.125,3.3780518
2070-01-01T12:00:00Z,-16.25,135.0,3.2417908
2070-01-01T12:00:00Z,-16.25,136.875,2.8526
2070-01-01T12:00:00Z,-16.25,138.75,2.3420105
2070-01-01T12:00:00Z,-16.25,140.625,2.5071716
2070-01-01T12:00:00Z,-16.25,142.5,2.9916687
2070-01-01T12:00:00Z,-16.25,144.375,2.4264526
2070-01-01T12:00:00Z,-16.25,146.25,2.0210266
2070-01-01T12:00:00Z,-16.25,148.125,2.005249
2070-01-01T12:00:00Z,-16.25,150.0,2.0177002
2070-01-01T12:00:00Z,-16.25,151.875,2.0231628
2070-01-01T12:00:00Z,-16.25,153.75,2.0295105
2070-01-01T12:00:00Z,-16.25,155.625,2.0295715
2070-01-01T12:00:00Z,-16.25,157.5,2.0293884
2070-01-01T12:00:00Z,-16.25,159.375,2.0264282
2070-01-01T12:00:00Z,-16.25,161.25,2.0241394
2070-01-01T12:00:00Z,-16.25,163.125,2.0240784
2070-01-01T12:00:00Z,-16.25,165.0,2.058899
2070-01-01T12:00:00Z,-16.25,166.875,2.164093
2070-01-01T12:00:00Z,-16.25,168.75,2.0202942
2070-01-01T12:00:00Z,-16.25,170.625,1.9644775
2070-01-01T12:00:00Z,-16.25,172.5,1.9543152
2070-01-01T12:00:00Z,-16.25,174.375,1.9548645
2070-01-01T12:00:00Z,-16.25,176.25,1.9787598
2070-01-01T12:00:00Z,-16.25,178.125,1.9984741
2070-01-01T12:00:00Z,-16.25,180.0,2.0360107
2070-01-01T12:00:00Z,-15.0,90.0,2.0769653
2070-01-01T12:00:00Z,-15.0,91.875,2.078186
2070-01-01T12:00:00Z,-15.0,93.75,2.0786438
2070-01-01T12:00:00Z,-15.0,95.625,2.0744934
2070-01-01T12:00:00Z,-15.0,97.5,2.077301
2070-01-01T12:00:00Z,-15.0,99.375,2.091919
2070-01-01T12:00:00Z,-15.0,101.25,2.11969
2070-01-01T12:00:00Z,-15.0,103.125,2.1576538
2070-01-01T12:00:00Z,-15.0,105.0,2.1931458
2070-01-01T12:00:00Z,-15.0,106.875,2.2123413
2070-01-01T12:00:00Z,-15.0,108.75,2.2156067
2070-01-01T12:00:00Z,-15.0,110.625,2.1955261
2070-01-01T12:00:00Z,-15.0,112.5,2.1824036
2070-01-01T12:00:00Z,-15.0,114.375,2.204193
2070-01-01T12:00:00Z,-15.0,116.25,2.262207
2070-01-01T12:00:00Z,-15.0,118.125,2.3598938
2070-01-01T12:00:00Z,-15.0,120.0,2.4248047
2070-01-01T12:00:00Z,-15.0,121.875,2.4253235
2070-01-01T12:00:00Z,-15.0,123.75,2.4354858
2070-01-01T12:00:00Z,-15.0,125.625,3.242157
2070-01-01T12:00:00Z,-15.0,127.5,3.3194885
2070-01-01T12:00:00Z,-15.0,129.375,3.0449219
2070-01-01T12:00:00Z,-15.0,131.25,3.3406372
2070-01-01T12:00:00Z,-15.0,133.125,3.3830872
2070-01-01T12:00:00Z,-15.0,135.0,3.151825
2070-01-01T12:00:00Z,-15.0,136.875,2.2373657
2070-01-01T12:00:00Z,-15.0,138.75,2.249298
2070-01-01T12:00:00Z,-15.0,140.625,2.2770386
2070-01-01T12:00:00Z,-15.0,142.5,2.7024841
2070-01-01T12:00:00Z,-15.0,144.375,2.3955078
2070-01-01T12:00:00Z,-15.0,146.25,1.9939575
2070-01-01T12:00:00Z,-15.0,148.125,2.025879
2070-01-01T12:00:00Z,-15.0,150.0,2.0354614
2070-01-01T12:00:00Z,-15.0,151.875,2.0393066
2070-01-01T12:00:00Z,-15.0,153.75,2.0428772
2070-01-01T12:00:00Z,-15.0,155.625,2.0424194
2070-01-01T12:00:00Z,-15.0,157.5,2.0367432
2070-01-01T12:00:00Z,-15.0,159.375,2.0323486
2070-01-01T12:00:00Z,-15.0,161.25,2.0291138
2070-01-01T12:00:00Z,-15.0,163.125,2.0306091
2070-01-01T12:00:00Z,-15.0,165.0,2.0365295
2070-01-01T12:00:00Z,-15.0,166.875,2.0324097
2070-01-01T12:00:00Z,-15.0,168.75,1.9923706
2070-01-01T12:00:00Z,-15.0,170.625,1.9695435
2070-01-01T12:00:00Z,-15.0,172.5,1.9561157
2070-01-01T12:00:00Z,-15.0,174.375,1.9527283
2070-01-01T12:00:00Z,-15.0,176.25,1.967926
2070-01-01T12:00:00Z,-15.0,178.125,1.9920654
2070-01-01T12:00:00Z,-15.0,180.0,2.006073
2070-01-01T12:00:00Z,-13.75,90.0,2.1275024
2070-01-01T12:00:00Z,-13.75,91.875,2.1290894
2070-01-01T12:00:00Z,-13.75,93.75,2.1271667
2070-01-01T12:00:00Z,-13.75,95.625,2.1291199
2070-01-01T12:00:00Z,-13.75,97.5,2.1405945
2070-01-01T12:00:00Z,-13.75,99.375,2.1628723
2070-01-01T12:00:00Z,-13.75,101.25,2.1903687
2070-01-01T12:00:00Z,-13.75,103.125,2.2301025
2070-01-01T12:00:00Z,-13.75,105.0,2.263153
2070-01-01T12:00:00Z,-13.75,106.875,2.278839
2070-01-01T12:00:00Z,-13.75,108.75,2.2767334
2070-01-01T12:00:00Z,-13.75,110.625,2.265503
2070-01-01T12:00:00Z,-13.75,112.5,2.2600403
2070-01-01T12:00:00Z,-13.75,114.375,2.2703857
2070-01-01T12:00:00Z,-13.75,116.25,2.310669
2070-01-01T12:00:00Z,-13.75,118.125,2.370575
2070-01-01T12:00:00Z,-13.75,120.0,2.4160156
2070-01-01T12:00:00Z,-13.75,121.875,2.422943
2070-01-01T12:00:00Z,-13.75,123.75,2.3882751
2070-01-01T12:00:00Z,-13.75,125.625,2.4704895
2070-01-01T12:00:00Z,-13.75,127.5,2.6571045
2070-01-01T12:00:00Z,-13.75,129.375,2.539978
2070-01-01T12:00:00Z,-13.75,131.25,3.3239136
2070-01-01T12:00:00Z,-13.75,133.125,3.2556763
2070-01-01T12:00:00Z,-13.75,135.0,3.0339355
2070-01-01T12:00:00Z,-13.75,136.875,2.1979675
2070-01-01T12:00:00Z,-13.75,138.75,2.1813354
2070-01-01T12:00:00Z,-13.75,140.625,2.1993408
2070-01-01T12:00:00Z,-13.75,142.5,2.3893127
2070-01-01T12:00:00Z,-13.75,144.375,2.0621643
2070-01-01T12:00:00Z,-13.75,146.25,2.0105896
2070-01-01T12:00:00Z,-13.75,148.125,2.062622
2070-01-01T12:00:00Z,-13.75,150.0,2.0681763
2070-01-01T12:00:00Z,-13.75,151.875,2.065979
2070-01-01T12:00:00Z,-13.75,153.75,2.056488
2070-01-01T12:00:00Z,-13.75,155.625,2.0489197
2070-01-01T12:00:00Z,-13.75,157.5,2.0369263
2070-01-01T12:00:00Z,-13.75,159.375,2.0253906
2070-01-01T12:00:00Z,-13.75,161.25,2.025238
2070-01-01T12:00:00Z,-13.75,163.125,2.0209656
2070-01-01T12:00:00Z,-13.75,165.0,2.013214
2070-01-01T12:00:00Z,-13.75,166.875,2.0029297
2070-01-01T12:00:00Z,-13.75,168.75,1.9888
2070-01-01T12:00:00Z,-13.75,170.625,1.9826965
2070-01-01T12:00:00Z,-13.75,172.5,1.9791565
2070-01-01T12:00:00Z,-13.75,174.375,1.980896
2070-01-01T12:00:00Z,-13.75,176.25,1.992218
2070-01-01T12:00:00Z,-13.75,178.125,2.0122986
2070-01-01T12:00:00Z,-13.75,180.0,2.0257263
2070-01-01T12:00:00Z,-12.5,90.0,2.177002
2070-01-01T12:00:00Z,-12.5,91.875,2.1775818
2070-01-01T12:00:00Z,-12.5,93.75,2.1733093
2070-01-01T12:00:00Z,-12.5,95.625,2.1761475
2070-01-01T12:00:00Z,-12.5,97.5,2.186493
2070-01-01T12:00:00Z,-12.5,99.375,2.2063293
2070-01-01T12:00:00Z,-12.5,101.25,2.2287292
2070-01-01T12:00:00Z,-12.5,103.125,2.2609253
2070-01-01T12:00:00Z,-12.5,105.0,2.2851257
2070-01-01T12:00:00Z,-12.5,106.875,2.298645
2070-01-01T12:00:00Z,-12.5,108.75,2.3041382
2070-01-01T12:00:00Z,-12.5,110.625,2.3083496
2070-01-01T12:00:00Z,-12.5,112.5,2.3077087
2070-01-01T12:00:00Z,-12.5,114.375,2.3132935
2070-01-01T12:00:00Z,-12.5,116.25,2.3208008
2070-01-01T12:00:00Z,-12.5,118.125,2.3279724
2070-01-01T12:00:00Z,-12.5,120.0,2.3237
2070-01-01T12:00:00Z,-12.5,121.875,2.306427
2070-01-01T12:00:00Z,-12.5,123.75,2.275055
2070-01-01T12:00:00Z,-12.5,125.625,2.2615967
2070-01-01T12:00:00Z,-12.5,127.5,2.251587
2070-01-01T12:00:00Z,-12.5,129.375,2.2791138
2070-01-01T12:00:00Z,-12.5,131.25,2.946228
2070-01-01T12:00:00Z,-12.5,133.125,3.1997375
2070-01-01T12:00:00Z,-12.5,135.0,2.84198
2070-01-01T12:00:00Z,-12.5,136.875,2.4176636
2070-01-01T12:00:00Z,-12.5,138.75,2.1224976
2070-01-01T12:00:00Z,-12.5,140.625,2.1423645
2070-01-01T12:00:00Z,-12.5,142.5,2.3452148
2070-01-01T12:00:00Z,-12.5,144.375,2.0093384
2070-01-01T12:00:00Z,-12.5,146.25,2.0532532
2070-01-01T12:00:00Z,-12.5,148.125,2.0797424
2070-01-01T12:00:00Z,-12.5,150.0,2.0884094
2070-01-01T12:00:00Z,-12.5,151.875,2.090454
2070-01-01T12:00:00Z,-12.5,153.75,2.0738525
2070-01-01T12:00:00Z,-12.5,155.625,2.062317
2070-01-01T12:00:00Z,-12.5,157.5,2.0620728
2070-01-01T12:00:00Z,-12.5,159.375,2.0441895
2070-01-01T12:00:00Z,-12.5,161.25,2.0322266
2070-01-01T12:00:00Z,-12.5,163.125,2.0176392
2070-01-01T12:00:00Z,-12.5,165.0,2.0112915
2070-01-01T12:00:00Z,-12.5,166.875,2.010315
2070-01-01T12:00:00Z,-12.5,168.75,2.0148315
2070-01-01T12:00:00Z,-12.5,170.625,2.0177917
2070-01-01T12:00:00Z,-12.5,172.5,2.027008
2070-01-01T12:00:00Z,-12.5,174.375,2.0308838
2070-01-01T12:00:00Z,-12.5,176.25,2.039795
2070-01-01T12:00:00Z,-12.5,178.125,2.0501404
2070-01-01T12:00:00Z,-12.5,180.0,2.0650024
2070-01-01T12:00:00Z,-11.25,90.0,2.2309265
2070-01-01T12:00:00Z,-11.25,91.875,2.223755
2070-01-01T12:00:00Z,-11.25,93.75,2.2142334
2070-01-01T12:00:00Z,-11.25,95.625,2.210144
2070-01-01T12:00:00Z,-11.25,97.5,2.212494
2070-01-01T12:00:00Z,-11.25,99.375,2.2223206
2070-01-01T12:00:00Z,-11.25,101.25,2.241272
2070-01-01T12:00:00Z,-11.25,103.125,2.257721
2070-01-01T12:00:00Z,-11.25,105.0,2.269043
2070-01-01T12:00:00Z,-11.25,106.875,2.2854004
2070-01-01T12:00:00Z,-11.25,108.75,2.293518
2070-01-01T12:00:00Z,-11.25,110.625,2.2926636
2070-01-01T12:00:00Z,-11.25,112.5,2.2992554
2070-01-01T12:00:00Z,-11.25,114.375,2.295868
2070-01-01T12:00:00Z,-11.25,116.25,2.2785034
2070-01-01T12:00:00Z,-11.25,118.125,2.256836
2070-01-01T12:00:00Z,-11.25,120.0,2.2408142
2070-01-01T12:00:00Z,-11.25,121.875,2.2306519
2070-01-01T12:00:00Z,-11.25,123.75,2.2088318
2070-01-01T12:00:00Z,-11.25,125.625,2.184204
2070-01-01T12:00:00Z,-11.25,127.5,2.160492
2070-01-01T12:00:00Z,-11.25,129.375,2.1593628
2070-01-01T12:00:00Z,-11.25,131.25,2.3559875
2070-01-01T12:00:00Z,-11.25,133.125,2.3099365
2070-01-01T12:00:00Z,-11.25,135.0,2.1266174
2070-01-01T12:00:00Z,-11.25,136.875,2.093567
2070-01-01T12:00:00Z,-11.25,138.75,2.074707
2070-01-01T12:00:00Z,-11.25,140.625,2.079712
2070-01-01T12:00:00Z,-11.25,142.5,2.321106
2070-01-01T12:00:00Z,-11.25,144.375,2.0173035
2070-01-01T12:00:00Z,-11.25,146.25,2.0529175
2070-01-01T12:00:00Z,-11.25,148.125,2.0510864
2070-01-01T12:00:00Z,-11.25,150.0,2.0697632
2070-01-01T12:00:00Z,-11.25,151.875,2.0896912
2070-01-01T12:00:00Z,-11.25,153.75,2.07724
2070-01-01T12:00:00Z,-11.25,155.625,2.0942993
2070-01-01T12:00:00Z,-11.25,157.5,2.1052856
2070-01-01T12:00:00Z,-11.25,159.375,2.0814514
2070-01-01T12:00:00Z,-11.25,161.25,2.0630798
2070-01-01T12:00:00Z,-11.25,163.125,2.0441284
2070-01-01T12:00:00Z,-11.25,165.0,2.0384521
2070-01-01T12:00:00Z,-11.25,166.875,2.0403137
2070-01-01T12:00:00Z,-11.25,168.75,2.0469055
2070-01-01T12:00:00Z,-11.25,170.625,2.0558777
2070-01-01T12:00:00Z,-11.25,172.5,2.0672302
2070-01-01T12:00:00Z,-11.25,174.375,2.081421
2070-01-01T12:00:00Z,-11.25,176.25,2.0918274
2070-01-01T12:00:00Z,-11.25,178.125,2.104126
2070-01-01T12:00:00Z,-11.25,180.0,2.1175232
2070-01-01T12:00:00Z,-10.0,90.0,2.280243
2070-01-01T12:00:00Z,-10.0,91.875,2.2711182
2070-01-01T12:00:00Z,-10.0,93.75,2.2539062
2070-01-01T12:00:00Z,-10.0,95.625,2.2384949
2070-01-01T12:00:00Z,-10.0,97.5,2.2362366
2070-01-01T12:00:00Z,-10.0,99.375,2.2415466
2070-01-01T12:00:00Z,-10.0,101.25,2.250702
2070-01-01T12:00:00Z,-10.0,103.125,2.2570496
2070-01-01T12:00:00Z,-10.0,105.0,2.2586365
2070-01-01T12:00:00Z,-10.0,106.875,2.2575073
2070-01-01T12:00:00Z,-10.0,108.75,2.2581482
2070-01-01T12:00:00Z,-10.0,110.625,2.2573853
2070-01-01T12:00:00Z,-10.0,112.5,2.250183
2070-01-01T12:00:00Z,-10.0,114.375,2.2476196
2070-01-01T12:00:00Z,-10.0,116.25,2.2598267
2070-01-01T12:00:00Z,-10.0,118.125,2.2980347
2070-01-01T12:00:00Z,-10.0,120.0,2.5435486
2070-01-01T12:00:00Z,-10.0,121.875,2.314972
2070-01-01T12:00:00Z,-10.0,123.75,2.5937195
2070-01-01T12:00:00Z,-10.0,125.625,2.2279358
2070-01-01T12:00:00Z,-10.0,127.5,2.1343384
2070-01-01T12:00:00Z,-10.0,129.375,2.0967102
2070-01-01T12:00:00Z,-10.0,131.25,2.0854492
2070-01-01T12:00:00Z,-10.0,133.125,2.0678406
2070-01-01T12:00:00Z,-10.0,135.0,2.0342712
2070-01-01T12:00:00Z,-10.0,136.875,2.0129395
2070-01-01T12:00:00Z,-10.0,138.75,1.9901123
2070-01-01T12:00:00Z,-10.0,140.625,1.988617
2070-01-01T12:00:00Z,-10.0,142.5,2.0119324
2070-01-01T12:00:00Z,-10.0,144.375,2.0155945
2070-01-01T12:00:00Z,-10.0,146.25,2.0889893
2070-01-01T12:00:00Z,-10.0,148.125,2.4228516
2070-01-01T12:00:00Z,-10.0,150.0,2.4279175
2070-01-01T12:00:00Z,-10.0,151.875,2.06604
2070-01-01T12:00:00Z,-10.0,153.75,2.0968323
2070-01-01T12:00:00Z,-10.0,155.625,2.1388245
2070-01-01T12:00:00Z,-10.0,157.5,2.1490173
2070-01-01T12:00:00Z,-10.0,159.375,2.1626587
2070-01-01T12:00:00Z,-10.0,161.25,2.1749573
2070-01-01T12:00:00Z,-10.0,163.125,2.0984192
2070-01-01T12:00:00Z,-10.0,165.0,2.0950928
2070-01-01T12:00:00Z,-10.0,166.875,2.0941162
2070-01-01T12:00:00Z,-10.0,168.75,2.1013794
2070-01-01T12:00:00Z,-10.0,170.625,2.1101074
2070-01-01T12:00:00Z,-10.0,172.5,2.1214294
2070-01-01T12:00:00Z,-10.0,174.375,2.1302185
2070-01-01T12:00:00Z,-10.0,176.25,2.1401062
2070-01-01T12:00:00Z,-10.0,178.125,2.1516724
2070-01-01T12:00:00Z,-10.0,180.0,2.1641235
2070-01-01T12:00:00Z,-8.75,90.0,2.306366
2070-01-01T12:00:00Z,-8.75,91.875,2.2997437
2070-01-01T12:00:00Z,-8.75,93.75,2.2859192
2070-01-01T12:00:00Z,-8.75,95.625,2.2665405
2070-01-01T12:00:00Z,-8.75,97.5,2.2583313
2070-01-01T12:00:00Z,-8.75,99.375,2.2546082
2070-01-01T12:00:00Z,-8.75,101.25,2.2514343
2070-01-01T12:00:00Z,-8.75,103.125,2.2546692
2070-01-01T12:00:00Z,-8.75,105.0,2.2591248
2070-01-01T12:00:00Z,-8.75,106.875,2.2572632
2070-01-01T12:00:00Z,-8.75,108.75,2.2572937
2070-01-01T12:00:00Z,-8.75,110.625,2.2753296
2070-01-01T12:00:00Z,-8.75,112.5,2.3548584
2070-01-01T12:00:00Z,-8.75,114.375,2.4124146
2070-01-01T12:00:00Z,-8.75,116.25,2.366455
2070-01-01T12:00:00Z,-8.75,118.125,2.7562256
2070-01-01T12:00:00Z,-8.75,120.0,2.4832458
2070-01-01T12:00:00Z,-8.75,121.875,2.4696655
2070-01-01T12:00:00Z,-8.75,123.75,2.318695
2070-01-01T12:00:00Z,-8.75,125.625,2.5547485
2070-01-01T12:00:00Z,-8.75,127.5,2.180664
2070-01-01T12:00:00Z,-8.75,129.375,2.1068726
2070-01-01T12:00:00Z,-8.75,131.25,2.081787
2070-01-01T12:00:00Z,-8.75,133.125,2.06604
2070-01-01T12:00:00Z,-8.75,135.0,2.0258179
2070-01-01T12:00:00Z,-8.75,136.875,2.0100708
2070-01-01T12:00:00Z,-8.75,138.75,2.0739136
2070-01-01T12:00:00Z,-8.75,140.625,2.289856
2070-01-01T12:00:00Z,-8.75,142.5,2.2721558
2070-01-01T12:00:00Z,-8.75,144.375,1.9620361
2070-01-01T12:00:00Z,-8.75,146.25,2.3075867
2070-01-01T12:00:00Z,-8.75,148.125,2.559204
2070-01-01T12:00:00Z,-8.75,150.0,2.144104
2070-01-01T12:00:00Z,-8.75,151.875,2.1013184
2070-01-01T12:00:00Z,-8.75,153.75,2.1513977
2070-01-01T12:00:00Z,-8.75,155.625,2.1800232
2070-01-01T12:00:00Z,-8.75,157.5,2.2445679
2070-01-01T12:00:00Z,-8.75,159.375,2.2596436
2070-01-01T12:00:00Z,-8.75,161.25,2.1836243
2070-01-01T12:00:00Z,-8.75,163.125,2.1582947
2070-01-01T12:00:00Z,-8.75,165.0,2.1537476
2070-01-01T12:00:00Z,-8.75,166.875,2.1548462
2070-01-01T12:00:00Z,-8.75,168.75,2.1577148
2070-01-01T12:00:00Z,-8.75,170.625,2.1664124
2070-01-01T12:00:00Z,-8.75,172.5,2.172058
2070-01-01T12:00:00Z,-8.75,174.375,2.1752014
2070-01-01T12:00:00Z,-8.75,176.25,2.183258
2070-01-01T12:00:00Z,-8.75,178.125,2.1860657
2070-01-01T12:00:00Z,-8.75,180.0,2.1903381
2070-01-01T12:00:00Z,-7.5,90.0,2.316742
2070-01-01T12:00:00Z,-7.5,91.875,2.3078613
2070-01-01T12:00:00Z,-7.5,93.75,2.2946777
2070-01-01T12:00:00Z,-7.5,95.625,2.2771912
2070-01-01T12:00:00Z,-7.5,97.5,2.261383
2070-01-01T12:00:00Z,-7.5,99.375,2.2433472
2070-01-01T12:00:00Z,-7.5,101.25,2.2279358
2070-01-01T12:00:00Z,-7.5,103.125,2.2111206
2070-01-01T12:00:00Z,-7.5,105.0,2.2045898
2070-01-01T12:00:00Z,-7.5,106.875,2.4375305
2070-01-01T12:00:00Z,-7.5,108.75,2.679535
2070-01-01T12:00:00Z,-7.5,110.625,3.0705261
2070-01-01T12:00:00Z,-7.5,112.5,3.062561
2070-01-01T12:00:00Z,-7.5,114.375,2.4164429
2070-01-01T12:00:00Z,-7.5,116.25,2.3083496
2070-01-01T12:00:00Z,-7.5,118.125,2.278595
2070-01-01T12:00:00Z,-7.5,120.0,2.2859497
2070-01-01T12:00:00Z,-7.5,121.875,2.2747803
2070-01-01T12:00:00Z,-7.5,123.75,2.2572937
2070-01-01T12:00:00Z,-7.5,125.625,2.276001
2070-01-01T12:00:00Z,-7.5,127.5,2.2086487
2070-01-01T12:00:00Z,-7.5,129.375,2.1799316
2070-01-01T12:00:00Z,-7.5,131.25,2.3731995
2070-01-01T12:00:00Z,-7.5,133.125,2.0769043
2070-01-01T12:00:00Z,-7.5,135.0,2.0499573
2070-01-01T12:00:00Z,-7.5,136.875,2.1352844
2070-01-01T12:00:00Z,-7.5,138.75,2.7495117
2070-01-01T12:00:00Z,-7.5,140.625,2.851471
2070-01-01T12:00:00Z,-7.5,142.5,2.7232056
2070-01-01T12:00:00Z,-7.5,144.375,2.650177
2070-01-01T12:00:00Z,-7.5,146.25,2.8756104
2070-01-01T12:00:00Z,-7.5,148.125,2.2982178
2070-01-01T12:00:00Z,-7.5,150.0,2.1292725
2070-01-01T12:00:00Z,-7.5,151.875,2.1569824
2070-01-01T12:00:00Z,-7.5,153.75,2.170166
2070-01-01T12:00:00Z,-7.5,155.625,2.1925964
2070-01-01T12:00:00Z,-7.5,157.5,2.254364
2070-01-01T12:00:00Z,-7.5,159.375,2.249298
2070-01-01T12:00:00Z,-7.5,161.25,2.1955566
2070-01-01T12:00:00Z,-7.5,163.125,2.1951904
2070-01-01T12:00:00Z,-7.5,165.0,2.191681
2070-01-01T12:00:00Z,-7.5,166.875,2.1887817
2070-01-01T12:00:00Z,-7.5,168.75,2.186615
2070-01-01T12:00:00Z,-7.5,170.625,2.186676
2070-01-01T12:00:00Z,-7.5,172.5,2.1938477
2070-01-01T12:00:00Z,-7.5,174.375,2.1999207
2070-01-01T12:00:00Z,-7.5,176.25,2.2011108
2070-01-01T12:00:00Z,-7.5,178.125,2.2047424
2070-01-01T12:00:00Z,-7.5,180.0,2.2082214
2070-01-01T12:00:00Z,-6.25,90.0,2.320282
2070-01-01T12:00:00Z,-6.25,91.875,2.3099365
2070-01-01T12:00:00Z,-6.25,93.75,2.2966003
2070-01-01T12:00:00Z,-6.25,95.625,2.2730408
2070-01-01T12:00:00Z,-6.25,97.5,2.258484
2070-01-01T12:00:00Z,-6.25,99.375,2.2371216
2070-01-01T12:00:00Z,-6.25,101.25,2.2071533
2070-01-01T12:00:00Z,-6.25,103.125,2.18042
2070-01-01T12:00:00Z,-6.25,105.0,2.2867126
2070-01-01T12:00:00Z,-6.25,106.875,3.0352173
2070-01-01T12:00:00Z,-6.25,108.75,2.5169678
2070-01-01T12:00:00Z,-6.25,110.625,2.401245
2070-01-01T12:00:00Z,-6.25,112.5,2.3525085
2070-01-01T12:00:00Z,-6.25,114.375,2.2850342
2070-01-01T12:00:00Z,-6.25,116.25,2.2827454
2070-01-01T12:00:00Z,-6.25,118.125,2.237091
2070-01-01T12:00:00Z,-6.25,120.0,2.2429504
2070-01-01T12:00:00Z,-6.25,121.875,2.2335815
2070-01-01T12:00:00Z,-6.25,123.75,2.2457275
2070-01-01T12:00:00Z,-6.25,125.625,2.2069702
2070-01-01T12:00:00Z,-6.25,127.5,2.16745
2070-01-01T12:00:00Z,-6.25,129.375,2.1618042
2070-01-01T12:00:00Z,-6.25,131.25,2.1524963
2070-01-01T12:00:00Z,-6.25,133.125,2.123352
2070-01-01T12:00:00Z,-6.25,135.0,2.2806702
2070-01-01T12:00:00Z,-6.25,136.875,2.1329956
2070-01-01T12:00:00Z,-6.25,138.75,2.7686157
2070-01-01T12:00:00Z,-6.25,140.625,2.9533997
2070-01-01T12:00:00Z,-6.25,142.5,2.8565063
2070-01-01T12:00:00Z,-6.25,144.375,2.7680664
2070-01-01T12:00:00Z,-6.25,146.25,2.7736816
2070-01-01T12:00:00Z,-6.25,148.125,2.109314
2070-01-01T12:00:00Z,-6.25,150.0,2.2895508
2070-01-01T12:00:00Z,-6.25,151.875,2.1716309
2070-01-01T12:00:00Z,-6.25,153.75,2.1979065
2070-01-01T12:00:00Z,-6.25,155.625,2.3569336
2070-01-01T12:00:00Z,-6.25,157.5,2.2103577
2070-01-01T12:00:00Z,-6.25,159.375,2.2034302
2070-01-01T12:00:00Z,-6.25,161.25,2.1951294
2070-01-01T12:00:00Z,-6.25,163.125,2.1956787
2070-01-01T12:00:00Z,-6.25,165.0,2.1896362
2070-01-01T12:00:00Z,-6.25,166.875,2.1886902
2070-01-01T12:00:00Z,-6.25,168.75,2.1898193
2070-01-01T12:00:00Z,-6.25,170.625,2.1932068
2070-01-01T12:00:00Z,-6.25,172.5,2.207306
2070-01-01T12:00:00Z,-6.25,174.375,2.2163086
2070-01-01T12:00:00Z,-6.25,176.25,2.2201538
2070-01-01T12:00:00Z,-6.25,178.125,2.2189026
2070-01-01T12:00:00Z,-6.25,180.0,2.2223206
2070-01-01T12:00:00Z,-5.0,90.0,2.3163757
2070-01-01T12:00:00Z,-5.0,91.875,2.3024902
2070-01-01T12:00:00Z,-5.0,93.75,2.2824097
2070-01-01T12:00:00Z,-5.0,95.625,2.2575684
2070-01-01T12:00:00Z,-5.0,97.5,2.2365417
2070-01-01T12:00:00Z,-5.0,99.375,2.2080994
2070-01-01T12:00:00Z,-5.0,101.25,2.1801147
2070-01-01T12:00:00Z,-5.0,103.125,2.437622
2070-01-01T12:00:00Z,-5.0,105.0,3.2459412
2070-01-01T12:00:00Z,-5.0,106.875,2.3287659
2070-01-01T12:00:00Z,-5.0,108.75,2.3130798
2070-01-01T12:00:00Z,-5.0,110.625,2.28714
2070-01-01T12:00:00Z,-5.0,112.5,2.278839
2070-01-01T12:00:00Z,-5.0,114.375,2.2922363
2070-01-01T12:00:00Z,-5.0,116.25,2.2981873
2070-01-01T12:00:00Z,-5.0,118.125,2.3207397
2070-01-01T12:00:00Z,-5.0,120.0,2.6820984
2070-01-01T12:00:00Z,-5.0,121.875,2.5335693
2070-01-01T12:00:00Z,-5.0,123.75,2.2763367
2070-01-01T12:00:00Z,-5.0,125.625,2.1905212
2070-01-01T12:00:00Z,-5.0,127.5,2.1615295
2070-01-01T12:00:00Z,-5.0,129.375,2.1574097
2070-01-01T12:00:00Z,-5.0,131.25,2.1365662
2070-01-01T12:00:00Z,-5.0,133.125,2.1123352
2070-01-01T12:00:00Z,-5.0,135.0,2.1055298
2070-01-01T12:00:00Z,-5.0,136.875,2.3976135
2070-01-01T12:00:00Z,-5.0,138.75,2.7698975
2070-01-01T12:00:00Z,-5.0,140.625,2.82312
2070-01-01T12:00:00Z,-5.0,142.5,2.7593994
2070-01-01T12:00:00Z,-5.0,144.375,2.8465576
2070-01-01T12:00:00Z,-5.0,146.25,2.4505615
2070-01-01T12:00:00Z,-5.0,148.125,2.0957336
2070-01-01T12:00:00Z,-5.0,150.0,2.1582031
2070-01-01T12:00:00Z,-5.0,151.875,2.5349426
2070-01-01T12:00:00Z,-5.0,153.75,2.1849976
2070-01-01T12:00:00Z,-5.0,155.625,2.2052002
2070-01-01T12:00:00Z,-5.0,157.5,2.186737
2070-01-01T12:00:00Z,-5.0,159.375,2.1857605
2070-01-01T12:00:00Z,-5.0,161.25,2.18396
2070-01-01T12:00:00Z,-5.0,163.125,2.1837769
2070-01-01T12:00:00Z,-5.0,165.0,2.1960754
2070-01-01T12:00:00Z,-5.0,166.875,2.2077942
2070-01-01T12:00:00Z,-5.0,168.75,2.2187195
2070-01-01T12:00:00Z,-5.0,170.625,2.2320862
2070-01-01T12:00:00Z,-5.0,172.5,2.2406921
2070-01-01T12:00:00Z,-5.0,174.375,2.2539368
2070-01-01T12:00:00Z,-5.0,176.25,2.2641907
2070-01-01T12:00:00Z,-5.0,178.125,2.2704773
2070-01-01T12:00:00Z,-5.0,180.0,2.2781372
2070-01-01T12:00:00Z,-3.75,90.0,2.3106995
2070-01-01T12:00:00Z,-3.75,91.875,2.2877502
2070-01-01T12:00:00Z,-3.75,93.75,2.2615662
2070-01-01T12:00:00Z,-3.75,95.625,2.2349243
2070-01-01T12:00:00Z,-3.75,97.5,2.2030945
2070-01-01T12:00:00Z,-3.75,99.375,2.1779785
2070-01-01T12:00:00Z,-3.75,101.25,2.2747498
2070-01-01T12:00:00Z,-3.75,103.125,3.227417
2070-01-01T12:00:00Z,-3.75,105.0,3.4689636
2070-01-01T12:00:00Z,-3.75,106.875,2.273407
2070-01-01T12:00:00Z,-3.75,108.75,2.27948
2070-01-01T12:00:00Z,-3.75,110.625,2.2662354
2070-01-01T12:00:00Z,-3.75,112.5,2.3543396
2070-01-01T12:00:00Z,-3.75,114.375,2.4569397
2070-01-01T12:00:00Z,-3.75,116.25,2.4523926
2070-01-01T12:00:00Z,-3.75,118.125,2.3893127
2070-01-01T12:00:00Z,-3.75,120.0,3.062622
2070-01-01T12:00:00Z,-3.75,121.875,2.7624817
2070-01-01T12:00:00Z,-3.75,123.75,2.238678
2070-01-01T12:00:00Z,-3.75,125.625,2.3096924
2070-01-01T12:00:00Z,-3.75,127.5,2.526825
2070-01-01T12:00:00Z,-3.75,129.375,2.4878235
2070-01-01T12:00:00Z,-3.75,131.25,2.261963
2070-01-01T12:00:00Z,-3.75,133.125,2.4060364
2070-01-01T12:00:00Z,-3.75,135.0,2.6214905
2070-01-01T12:00:00Z,-3.75,136.875,2.6592712
2070-01-01T12:00:00Z,-3.75,138.75,2.6396484
2070-01-01T12:00:00Z,-3.75,140.625,2.8051453
2070-01-01T12:00:00Z,-3.75,142.5,2.687683
2070-01-01T12:00:00Z,-3.75,144.375,2.4306946
2070-01-01T12:00:00Z,-3.75,146.25,2.1182861
2070-01-01T12:00:00Z,-3.75,148.125,2.1091309
2070-01-01T12:00:00Z,-3.75,150.0,2.1620483
2070-01-01T12:00:00Z,-3.75,151.875,2.547821
2070-01-01T12:00:00Z,-3.75,153.75,2.228302
2070-01-01T12:00:00Z,-3.75,155.625,2.1803894
2070-01-01T12:00:00Z,-3.75,157.5,2.1746826
2070-01-01T12:00:00Z,-3.75,159.375,2.176056
2070-01-01T12:00:00Z,-3.75,161.25,2.1834412
2070-01-01T12:00:00Z,-3.75,163.125,2.1927795
2070-01-01T12:00:00Z,-3.75,165.0,2.2193604
2070-01-01T12:00:00Z,-3.75,166.875,2.2390137
2070-01-01T12:00:00Z,-3.75,168.75,2.259674
2070-01-01T12:00:00Z,-3.75,170.625,2.2858276
2070-01-01T12:00:00Z,-3.75,172.5,2.2960205
2070-01-01T12:00:00Z,-3.75,174.375,2.3130188
2070-01-01T12:00:00Z,-3.75,176.25,2.3320007
2070-01-01T12:00:00Z,-3.75,178.125,2.3457336
2070-01-01T12:00:00Z,-3.75,180.0,2.3649902
2070-01-01T12:00:00Z,-2.5,90.0,2.298584
2070-01-01T12:00:00Z,-2.5,91.875,2.274414
2070-01-01T12:00:00Z,-2.5,93.75,2.2549744
2070-01-01T12:00:00Z,-2.5,95.625,2.2208862
2070-01-01T12:00:00Z,-2.5,97.5,2.1836243
2070-01-01T12:00:00Z,-2.5,99.375,2.1932983
2070-01-01T12:00:00Z,-2.5,101.25,2.8034668
2070-01-01T12:00:00Z,-2.5,103.125,3.2729492
2070-01-01T12:00:00Z,-2.5,105.0,3.4198303
2070-01-01T12:00:00Z,-2.5,106.875,2.432251
2070-01-01T12:00:00Z,-2.5,108.75,2.33313
2070-01-01T12:00:00Z,-2.5,110.625,2.9371033
2070-01-01T12:00:00Z,-2.5,112.5,3.4109497
2070-01-01T12:00:00Z,-2.5,114.375,3.4301147
2070-01-01T12:00:00Z,-2.5,116.25,2.7263184
2070-01-01T12:00:00Z,-2.5,118.125,2.387024
2070-01-01T12:00:00Z,-2.5,120.0,2.994995
2070-01-01T12:00:00Z,-2.5,121.875,2.7942505
2070-01-01T12:00:00Z,-2.5,123.75,2.239624
2070-01-01T12:00:00Z,-2.5,125.625,2.2309875
2070-01-01T12:00:00Z,-2.5,127.5,2.3296509
2070-01-01T12:00:00Z,-2.5,129.375,2.2679443
2070-01-01T12:00:00Z,-2.5,131.25,2.2065125
2070-01-01T12:00:00Z,-2.5,133.125,2.585022
2070-01-01T12:00:00Z,-2.5,135.0,2.283783
2070-01-01T12:00:00Z,-2.5,136.875,2.7132568
2070-01-01T12:00:00Z,-2.5,138.75,2.6246643
2070-01-01T12:00:00Z,-2.5,140.625,2.577942
2070-01-01T12:00:00Z,-2.5,142.5,2.1116943
2070-01-01T12:00:00Z,-2.5,144.375,2.097046
2070-01-01T12:00:00Z,-2.5,146.25,2.0908203
2070-01-01T12:00:00Z,-2.5,148.125,2.126892
2070-01-01T12:00:00Z,-2.5,150.0,2.1799927
2070-01-01T12:00:00Z,-2.5,151.875,2.245819
2070-01-01T12:00:00Z,-2.5,153.75,2.175171
2070-01-01T12:00:00Z,-2.5,155.625,2.1618652
2070-01-01T12:00:00Z,-2.5,157.5,2.16922
2070-01-01T12:00:00Z,-2.5,159.375,2.185669
2070-01-01T12:00:00Z,-2.5,161.25,2.1990051
2070-01-01T12:00:00Z,-2.5,163.125,2.2122192
2070-01-01T12:00:00Z,-2.5,165.0,2.231964
2070-01-01T12:00:00Z,-2.5,166.875,2.2631226
2070-01-01T12:00:00Z,-2.5,168.75,2.2893982
2070-01-01T12:00:00Z,-2.5,170.625,2.3101501
2070-01-01T12:00:00Z,-2.5,172.5,2.3302917
2070-01-01T12:00:00Z,-2.5,174.375,2.3477173
2070-01-01T12:00:00Z,-2.5,176.25,2.3683472
2070-01-01T12:00:00Z,-2.5,178.125,2.3922424
2070-01-01T12:00:00Z,-2.5,180.0,2.4131775
2070-01-01T12:00:00Z,-1.25,90.0,2.2842407
2070-01-01T12:00:00Z,-1.25,91.875,2.269989
2070-01-01T12:00:00Z,-1.25,93.75,2.2500305
2070-01-01T12:00:00Z,-1.25,95.625,2.221527
2070-01-01T12:00:00Z,-1.25,97.5,2.2114258
2070-01-01T12:00:00Z,-1.25,99.375,2.355133
2070-01-01T12:00:00Z,-1.25,101.25,3.0243835
2070-01-01T12:00:00Z,-1.25,103.125,3.2229614
2070-01-01T12:00:00Z,-1.25,105.0,2.6012878
2070-01-01T12:00:00Z,-1.25,106.875,2.317047
2070-01-01T12:00:00Z,-1.25,108.75,2.4614563
2070-01-01T12:00:00Z,-1.25,110.625,3.0422058
2070-01-01T12:00:00Z,-1.25,112.5,3.2242432
2070-01-01T12:00:00Z,-1.25,114.375,3.3528442
2070-01-01T12:00:00Z,-1.25,116.25,2.9830017
2070-01-01T12:00:00Z,-1.25,118.125,2.3156128
2070-01-01T12:00:00Z,-1.25,120.0,2.7210693
2070-01-01T12:00:00Z,-1.25,121.875,2.8066406
2070-01-01T12:00:00Z,-1.25,123.75,2.4098206
2070-01-01T12:00:00Z,-1.25,125.625,2.1988525
2070-01-01T12:00:00Z,-1.25,127.5,2.3524475
2070-01-01T12:00:00Z,-1.25,129.375,2.1811829
2070-01-01T12:00:00Z,-1.25,131.25,2.3526306
2070-01-01T12:00:00Z,-1.25,133.125,2.6161194
2070-01-01T12:00:00Z,-1.25,135.0,2.1811523
2070-01-01T12:00:00Z,-1.25,136.875,2.254425
2070-01-01T12:00:00Z,-1.25,138.75,2.1648254
2070-01-01T12:00:00Z,-1.25,140.625,2.1677246
2070-01-01T12:00:00Z,-1.25,142.5,2.1212769
2070-01-01T12:00:00Z,-1.25,144.375,2.1357422
2070-01-01T12:00:00Z,-1.25,146.25,2.1503906
2070-01-01T12:00:00Z,-1.25,148.125,2.1648254
2070-01-01T12:00:00Z,-1.25,150.0,2.1820374
2070-01-01T12:00:00Z,-1.25,151.875,2.1898804
2070-01-01T12:00:00Z,-1.25,153.75,2.1625671
2070-01-01T12:00:00Z,-1.25,155.625,2.1606445
2070-01-01T12:00:00Z,-1.25,157.5,2.1825867
2070-01-01T12:00:00Z,-1.25,159.375,2.2053528
2070-01-01T12:00:00Z,-1.25,161.25,2.223114
2070-01-01T12:00:00Z,-1.25,163.125,2.2385864
2070-01-01T12:00:00Z,-1.25,165.0,2.2574158
2070-01-01T12:00:00Z,-1.25,166.875,2.2851257
2070-01-01T12:00:00Z,-1.25,168.75,2.3070984
2070-01-01T12:00:00Z,-1.25,170.625,2.3293152
2070-01-01T12:00:00Z,-1.25,172.5,2.347992
2070-01-01T12:00:00Z,-1.25,174.375,2.367035
2070-01-01T12:00:00Z,-1.25,176.25,2.3835144
2070-01-01T12:00:00Z,-1.25,178.125,2.4039307
2070-01-01T12:00:00Z,-1.25,180.0,2.4283752
2070-01-01T12:00:00Z,0.0,90.0,2.2879944
2070-01-01T12:00:00Z,0.0,91.875,2.2713623
2070-01-01T12:00:00Z,0.0,93.75,2.261444
2070-01-01T12:00:00Z,0.0,95.625,2.2459717
2070-01-01T12:00:00Z,0.0,97.5,2.244751
2070-01-01T12:00:00Z,0.0,99.375,2.6201782
2070-01-01T12:00:00Z,0.0,101.25,3.1430664
2070-01-01T12:00:00Z,0.0,103.125,3.088684
2070-01-01T12:00:00Z,0.0,105.0,2.4605713
2070-01-01T12:00:00Z,0.0,106.875,2.3292847
2070-01-01T12:00:00Z,0.0,108.75,2.5834656
2070-01-01T12:00:00Z,0.0,110.625,2.9482422
2070-01-01T12:00:00Z,0.0,112.5,3.1012268
2070-01-01T12:00:00Z,0.0,114.375,3.2295227
2070-01-01T12:00:00Z,0.0,116.25,3.1896973
2070-01-01T12:00:00Z,0.0,118.125,2.3471985
2070-01-01T12:00:00Z,0.0,120.0,2.650299
2070-01-01T12:00:00Z,0.0,121.875,2.5898743
2070-01-01T12:00:00Z,0.0,123.75,2.40036
2070-01-01T12:00:00Z,0.0,125.625,2.1941223
2070-01-01T12:00:00Z,0.0,127.5,2.5997925
2070-01-01T12:00:00Z,0.0,129.375,2.1654968
2070-01-01T12:00:00Z,0.0,131.25,2.1554565
2070-01-01T12:00:00Z,0.0,133.125,2.1479797
2070-01-01T12:00:00Z,0.0,135.0,2.151703
2070-01-01T12:00:00Z,0.0,136.875,2.1620483
2070-01-01T12:00:00Z,0.0,138.75,2.1810608
2070-01-01T12:00:00Z,0.0,140.625,2.1826477
2070-01-01T12:00:00Z,0.0,142.5,2.1819458
2070-01-01T12:00:00Z,0.0,144.375,2.1801453
2070-01-01T12:00:00Z,0.0,146.25,2.1791077
2070-01-01T12:00:00Z,0.0,148.125,2.1707458
2070-01-01T12:00:00Z,0.0,150.0,2.168518
2070-01-01T12:00:00Z,0.0,151.875,2.1703796
2070-01-01T12:00:00Z,0.0,153.75,2.1674194
2070-01-01T12:00:00Z,0.0,155.625,2.1824036
2070-01-01T12:00:00Z,0.0,157.5,2.2033997
2070-01-01T12:00:00Z,0.0,159.375,2.227295
2070-01-01T12:00:00Z,0.0,161.25,2.2494812
2070-01-01T12:00:00Z,0.0,163.125,2.2694702
2070-01-01T12:00:00Z,0.0,165.0,2.2858887
2070-01-01T12:00:00Z,0.0,166.875,2.3113708
2070-01-01T12:00:00Z,0.0,168.75,2.327301
2070-01-01T12:00:00Z,0.0,170.625,2.3451233
2070-01-01T12:00:00Z,0.0,172.5,2.3633118
2070-01-01T12:00:00Z,0.0,174.375,2.3869324
2070-01-01T12:00:00Z,0.0,176.25,2.4005737
2070-01-01T12:00:00Z,0.0,178.125,2.4159546
2070-01-01T12:00:00Z,0.0,180.0,2.4360352
