time,latitude,longitude,tasmin_annual
UTC,degrees_north,degrees_east,K
2050-01-01T12:00:00Z,-50.0,90.0,1.1707764
2050-01-01T12:00:00Z,-50.0,91.875,1.1906433
2050-01-01T12:00:00Z,-50.0,93.75,1.2249146
2050-01-01T12:00:00Z,-50.0,95.625,1.2592773
2050-01-01T12:00:00Z,-50.0,97.5,1.2864685
2050-01-01T12:00:00Z,-50.0,99.375,1.2901001
2050-01-01T12:00:00Z,-50.0,101.25,1.2901001
2050-01-01T12:00:00Z,-50.0,103.125,1.2948914
2050-01-01T12:00:00Z,-50.0,105.0,1.3024597
2050-01-01T12:00:00Z,-50.0,106.875,1.2984619
2050-01-01T12:00:00Z,-50.0,108.75,1.2810059
2050-01-01T12:00:00Z,-50.0,110.625,1.2575684
2050-01-01T12:00:00Z,-50.0,112.5,1.2120972
2050-01-01T12:00:00Z,-50.0,114.375,1.164978
2050-01-01T12:00:00Z,-50.0,116.25,1.1207275
2050-01-01T12:00:00Z,-50.0,118.125,1.0829773
2050-01-01T12:00:00Z,-50.0,120.0,1.0498047
2050-01-01T12:00:00Z,-50.0,121.875,1.0140076
2050-01-01T12:00:00Z,-50.0,123.75,0.98287964
2050-01-01T12:00:00Z,-50.0,125.625,0.94866943
2050-01-01T12:00:00Z,-50.0,127.5,0.92941284
2050-01-01T12:00:00Z,-50.0,129.375,0.91378784
2050-01-01T12:00:00Z,-50.0,131.25,0.9035034
2050-01-01T12:00:00Z,-50.0,133.125,0.9051819
2050-01-01T12:00:00Z,-50.0,135.0,0.89334106
2050-01-01T12:00:00Z,-50.0,136.875,0.88253784
2050-01-01T12:00:00Z,-50.0,138.75,0.8781128
2050-01-01T12:00:00Z,-50.0,140.625,0.8742981
2050-01-01T12:00:00Z,-50.0,142.5,0.89974976
2050-01-01T12:00:00Z,-50.0,144.375,0.9356384
2050-01-01T12:00:00Z,-50.0,146.25,0.9516907
2050-01-01T12:00:00Z,-50.0,148.125,0.9389343
2050-01-01T12:00:00Z,-50.0,150.0,0.9178467
2050-01-01T12:00:00Z,-50.0,151.875,0.92755127
2050-01-01T12:00:00Z,-50.0,153.75,0.9393921
2050-01-01T12:00:00Z,-50.0,155.625,0.9465637
2050-01-01T12:00:00Z,-50.0,157.5,0.965271
2050-01-01T12:00:00Z,-50.0,159.375,0.9797363
2050-01-01T12:00:00Z,-50.0,161.25,0.9895325
2050-01-01T12:00:00Z,-50.0,163.125,1.004242
2050-01-01T12:00:00Z,-50.0,165.0,1.0262756
2050-01-01T12:00:00Z,-50.0,166.875,1.050415
2050-01-01T12:00:00Z,-50.0,168.75,1.0240173
2050-01-01T12:00:00Z,-50.0,170.625,1.0124512
2050-01-01T12:00:00Z,-50.0,172.5,1.0163879
2050-01-01T12:00:00Z,-50.0,174.375,1.014801
2050-01-01T12:00:00Z,-50.0,176.25,1.0046692
2050-01-01T12:00:00Z,-50.0,178.125,0.9963684
2050-01-01T12:00:00Z,-50.0,180.0,0.98651123
2050-01-01T12:00:00Z,-48.75,90.0,1.2402954
2050-01-01T12:00:00Z,-48.75,91.875,1.2573242
2050-01-01T12:00:00Z,-48.75,93.75,1.2860718
2050-01-01T12:00:00Z,-48.75,95.625,1.3179932
2050-01-01T12:00:00Z,-48.75,97.5,1.3360596
2050-01-01T12:00:00Z,-48.75,99.375,1.3427429
2050-01-01T12:00:00Z,-48.75,101.25,1.3409119
2050-01-01T12:00:00Z,-48.75,103.125,1.3323364
2050-01-01T12:00:00Z,-48.75,105.0,1.324585
2050-01-01T12:00:00Z,-48.75,106.875,1.3077087
2050-01-01T12:00:00Z,-48.75,108.75,1.2839661
2050-01-01T12:00:00Z,-48.75,110.625,1.2471619
2050-01-01T12:00:00Z,-48.75,112.5,1.1960449
2050-01-01T12:00:00Z,-48.75,114.375,1.1490173
2050-01-01T12:00:00Z,-48.75,116.25,1.1054688
2050-01-01T12:00:00Z,-48.75,118.125,1.0691223
2050-01-01T12:00:00Z,-48.75,120.0,1.0285645
2050-01-01T12:00:00Z,-48.75,121.875,0.99417114
2050-01-01T12:00:00Z,-48.75,123.75,0.95825195
2050-01-01T12:00:00Z,-48.75,125.625,0.92559814
2050-01-01T12:00:00Z,-48.75,127.5,0.90597534
2050-01-01T12:00:00Z,-48.75,129.375,0.88449097
2050-01-01T12:00:00Z,-48.75,131.25,0.876709
2050-01-01T12:00:00Z,-48.75,133.125,0.8832092
2050-01-01T12:00:00Z,-48.75,135.0,0.8779297
2050-01-01T12:00:00Z,-48.75,136.875,0.87127686
2050-01-01T12:00:00Z,-48.75,138.75,0.8664551
2050-01-01T12:00:00Z,-48.75,140.625,0.86779785
2050-01-01T12:00:00Z,-48.75,142.5,0.90182495
2050-01-01T12:00:00Z,-48.75,144.375,0.9692383
2050-01-01T12:00:00Z,-48.75,146.25,1.0290833
2050-01-01T12:00:00Z,-48.75,148.125,1.0458679
2050-01-01T12:00:00Z,-48.75,150.0,1.0353088
2050-01-01T12:00:00Z,-48.75,151.875,1.030426
2050-01-01T12:00:00Z,-48.75,153.75,1.0301208
2050-01-01T12:00:00Z,-48.75,155.625,1.0316772
2050-01-01T12:00:00Z,-48.75,157.5,1.0350342
2050-01-01T12:00:00Z,-48.75,159.375,1.0402222
2050-01-01T12:00:00Z,-48.75,161.25,1.0483398
2050-01-01T12:00:00Z,-48.75,163.125,1.0711365
2050-01-01T12:00:00Z,-48.75,165.0,1.133667
2050-01-01T12:00:00Z,-48.75,166.875,1.1931152
2050-01-01T12:00:00Z,-48.75,168.75,1.157196
2050-01-01T12:00:00Z,-48.75,170.625,1.100708
2050-01-01T12:00:00Z,-48.75,172.5,1.09375
2050-01-01T12:00:00Z,-48.75,174.375,1.0896912
2050-01-01T12:00:00Z,-48.75,176.25,1.0886536
2050-01-01T12:00:00Z,-48.75,178.125,1.0761414
2050-01-01T12:00:00Z,-48.75,180.0,1.0593872
2050-01-01T12:00:00Z,-47.5,90.0,1.2923279
2050-01-01T12:00:00Z,-47.5,91.875,1.3106995
2050-01-01T12:00:00Z,-47.5,93.75,1.3399963
2050-01-01T12:00:00Z,-47.5,95.625,1.3602295
2050-01-01T12:00:00Z,-47.5,97.5,1.3702087
2050-01-01T12:00:00Z,-47.5,99.375,1.362854
2050-01-01T12:00:00Z,-47.5,101.25,1.3582458
2050-01-01T12:00:00Z,-47.5,103.125,1.337616
2050-01-01T12:00:00Z,-47.5,105.0,1.3197327
2050-01-01T12:00:00Z,-47.5,106.875,1.2905579
2050-01-01T12:00:00Z,-47.5,108.75,1.2462769
2050-01-01T12:00:00Z,-47.5,110.625,1.19104
2050-01-01T12:00:00Z,-47.5,112.5,1.1428223
2050-01-01T12:00:00Z,-47.5,114.375,1.1059875
2050-01-01T12:00:00Z,-47.5,116.25,1.0733032
2050-01-01T12:00:00Z,-47.5,118.125,1.0409241
2050-01-01T12:00:00Z,-47.5,120.0,1.0015869
2050-01-01T12:00:00Z,-47.5,121.875,0.9595947
2050-01-01T12:00:00Z,-47.5,123.75,0.92401123
2050-01-01T12:00:00Z,-47.5,125.625,0.9015503
2050-01-01T12:00:00Z,-47.5,127.5,0.8830261
2050-01-01T12:00:00Z,-47.5,129.375,0.8589783
2050-01-01T12:00:00Z,-47.5,131.25,0.8529053
2050-01-01T12:00:00Z,-47.5,133.125,0.85684204
2050-01-01T12:00:00Z,-47.5,135.0,0.85284424
2050-01-01T12:00:00Z,-47.5,136.875,0.84939575
2050-01-01T12:00:00Z,-47.5,138.75,0.8543091
2050-01-01T12:00:00Z,-47.5,140.625,0.8808899
2050-01-01T12:00:00Z,-47.5,142.5,0.96307373
2050-01-01T12:00:00Z,-47.5,144.375,1.0917664
2050-01-01T12:00:00Z,-47.5,146.25,1.2035522
2050-01-01T12:00:00Z,-47.5,148.125,1.2506104
2050-01-01T12:00:00Z,-47.5,150.0,1.2453003
2050-01-01T12:00:00Z,-47.5,151.875,1.2032166
2050-01-01T12:00:00Z,-47.5,153.75,1.1661682
2050-01-01T12:00:00Z,-47.5,155.625,1.139801
2050-01-01T12:00:00Z,-47.5,157.5,1.1250305
2050-01-01T12:00:00Z,-47.5,159.375,1.1225281
2050-01-01T12:00:00Z,-47.5,161.25,1.1277161
2050-01-01T12:00:00Z,-47.5,163.125,1.1601257
2050-01-01T12:00:00Z,-47.5,165.0,1.2619629
2050-01-01T12:00:00Z,-47.5,166.875,1.3218994
2050-01-01T12:00:00Z,-47.5,168.75,1.2925415
2050-01-01T12:00:00Z,-47.5,170.625,1.2285156
2050-01-01T12:00:00Z,-47.5,172.5,1.1988525
2050-01-01T12:00:00Z,-47.5,174.375,1.1730347
2050-01-01T12:00:00Z,-47.5,176.25,1.1720581
2050-01-01T12:00:00Z,-47.5,178.125,1.1742249
2050-01-01T12:00:00Z,-47.5,180.0,1.1634521
2050-01-01T12:00:00Z,-46.25,90.0,1.328186
2050-01-01T12:00:00Z,-46.25,91.875,1.333435
2050-01-01T12:00:00Z,-46.25,93.75,1.3495178
2050-01-01T12:00:00Z,-46.25,95.625,1.3555298
2050-01-01T12:00:00Z,-46.25,97.5,1.3500061
2050-01-01T12:00:00Z,-46.25,99.375,1.336792
2050-01-01T12:00:00Z,-46.25,101.25,1.3261719
2050-01-01T12:00:00Z,-46.25,103.125,1.2944641
2050-01-01T12:00:00Z,-46.25,105.0,1.2590942
2050-01-01T12:00:00Z,-46.25,106.875,1.2256775
2050-01-01T12:00:00Z,-46.25,108.75,1.1801758
2050-01-01T12:00:00Z,-46.25,110.625,1.1253052
2050-01-01T12:00:00Z,-46.25,112.5,1.0855408
2050-01-01T12:00:00Z,-46.25,114.375,1.0585327
2050-01-01T12:00:00Z,-46.25,116.25,1.0289307
2050-01-01T12:00:00Z,-46.25,118.125,1.0013733
2050-01-01T12:00:00Z,-46.25,120.0,0.9658203
2050-01-01T12:00:00Z,-46.25,121.875,0.9281311
2050-01-01T12:00:00Z,-46.25,123.75,0.90405273
2050-01-01T12:00:00Z,-46.25,125.625,0.88046265
2050-01-01T12:00:00Z,-46.25,127.5,0.8580322
2050-01-01T12:00:00Z,-46.25,129.375,0.846344
2050-01-01T12:00:00Z,-46.25,131.25,0.84347534
2050-01-01T12:00:00Z,-46.25,133.125,0.8511658
2050-01-01T12:00:00Z,-46.25,135.0,0.84783936
2050-01-01T12:00:00Z,-46.25,136.875,0.84729004
2050-01-01T12:00:00Z,-46.25,138.75,0.86260986
2050-01-01T12:00:00Z,-46.25,140.625,0.9288025
2050-01-01T12:00:00Z,-46.25,142.5,1.0836487
2050-01-01T12:00:00Z,-46.25,144.375,1.2645874
2050-01-01T12:00:00Z,-46.25,146.25,1.4167786
2050-01-01T12:00:00Z,-46.25,148.125,1.5249023
2050-01-01T12:00:00Z,-46.25,150.0,1.5250549
2050-01-01T12:00:00Z,-46.25,151.875,1.4249878
2050-01-01T12:00:00Z,-46.25,153.75,1.3270874
2050-01-01T12:00:00Z,-46.25,155.625,1.2628784
2050-01-01T12:00:00Z,-46.25,157.5,1.2387695
2050-01-01T12:00:00Z,-46.25,159.375,1.2261353
2050-01-01T12:00:00Z,-46.25,161.25,1.2214355
2050-01-01T12:00:00Z,-46.25,163.125,1.2529602
2050-01-01T12:00:00Z,-46.25,165.0,1.3544922
2050-01-01T12:00:00Z,-46.25,166.875,1.4820557
2050-01-01T12:00:00Z,-46.25,168.75,1.5857544
2050-01-01T12:00:00Z,-46.25,170.625,1.3783569
2050-01-01T12:00:00Z,-46.25,172.5,1.294281
2050-01-01T12:00:00Z,-46.25,174.375,1.2562866
2050-01-01T12:00:00Z,-46.25,176.25,1.2400208
2050-01-01T12:00:00Z,-46.25,178.125,1.2491455
2050-01-01T12:00:00Z,-46.25,180.0,1.2468262
2050-01-01T12:00:00Z,-45.0,90.0,1.3062134
2050-01-01T12:00:00Z,-45.0,91.875,1.3110352
2050-01-01T12:00:00Z,-45.0,93.75,1.3080139
2050-01-01T12:00:00Z,-45.0,95.625,1.2931824
2050-01-01T12:00:00Z,-45.0,97.5,1.2657776
2050-01-01T12:00:00Z,-45.0,99.375,1.2489014
2050-01-01T12:00:00Z,-45.0,101.25,1.2340088
2050-01-01T12:00:00Z,-45.0,103.125,1.2079163
2050-01-01T12:00:00Z,-45.0,105.0,1.1765747
2050-01-01T12:00:00Z,-45.0,106.875,1.149353
2050-01-01T12:00:00Z,-45.0,108.75,1.1131592
2050-01-01T12:00:00Z,-45.0,110.625,1.0762634
2050-01-01T12:00:00Z,-45.0,112.5,1.0465088
2050-01-01T12:00:00Z,-45.0,114.375,1.0160522
2050-01-01T12:00:00Z,-45.0,116.25,0.9885559
2050-01-01T12:00:00Z,-45.0,118.125,0.96017456
2050-01-01T12:00:00Z,-45.0,120.0,0.9293823
2050-01-01T12:00:00Z,-45.0,121.875,0.9015808
2050-01-01T12:00:00Z,-45.0,123.75,0.8833008
2050-01-01T12:00:00Z,-45.0,125.625,0.86920166
2050-01-01T12:00:00Z,-45.0,127.5,0.85684204
2050-01-01T12:00:00Z,-45.0,129.375,0.8514099
2050-01-01T12:00:00Z,-45.0,131.25,0.8542175
2050-01-01T12:00:00Z,-45.0,133.125,0.85995483
2050-01-01T12:00:00Z,-45.0,135.0,0.86291504
2050-01-01T12:00:00Z,-45.0,136.875,0.8599243
2050-01-01T12:00:00Z,-45.0,138.75,0.8729248
2050-01-01T12:00:00Z,-45.0,140.625,0.9923706
2050-01-01T12:00:00Z,-45.0,142.5,1.1767578
2050-01-01T12:00:00Z,-45.0,144.375,1.3219299
2050-01-01T12:00:00Z,-45.0,146.25,1.4970398
2050-01-01T12:00:00Z,-45.0,148.125,1.7066345
2050-01-01T12:00:00Z,-45.0,150.0,1.8098755
2050-01-01T12:00:00Z,-45.0,151.875,1.7166443
2050-01-01T12:00:00Z,-45.0,153.75,1.521698
2050-01-01T12:00:00Z,-45.0,155.625,1.4116821
2050-01-01T12:00:00Z,-45.0,157.5,1.3854065
2050-01-01T12:00:00Z,-45.0,159.375,1.3614502
2050-01-01T12:00:00Z,-45.0,161.25,1.3357239
2050-01-01T12:00:00Z,-45.0,163.125,1.3457336
2050-01-01T12:00:00Z,-45.0,165.0,1.4248047
2050-01-01T12:00:00Z,-45.0,166.875,1.5675049
2050-01-01T12:00:00Z,-45.0,168.75,1.6753845
2050-01-01T12:00:00Z,-45.0,170.625,1.6404419
2050-01-01T12:00:00Z,-45.0,172.5,1.420166
2050-01-01T12:00:00Z,-45.0,174.375,1.3590698
2050-01-01T12:00:00Z,-45.0,176.25,1.3347168
2050-01-01T12:00:00Z,-45.0,178.125,1.3235168
2050-01-01T12:00:00Z,-45.0,180.0,1.3232727
2050-01-01T12:00:00Z,-43.75,90.0,1.2566223
2050-01-01T12:00:00Z,-43.75,91.875,1.246582
2050-01-01T12:00:00Z,-43.75,93.75,1.2326355
2050-01-01T12:00:00Z,-43.75,95.625,1.2090454
2050-01-01T12:00:00Z,-43.75,97.5,1.1813354
2050-01-01T12:00:00Z,-43.75,99.375,1.173584
2050-01-01T12:00:00Z,-43.75,101.25,1.1543579
2050-01-01T12:00:00Z,-43.75,103.125,1.1346436
2050-01-01T12:00:00Z,-43.75,105.0,1.1143799
2050-01-01T12:00:00Z,-43.75,106.875,1.0901489
2050-01-01T12:00:00Z,-43.75,108.75,1.0613708
2050-01-01T12:00:00Z,-43.75,110.625,1.0306702
2050-01-01T12:00:00Z,-43.75,112.5,1.0050049
2050-01-01T12:00:00Z,-43.75,114.375,0.9911499
2050-01-01T12:00:00Z,-43.75,116.25,0.9640198
2050-01-01T12:00:00Z,-43.75,118.125,0.93045044
2050-01-01T12:00:00Z,-43.75,120.0,0.90460205
2050-01-01T12:00:00Z,-43.75,121.875,0.88671875
2050-01-01T12:00:00Z,-43.75,123.75,0.8780823
2050-01-01T12:00:00Z,-43.75,125.625,0.86968994
2050-01-01T12:00:00Z,-43.75,127.5,0.8694153
2050-01-01T12:00:00Z,-43.75,129.375,0.8703308
2050-01-01T12:00:00Z,-43.75,131.25,0.8822632
2050-01-01T12:00:00Z,-43.75,133.125,0.8965149
2050-01-01T12:00:00Z,-43.75,135.0,0.8883362
2050-01-01T12:00:00Z,-43.75,136.875,0.83773804
2050-01-01T12:00:00Z,-43.75,138.75,0.8503723
2050-01-01T12:00:00Z,-43.75,140.625,0.9746704
2050-01-01T12:00:00Z,-43.75,142.5,1.1190796
2050-01-01T12:00:00Z,-43.75,144.375,1.2182312
2050-01-01T12:00:00Z,-43.75,146.25,1.4195862
2050-01-01T12:00:00Z,-43.75,148.125,1.6943054
2050-01-01T12:00:00Z,-43.75,150.0,1.9242554
2050-01-01T12:00:00Z,-43.75,151.875,1.9265747
2050-01-01T12:00:00Z,-43.75,153.75,1.7039795
2050-01-01T12:00:00Z,-43.75,155.625,1.5393677
2050-01-01T12:00:00Z,-43.75,157.5,1.5004272
2050-01-01T12:00:00Z,-43.75,159.375,1.4743652
2050-01-01T12:00:00Z,-43.75,161.25,1.420105
2050-01-01T12:00:00Z,-43.75,163.125,1.3978577
2050-01-01T12:00:00Z,-43.75,165.0,1.457489
2050-01-01T12:00:00Z,-43.75,166.875,1.5613403
2050-01-01T12:00:00Z,-43.75,168.75,1.7358704
2050-01-01T12:00:00Z,-43.75,170.625,1.7843323
2050-01-01T12:00:00Z,-43.75,172.5,1.6642151
2050-01-01T12:00:00Z,-43.75,174.375,1.4497681
2050-01-01T12:00:00Z,-43.75,176.25,1.40625
2050-01-01T12:00:00Z,-43.75,178.125,1.3965149
2050-01-01T12:00:00Z,-43.75,180.0,1.4064636
2050-01-01T12:00:00Z,-42.5,90.0,1.1868286
2050-01-01T12:00:00Z,-42.5,91.875,1.1719666
2050-01-01T12:00:00Z,-42.5,93.75,1.1586304
2050-01-01T12:00:00Z,-42.5,95.625,1.1389465
2050-01-01T12:00:00Z,-42.5,97.5,1.1236877
2050-01-01T12:00:00Z,-42.5,99.375,1.114563
2050-01-01T12:00:00Z,-42.5,101.25,1.1000977
2050-01-01T12:00:00Z,-42.5,103.125,1.0811768
2050-01-01T12:00:00Z,-42.5,105.0,1.0653076
2050-01-01T12:00:00Z,-42.5,106.875,1.0488892
2050-01-01T12:00:00Z,-42.5,108.75,1.0282593
2050-01-01T12:00:00Z,-42.5,110.625,1.0045776
2050-01-01T12:00:00Z,-42.5,112.5,0.9880371
2050-01-01T12:00:00Z,-42.5,114.375,0.97106934
2050-01-01T12:00:00Z,-42.5,116.25,0.9529114
2050-01-01T12:00:00Z,-42.5,118.125,0.9264221
2050-01-01T12:00:00Z,-42.5,120.0,0.9064636
2050-01-01T12:00:00Z,-42.5,121.875,0.89559937
2050-01-01T12:00:00Z,-42.5,123.75,0.8911438
2050-01-01T12:00:00Z,-42.5,125.625,0.8969116
2050-01-01T12:00:00Z,-42.5,127.5,0.91015625
2050-01-01T12:00:00Z,-42.5,129.375,0.9218445
2050-01-01T12:00:00Z,-42.5,131.25,0.93743896
2050-01-01T12:00:00Z,-42.5,133.125,0.9367981
2050-01-01T12:00:00Z,-42.5,135.0,0.8791809
2050-01-01T12:00:00Z,-42.5,136.875,0.7952881
2050-01-01T12:00:00Z,-42.5,138.75,0.8171692
2050-01-01T12:00:00Z,-42.5,140.625,0.91973877
2050-01-01T12:00:00Z,-42.5,142.5,1.0236206
2050-01-01T12:00:00Z,-42.5,144.375,1.1335144
2050-01-01T12:00:00Z,-42.5,146.25,1.3404236
2050-01-01T12:00:00Z,-42.5,148.125,1.6300049
2050-01-01T12:00:00Z,-42.5,150.0,1.9016724
2050-01-01T12:00:00Z,-42.5,151.875,2.0266418
2050-01-01T12:00:00Z,-42.5,153.75,1.8339539
2050-01-01T12:00:00Z,-42.5,155.625,1.6359863
2050-01-01T12:00:00Z,-42.5,157.5,1.5871887
2050-01-01T12:00:00Z,-42.5,159.375,1.5652771
2050-01-01T12:00:00Z,-42.5,161.25,1.5100403
2050-01-01T12:00:00Z,-42.5,163.125,1.4702759
2050-01-01T12:00:00Z,-42.5,165.0,1.5075378
2050-01-01T12:00:00Z,-42.5,166.875,1.5879822
2050-01-01T12:00:00Z,-42.5,168.75,1.694397
2050-01-01T12:00:00Z,-42.5,170.625,1.8450012
2050-01-01T12:00:00Z,-42.5,172.5,1.9041748
2050-01-01T12:00:00Z,-42.5,174.375,1.5986633
2050-01-01T12:00:00Z,-42.5,176.25,1.4807739
2050-01-01T12:00:00Z,-42.5,178.125,1.482544
2050-01-01T12:00:00Z,-42.5,180.0,1.4958496
2050-01-01T12:00:00Z,-41.25,90.0,1.1223145
2050-01-01T12:00:00Z,-41.25,91.875,1.112793
2050-01-01T12:00:00Z,-41.25,93.75,1.1071472
2050-01-01T12:00:00Z,-41.25,95.625,1.0993958
2050-01-01T12:00:00Z,-41.25,97.5,1.0917358
2050-01-01T12:00:00Z,-41.25,99.375,1.0907288
2050-01-01T12:00:00Z,-41.25,101.25,1.0791321
2050-01-01T12:00:00Z,-41.25,103.125,1.0596008
2050-01-01T12:00:00Z,-41.25,105.0,1.0488281
2050-01-01T12:00:00Z,-41.25,106.875,1.0349731
2050-01-01T12:00:00Z,-41.25,108.75,1.0218201
2050-01-01T12:00:00Z,-41.25,110.625,1.0068665
2050-01-01T12:00:00Z,-41.25,112.5,0.9935913
2050-01-01T12:00:00Z,-41.25,114.375,0.9805908
2050-01-01T12:00:00Z,-41.25,116.25,0.9647522
2050-01-01T12:00:00Z,-41.25,118.125,0.94918823
2050-01-01T12:00:00Z,-41.25,120.0,0.94381714
2050-01-01T12:00:00Z,-41.25,121.875,0.950531
2050-01-01T12:00:00Z,-41.25,123.75,0.9585571
2050-01-01T12:00:00Z,-41.25,125.625,0.97128296
2050-01-01T12:00:00Z,-41.25,127.5,0.98934937
2050-01-01T12:00:00Z,-41.25,129.375,0.9876404
2050-01-01T12:00:00Z,-41.25,131.25,0.9746399
2050-01-01T12:00:00Z,-41.25,133.125,0.945343
2050-01-01T12:00:00Z,-41.25,135.0,0.8602905
2050-01-01T12:00:00Z,-41.25,136.875,0.7965698
2050-01-01T12:00:00Z,-41.25,138.75,0.8234863
2050-01-01T12:00:00Z,-41.25,140.625,0.89401245
2050-01-01T12:00:00Z,-41.25,142.5,0.9968262
2050-01-01T12:00:00Z,-41.25,144.375,1.1281738
2050-01-01T12:00:00Z,-41.25,146.25,1.4075623
2050-01-01T12:00:00Z,-41.25,148.125,1.5683899
2050-01-01T12:00:00Z,-41.25,150.0,1.8596802
2050-01-01T12:00:00Z,-41.25,151.875,2.0418396
2050-01-01T12:00:00Z,-41.25,153.75,1.8758545
2050-01-01T12:00:00Z,-41.25,155.625,1.6741028
2050-01-01T12:00:00Z,-41.25,157.5,1.6312866
2050-01-01T12:00:00Z,-41.25,159.375,1.6259155
2050-01-01T12:00:00Z,-41.25,161.25,1.582428
2050-01-01T12:00:00Z,-41.25,163.125,1.5410461
2050-01-01T12:00:00Z,-41.25,165.0,1.558197
2050-01-01T12:00:00Z,-41.25,166.875,1.6123352
2050-01-01T12:00:00Z,-41.25,168.75,1.7093201
2050-01-01T12:00:00Z,-41.25,170.625,1.8061523
2050-01-01T12:00:00Z,-41.25,172.5,1.9309082
2050-01-01T12:00:00Z,-41.25,174.375,1.9689636
2050-01-01T12:00:00Z,-41.25,176.25,1.730011
2050-01-01T12:00:00Z,-41.25,178.125,1.5751648
2050-01-01T12:00:00Z,-41.25,180.0,1.5687561
2050-01-01T12:00:00Z,-40.0,90.0,1.0735168
2050-01-01T12:00:00Z,-40.0,91.875,1.0744934
2050-01-01T12:00:00Z,-40.0,93.75,1.0780334
2050-01-01T12:00:00Z,-40.0,95.625,1.085907
2050-01-01T12:00:00Z,-40.0,97.5,1.0920105
2050-01-01T12:00:00Z,-40.0,99.375,1.099762
2050-01-01T12:00:00Z,-40.0,101.25,1.0879211
2050-01-01T12:00:00Z,-40.0,103.125,1.0734558
2050-01-01T12:00:00Z,-40.0,105.0,1.06781
2050-01-01T12:00:00Z,-40.0,106.875,1.0577087
2050-01-01T12:00:00Z,-40.0,108.75,1.048706
2050-01-01T12:00:00Z,-40.0,110.625,1.0361328
2050-01-01T12:00:00Z,-40.0,112.5,1.0223389
2050-01-01T12:00:00Z,-40.0,114.375,1.0073242
2050-01-01T12:00:00Z,-40.0,116.25,0.9979248
2050-01-01T12:00:00Z,-40.0,118.125,0.9949951
2050-01-01T12:00:00Z,-40.0,120.0,1.0114136
2050-01-01T12:00:00Z,-40.0,121.875,1.0280457
2050-01-01T12:00:00Z,-40.0,123.75,1.0384216
2050-01-01T12:00:00Z,-40.0,125.625,1.0482483
2050-01-01T12:00:00Z,-40.0,127.5,1.0492249
2050-01-01T12:00:00Z,-40.0,129.375,1.0243835
2050-01-01T12:00:00Z,-40.0,131.25,0.98825073
2050-01-01T12:00:00Z,-40.0,133.125,0.9351196
2050-01-01T12:00:00Z,-40.0,135.0,0.8758545
2050-01-01T12:00:00Z,-40.0,136.875,0.85217285
2050-01-01T12:00:00Z,-40.0,138.75,0.8784485
2050-01-01T12:00:00Z,-40.0,140.625,0.92959595
2050-01-01T12:00:00Z,-40.0,142.5,1.0018616
2050-01-01T12:00:00Z,-40.0,144.375,1.0715027
2050-01-01T12:00:00Z,-40.0,146.25,1.2146606
2050-01-01T12:00:00Z,-40.0,148.125,1.4352722
2050-01-01T12:00:00Z,-40.0,150.0,1.8732605
2050-01-01T12:00:00Z,-40.0,151.875,2.0628052
2050-01-01T12:00:00Z,-40.0,153.75,1.8825989
2050-01-01T12:00:00Z,-40.0,155.625,1.6989746
2050-01-01T12:00:00Z,-40.0,157.5,1.6602173
2050-01-01T12:00:00Z,-40.0,159.375,1.6523438
2050-01-01T12:00:00Z,-40.0,161.25,1.6216431
2050-01-01T12:00:00Z,-40.0,163.125,1.5910339
2050-01-01T12:00:00Z,-40.0,165.0,1.601593
2050-01-01T12:00:00Z,-40.0,166.875,1.6425476
2050-01-01T12:00:00Z,-40.0,168.75,1.7282104
2050-01-01T12:00:00Z,-40.0,170.625,1.809967
2050-01-01T12:00:00Z,-40.0,172.5,1.8407898
2050-01-01T12:00:00Z,-40.0,174.375,1.9028015
2050-01-01T12:00:00Z,-40.0,176.25,1.9583435
2050-01-01T12:00:00Z,-40.0,178.125,1.6502075
2050-01-01T12:00:00Z,-40.0,180.0,1.6278992
2050-01-01T12:00:00Z,-38.75,90.0,1.0768433
2050-01-01T12:00:00Z,-38.75,91.875,1.0891724
2050-01-01T12:00:00Z,-38.75,93.75,1.1045227
2050-01-01T12:00:00Z,-38.75,95.625,1.1238098
2050-01-01T12:00:00Z,-38.75,97.5,1.136383
2050-01-01T12:00:00Z,-38.75,99.375,1.1366882
2050-01-01T12:00:00Z,-38.75,101.25,1.13031
2050-01-01T12:00:00Z,-38.75,103.125,1.1192932
2050-01-01T12:00:00Z,-38.75,105.0,1.1174316
2050-01-01T12:00:00Z,-38.75,106.875,1.1096497
2050-01-01T12:00:00Z,-38.75,108.75,1.0938721
2050-01-01T12:00:00Z,-38.75,110.625,1.068512
2050-01-01T12:00:00Z,-38.75,112.5,1.0490112
2050-01-01T12:00:00Z,-38.75,114.375,1.0354004
2050-01-01T12:00:00Z,-38.75,116.25,1.0468445
2050-01-01T12:00:00Z,-38.75,118.125,1.0626221
2050-01-01T12:00:00Z,-38.75,120.0,1.089447
2050-01-01T12:00:00Z,-38.75,121.875,1.0986328
2050-01-01T12:00:00Z,-38.75,123.75,1.1132507
2050-01-01T12:00:00Z,-38.75,125.625,1.1163025
2050-01-01T12:00:00Z,-38.75,127.5,1.0869446
2050-01-01T12:00:00Z,-38.75,129.375,1.0368347
2050-01-01T12:00:00Z,-38.75,131.25,0.99572754
2050-01-01T12:00:00Z,-38.75,133.125,0.9625244
2050-01-01T12:00:00Z,-38.75,135.0,0.9385376
2050-01-01T12:00:00Z,-38.75,136.875,0.9326172
2050-01-01T12:00:00Z,-38.75,138.75,0.9458008
2050-01-01T12:00:00Z,-38.75,140.625,0.9902344
2050-01-01T12:00:00Z,-38.75,142.5,1.0675049
2050-01-01T12:00:00Z,-38.75,144.375,1.1563416
2050-01-01T12:00:00Z,-38.75,146.25,1.300293
2050-01-01T12:00:00Z,-38.75,148.125,1.4274292
2050-01-01T12:00:00Z,-38.75,150.0,1.8442078
2050-01-01T12:00:00Z,-38.75,151.875,2.0693665
2050-01-01T12:00:00Z,-38.75,153.75,1.8982544
2050-01-01T12:00:00Z,-38.75,155.625,1.7195435
2050-01-01T12:00:00Z,-38.75,157.5,1.6856384
2050-01-01T12:00:00Z,-38.75,159.375,1.671875
2050-01-01T12:00:00Z,-38.75,161.25,1.6458435
2050-01-01T12:00:00Z,-38.75,163.125,1.6264954
2050-01-01T12:00:00Z,-38.75,165.0,1.6338806
2050-01-01T12:00:00Z,-38.75,166.875,1.6652832
2050-01-01T12:00:00Z,-38.75,168.75,1.743042
2050-01-01T12:00:00Z,-38.75,170.625,1.8315125
2050-01-01T12:00:00Z,-38.75,172.5,1.8522339
2050-01-01T12:00:00Z,-38.75,174.375,1.8727722
2050-01-01T12:00:00Z,-38.75,176.25,1.9661865
2050-01-01T12:00:00Z,-38.75,178.125,1.7585449
2050-01-01T12:00:00Z,-38.75,180.0,1.6533813
2050-01-01T12:00:00Z,-37.5,90.0,1.1549072
2050-01-01T12:00:00Z,-37.5,91.875,1.1778564
2050-01-01T12:00:00Z,-37.5,93.75,1.1955261
2050-01-01T12:00:00Z,-37.5,95.625,1.2044067
2050-01-01T12:00:00Z,-37.5,97.5,1.1944885
2050-01-01T12:00:00Z,-37.5,99.375,1.1847839
2050-01-01T12:00:00Z,-37.5,101.25,1.1741028
2050-01-01T12:00:00Z,-37.5,103.125,1.1670837
2050-01-01T12:00:00Z,-37.5,105.0,1.1687927
2050-01-01T12:00:00Z,-37.5,106.875,1.1548767
2050-01-01T12:00:00Z,-37.5,108.75,1.1141968
2050-01-01T12:00:00Z,-37.5,110.625,1.0597534
2050-01-01T12:00:00Z,-37.5,112.5,1.0118713
2050-01-01T12:00:00Z,-37.5,114.375,1.0107727
2050-01-01T12:00:00Z,-37.5,116.25,1.0595703
2050-01-01T12:00:00Z,-37.5,118.125,1.0996704
2050-01-01T12:00:00Z,-37.5,120.0,1.1361389
2050-01-01T12:00:00Z,-37.5,121.875,1.1591492
2050-01-01T12:00:00Z,-37.5,123.75,1.1779175
2050-01-01T12:00:00Z,-37.5,125.625,1.164856
2050-01-01T12:00:00Z,-37.5,127.5,1.1141968
2050-01-01T12:00:00Z,-37.5,129.375,1.0569458
2050-01-01T12:00:00Z,-37.5,131.25,1.027771
2050-01-01T12:00:00Z,-37.5,133.125,1.0107422
2050-01-01T12:00:00Z,-37.5,135.0,0.99612427
2050-01-01T12:00:00Z,-37.5,136.875,0.9884033
2050-01-01T12:00:00Z,-37.5,138.75,1.0071106
2050-01-01T12:00:00Z,-37.5,140.625,1.1584778
2050-01-01T12:00:00Z,-37.5,142.5,1.2727661
2050-01-01T12:00:00Z,-37.5,144.375,1.4133606
2050-01-01T12:00:00Z,-37.5,146.25,1.6168213
2050-01-01T12:00:00Z,-37.5,148.125,1.7147827
2050-01-01T12:00:00Z,-37.5,150.0,1.9274292
2050-01-01T12:00:00Z,-37.5,151.875,1.9854431
2050-01-01T12:00:00Z,-37.5,153.75,1.9031677
2050-01-01T12:00:00Z,-37.5,155.625,1.7175293
2050-01-01T12:00:00Z,-37.5,157.5,1.6920776
2050-01-01T12:00:00Z,-37.5,159.375,1.7015991
2050-01-01T12:00:00Z,-37.5,161.25,1.6897888
2050-01-01T12:00:00Z,-37.5,163.125,1.666565
2050-01-01T12:00:00Z,-37.5,165.0,1.6702881
2050-01-01T12:00:00Z,-37.5,166.875,1.6938782
2050-01-01T12:00:00Z,-37.5,168.75,1.764801
2050-01-01T12:00:00Z,-37.5,170.625,1.8573608
2050-01-01T12:00:00Z,-37.5,172.5,1.8726196
2050-01-01T12:00:00Z,-37.5,174.375,1.8705444
2050-01-01T12:00:00Z,-37.5,176.25,1.8084717
2050-01-01T12:00:00Z,-37.5,178.125,1.7267456
2050-01-01T12:00:00Z,-37.5,180.0,1.6489258
2050-01-01T12:00:00Z,-36.25,90.0,1.2578125
2050-01-01T12:00:00Z,-36.25,91.875,1.2684631
2050-01-01T12:00:00Z,-36.25,93.75,1.2779541
2050-01-01T12:00:00Z,-36.25,95.625,1.2687683
2050-01-01T12:00:00Z,-36.25,97.5,1.2473755
2050-01-01T12:00:00Z,-36.25,99.375,1.2214661
2050-01-01T12:00:00Z,-36.25,101.25,1.2073059
2050-01-01T12:00:00Z,-36.25,103.125,1.2028809
2050-01-01T12:00:00Z,-36.25,105.0,1.1881409
2050-01-01T12:00:00Z,-36.25,106.875,1.1651611
2050-01-01T12:00:00Z,-36.25,108.75,1.1089783
2050-01-01T12:00:00Z,-36.25,110.625,1.039978
2050-01-01T12:00:00Z,-36.25,112.5,0.98599243
2050-01-01T12:00:00Z,-36.25,114.375,0.9798279
2050-01-01T12:00:00Z,-36.25,116.25,1.0379944
2050-01-01T12:00:00Z,-36.25,118.125,1.1110535
2050-01-01T12:00:00Z,-36.25,120.0,1.1614075
2050-01-01T12:00:00Z,-36.25,121.875,1.1911926
2050-01-01T12:00:00Z,-36.25,123.75,1.2088013
2050-01-01T12:00:00Z,-36.25,125.625,1.194519
2050-01-01T12:00:00Z,-36.25,127.5,1.1546936
2050-01-01T12:00:00Z,-36.25,129.375,1.1130371
2050-01-01T12:00:00Z,-36.25,131.25,1.085968
2050-01-01T12:00:00Z,-36.25,133.125,1.0516357
2050-01-01T12:00:00Z,-36.25,135.0,1.0387573
2050-01-01T12:00:00Z,-36.25,136.875,1.0271301
2050-01-01T12:00:00Z,-36.25,138.75,1.0791931
2050-01-01T12:00:00Z,-36.25,140.625,1.2735596
2050-01-01T12:00:00Z,-36.25,142.5,1.407135
2050-01-01T12:00:00Z,-36.25,144.375,1.5623169
2050-01-01T12:00:00Z,-36.25,146.25,1.7644958
2050-01-01T12:00:00Z,-36.25,148.125,1.8265381
2050-01-01T12:00:00Z,-36.25,150.0,1.8894348
2050-01-01T12:00:00Z,-36.25,151.875,1.9109497
2050-01-01T12:00:00Z,-36.25,153.75,1.8852844
2050-01-01T12:00:00Z,-36.25,155.625,1.7165222
2050-01-01T12:00:00Z,-36.25,157.5,1.6645508
2050-01-01T12:00:00Z,-36.25,159.375,1.720459
2050-01-01T12:00:00Z,-36.25,161.25,1.7502136
2050-01-01T12:00:00Z,-36.25,163.125,1.7404785
2050-01-01T12:00:00Z,-36.25,165.0,1.7277832
2050-01-01T12:00:00Z,-36.25,166.875,1.730133
2050-01-01T12:00:00Z,-36.25,168.75,1.7875061
2050-01-01T12:00:00Z,-36.25,170.625,1.8875732
2050-01-01T12:00:00Z,-36.25,172.5,1.9002686
2050-01-01T12:00:00Z,-36.25,174.375,1.8495483
2050-01-01T12:00:00Z,-36.25,176.25,1.7528687
2050-01-01T12:00:00Z,-36.25,178.125,1.6803894
2050-01-01T12:00:00Z,-36.25,180.0,1.5906372
2050-01-01T12:00:00Z,-35.0,90.0,1.3162537
2050-01-01T12:00:00Z,-35.0,91.875,1.3128357
2050-01-01T12:00:00Z,-35.0,93.75,1.3139038
2050-01-01T12:00:00Z,-35.0,95.625,1.3016052
2050-01-01T12:00:00Z,-35.0,97.5,1.276947
2050-01-01T12:00:00Z,-35.0,99.375,1.2464905
2050-01-01T12:00:00Z,-35.0,101.25,1.2199097
2050-01-01T12:00:00Z,-35.0,103.125,1.1990662
2050-01-01T12:00:00Z,-35.0,105.0,1.1781311
2050-01-01T12:00:00Z,-35.0,106.875,1.1494751
2050-01-01T12:00:00Z,-35.0,108.75,1.1046753
2050-01-01T12:00:00Z,-35.0,110.625,1.0701599
2050-01-01T12:00:00Z,-35.0,112.5,1.053833
2050-01-01T12:00:00Z,-35.0,114.375,1.0469971
2050-01-01T12:00:00Z,-35.0,116.25,1.0906372
2050-01-01T12:00:00Z,-35.0,118.125,1.207367
2050-01-01T12:00:00Z,-35.0,120.0,1.1858215
2050-01-01T12:00:00Z,-35.0,121.875,1.1983643
2050-01-01T12:00:00Z,-35.0,123.75,1.2181396
2050-01-01T12:00:00Z,-35.0,125.625,1.2058105
2050-01-01T12:00:00Z,-35.0,127.5,1.1869812
2050-01-01T12:00:00Z,-35.0,129.375,1.152832
2050-01-01T12:00:00Z,-35.0,131.25,1.1064758
2050-01-01T12:00:00Z,-35.0,133.125,1.0501099
2050-01-01T12:00:00Z,-35.0,135.0,1.0614624
2050-01-01T12:00:00Z,-35.0,136.875,1.0932922
2050-01-01T12:00:00Z,-35.0,138.75,1.276062
2050-01-01T12:00:00Z,-35.0,140.625,1.4519348
2050-01-01T12:00:00Z,-35.0,142.5,1.5186157
2050-01-01T12:00:00Z,-35.0,144.375,1.6740723
2050-01-01T12:00:00Z,-35.0,146.25,1.7809448
2050-01-01T12:00:00Z,-35.0,148.125,1.8704834
2050-01-01T12:00:00Z,-35.0,150.0,1.9103088
2050-01-01T12:00:00Z,-35.0,151.875,1.8730469
2050-01-01T12:00:00Z,-35.0,153.75,1.8486328
2050-01-01T12:00:00Z,-35.0,155.625,1.717102
2050-01-01T12:00:00Z,-35.0,157.5,1.607666
2050-01-01T12:00:00Z,-35.0,159.375,1.6549683
2050-01-01T12:00:00Z,-35.0,161.25,1.7414551
2050-01-01T12:00:00Z,-35.0,163.125,1.7847595
2050-01-01T12:00:00Z,-35.0,165.0,1.7835693
2050-01-01T12:00:00Z,-35.0,166.875,1.7717285
2050-01-01T12:00:00Z,-35.0,168.75,1.802185
2050-01-01T12:00:00Z,-35.0,170.625,1.895935
2050-01-01T12:00:00Z,-35.0,172.5,1.9050598
2050-01-01T12:00:00Z,-35.0,174.375,1.7981567
2050-01-01T12:00:00Z,-35.0,176.25,1.7237854
2050-01-01T12:00:00Z,-35.0,178.125,1.6073914
2050-01-01T12:00:00Z,-35.0,180.0,1.5154114
2050-01-01T12:00:00Z,-33.75,90.0,1.3495789
2050-01-01T12:00:00Z,-33.75,91.875,1.3411865
2050-01-01T12:00:00Z,-33.75,93.75,1.326416
2050-01-01T12:00:00Z,-33.75,95.625,1.3068542
2050-01-01T12:00:00Z,-33.75,97.5,1.2827759
2050-01-01T12:00:00Z,-33.75,99.375,1.2601318
2050-01-01T12:00:00Z,-33.75,101.25,1.2216187
2050-01-01T12:00:00Z,-33.75,103.125,1.1943665
2050-01-01T12:00:00Z,-33.75,105.0,1.1652222
2050-01-01T12:00:00Z,-33.75,106.875,1.139679
2050-01-01T12:00:00Z,-33.75,108.75,1.1152344
2050-01-01T12:00:00Z,-33.75,110.625,1.1156921
2050-01-01T12:00:00Z,-33.75,112.5,1.1420593
2050-01-01T12:00:00Z,-33.75,114.375,1.1600342
2050-01-01T12:00:00Z,-33.75,116.25,1.3291321
2050-01-01T12:00:00Z,-33.75,118.125,1.5934143
2050-01-01T12:00:00Z,-33.75,120.0,1.3969421
2050-01-01T12:00:00Z,-33.75,121.875,1.4030151
2050-01-01T12:00:00Z,-33.75,123.75,1.3142395
2050-01-01T12:00:00Z,-33.75,125.625,1.2164612
2050-01-01T12:00:00Z,-33.75,127.5,1.1948547
2050-01-01T12:00:00Z,-33.75,129.375,1.1454468
2050-01-01T12:00:00Z,-33.75,131.25,1.0914001
2050-01-01T12:00:00Z,-33.75,133.125,1.0478516
2050-01-01T12:00:00Z,-33.75,135.0,1.1642761
2050-01-01T12:00:00Z,-33.75,136.875,1.289856
2050-01-01T12:00:00Z,-33.75,138.75,1.4503784
2050-01-01T12:00:00Z,-33.75,140.625,1.5312805
2050-01-01T12:00:00Z,-33.75,142.5,1.6125793
2050-01-01T12:00:00Z,-33.75,144.375,1.7375183
2050-01-01T12:00:00Z,-33.75,146.25,1.8388977
2050-01-01T12:00:00Z,-33.75,148.125,1.8395386
2050-01-01T12:00:00Z,-33.75,150.0,1.9157715
2050-01-01T12:00:00Z,-33.75,151.875,1.8518677
2050-01-01T12:00:00Z,-33.75,153.75,1.7816772
2050-01-01T12:00:00Z,-33.75,155.625,1.6718445
2050-01-01T12:00:00Z,-33.75,157.5,1.5636597
2050-01-01T12:00:00Z,-33.75,159.375,1.5338745
2050-01-01T12:00:00Z,-33.75,161.25,1.615387
2050-01-01T12:00:00Z,-33.75,163.125,1.7022095
2050-01-01T12:00:00Z,-33.75,165.0,1.7417603
2050-01-01T12:00:00Z,-33.75,166.875,1.7589111
2050-01-01T12:00:00Z,-33.75,168.75,1.7919922
2050-01-01T12:00:00Z,-33.75,170.625,1.8193665
2050-01-01T12:00:00Z,-33.75,172.5,1.8184814
2050-01-01T12:00:00Z,-33.75,174.375,1.7556152
2050-01-01T12:00:00Z,-33.75,176.25,1.6512146
2050-01-01T12:00:00Z,-33.75,178.125,1.5158997
2050-01-01T12:00:00Z,-33.75,180.0,1.4396362
2050-01-01T12:00:00Z,-32.5,90.0,1.3556824
2050-01-01T12:00:00Z,-32.5,91.875,1.336792
2050-01-01T12:00:00Z,-32.5,93.75,1.3170166
2050-01-01T12:00:00Z,-32.5,95.625,1.2929993
2050-01-01T12:00:00Z,-32.5,97.5,1.2725525
2050-01-01T12:00:00Z,-32.5,99.375,1.2533569
2050-01-01T12:00:00Z,-32.5,101.25,1.2305908
2050-01-01T12:00:00Z,-32.5,103.125,1.2004089
2050-01-01T12:00:00Z,-32.5,105.0,1.1707458
2050-01-01T12:00:00Z,-32.5,106.875,1.1490479
2050-01-01T12:00:00Z,-32.5,108.75,1.1404114
2050-01-01T12:00:00Z,-32.5,110.625,1.162323
2050-01-01T12:00:00Z,-32.5,112.5,1.2175903
2050-01-01T12:00:00Z,-32.5,114.375,1.2646179
2050-01-01T12:00:00Z,-32.5,116.25,1.5130005
2050-01-01T12:00:00Z,-32.5,118.125,1.8118286
2050-01-01T12:00:00Z,-32.5,120.0,1.750885
2050-01-01T12:00:00Z,-32.5,121.875,1.7084045
2050-01-01T12:00:00Z,-32.5,123.75,1.507843
2050-01-01T12:00:00Z,-32.5,125.625,1.3765564
2050-01-01T12:00:00Z,-32.5,127.5,1.2205505
2050-01-01T12:00:00Z,-32.5,129.375,1.1773376
2050-01-01T12:00:00Z,-32.5,131.25,1.1413879
2050-01-01T12:00:00Z,-32.5,133.125,1.127655
2050-01-01T12:00:00Z,-32.5,135.0,1.5100708
2050-01-01T12:00:00Z,-32.5,136.875,1.6178589
2050-01-01T12:00:00Z,-32.5,138.75,1.7044983
2050-01-01T12:00:00Z,-32.5,140.625,1.6765442
2050-01-01T12:00:00Z,-32.5,142.5,1.7242126
2050-01-01T12:00:00Z,-32.5,144.375,1.8543091
2050-01-01T12:00:00Z,-32.5,146.25,1.9176941
2050-01-01T12:00:00Z,-32.5,148.125,1.8947144
2050-01-01T12:00:00Z,-32.5,150.0,1.9672241
2050-01-01T12:00:00Z,-32.5,151.875,1.9620361
2050-01-01T12:00:00Z,-32.5,153.75,1.7185669
2050-01-01T12:00:00Z,-32.5,155.625,1.598114
2050-01-01T12:00:00Z,-32.5,157.5,1.521698
2050-01-01T12:00:00Z,-32.5,159.375,1.4653625
2050-01-01T12:00:00Z,-32.5,161.25,1.5020752
2050-01-01T12:00:00Z,-32.5,163.125,1.5916138
2050-01-01T12:00:00Z,-32.5,165.0,1.631897
2050-01-01T12:00:00Z,-32.5,166.875,1.6736755
2050-01-01T12:00:00Z,-32.5,168.75,1.7105408
2050-01-01T12:00:00Z,-32.5,170.625,1.7043152
2050-01-01T12:00:00Z,-32.5,172.5,1.6839905
2050-01-01T12:00:00Z,-32.5,174.375,1.6302795
2050-01-01T12:00:00Z,-32.5,176.25,1.5361938
2050-01-01T12:00:00Z,-32.5,178.125,1.4405212
2050-01-01T12:00:00Z,-32.5,180.0,1.4228516
2050-01-01T12:00:00Z,-31.25,90.0,1.3442383
2050-01-01T12:00:00Z,-31.25,91.875,1.3238525
2050-01-01T12:00:00Z,-31.25,93.75,1.301239
2050-01-01T12:00:00Z,-31.25,95.625,1.276001
2050-01-01T12:00:00Z,-31.25,97.5,1.2573853
2050-01-01T12:00:00Z,-31.25,99.375,1.2453918
2050-01-01T12:00:00Z,-31.25,101.25,1.2331543
2050-01-01T12:00:00Z,-31.25,103.125,1.2061768
2050-01-01T12:00:00Z,-31.25,105.0,1.1798096
2050-01-01T12:00:00Z,-31.25,106.875,1.1652832
2050-01-01T12:00:00Z,-31.25,108.75,1.1708374
2050-01-01T12:00:00Z,-31.25,110.625,1.216095
2050-01-01T12:00:00Z,-31.25,112.5,1.2887268
2050-01-01T12:00:00Z,-31.25,114.375,1.367096
2050-01-01T12:00:00Z,-31.25,116.25,1.7685852
2050-01-01T12:00:00Z,-31.25,118.125,2.0543518
2050-01-01T12:00:00Z,-31.25,120.0,1.9356384
2050-01-01T12:00:00Z,-31.25,121.875,1.9022827
2050-01-01T12:00:00Z,-31.25,123.75,1.8346558
2050-01-01T12:00:00Z,-31.25,125.625,1.5840759
2050-01-01T12:00:00Z,-31.25,127.5,1.7118225
2050-01-01T12:00:00Z,-31.25,129.375,1.610321
2050-01-01T12:00:00Z,-31.25,131.25,1.6029358
2050-01-01T12:00:00Z,-31.25,133.125,1.5631714
2050-01-01T12:00:00Z,-31.25,135.0,1.5445862
2050-01-01T12:00:00Z,-31.25,136.875,1.664856
2050-01-01T12:00:00Z,-31.25,138.75,1.8753052
2050-01-01T12:00:00Z,-31.25,140.625,1.8460388
2050-01-01T12:00:00Z,-31.25,142.5,1.8849792
2050-01-01T12:00:00Z,-31.25,144.375,1.9237976
2050-01-01T12:00:00Z,-31.25,146.25,2.041626
2050-01-01T12:00:00Z,-31.25,148.125,2.0082703
2050-01-01T12:00:00Z,-31.25,150.0,2.0256653
2050-01-01T12:00:00Z,-31.25,151.875,2.0665588
2050-01-01T12:00:00Z,-31.25,153.75,1.6628113
2050-01-01T12:00:00Z,-31.25,155.625,1.5412903
2050-01-01T12:00:00Z,-31.25,157.5,1.4840088
2050-01-01T12:00:00Z,-31.25,159.375,1.4543762
2050-01-01T12:00:00Z,-31.25,161.25,1.4830933
2050-01-01T12:00:00Z,-31.25,163.125,1.5366211
2050-01-01T12:00:00Z,-31.25,165.0,1.5650024
2050-01-01T12:00:00Z,-31.25,166.875,1.5971069
2050-01-01T12:00:00Z,-31.25,168.75,1.6135559
2050-01-01T12:00:00Z,-31.25,170.625,1.5997009
2050-01-01T12:00:00Z,-31.25,172.5,1.5735779
2050-01-01T12:00:00Z,-31.25,174.375,1.5160217
2050-01-01T12:00:00Z,-31.25,176.25,1.4567566
2050-01-01T12:00:00Z,-31.25,178.125,1.434906
2050-01-01T12:00:00Z,-31.25,180.0,1.4815063
2050-01-01T12:00:00Z,-30.0,90.0,1.3295898
2050-01-01T12:00:00Z,-30.0,91.875,1.3100891
2050-01-01T12:00:00Z,-30.0,93.75,1.288269
2050-01-01T12:00:00Z,-30.0,95.625,1.2713318
2050-01-01T12:00:00Z,-30.0,97.5,1.2501831
2050-01-01T12:00:00Z,-30.0,99.375,1.2391357
2050-01-01T12:00:00Z,-30.0,101.25,1.2182312
2050-01-01T12:00:00Z,-30.0,103.125,1.1897278
2050-01-01T12:00:00Z,-30.0,105.0,1.1565857
2050-01-01T12:00:00Z,-30.0,106.875,1.1477356
2050-01-01T12:00:00Z,-30.0,108.75,1.18219
2050-01-01T12:00:00Z,-30.0,110.625,1.2738953
2050-01-01T12:00:00Z,-30.0,112.5,1.3615417
2050-01-01T12:00:00Z,-30.0,114.375,1.4628906
2050-01-01T12:00:00Z,-30.0,116.25,2.0224
2050-01-01T12:00:00Z,-30.0,118.125,2.1999207
2050-01-01T12:00:00Z,-30.0,120.0,2.1221924
2050-01-01T12:00:00Z,-30.0,121.875,2.0053406
2050-01-01T12:00:00Z,-30.0,123.75,2.006134
2050-01-01T12:00:00Z,-30.0,125.625,1.7385864
2050-01-01T12:00:00Z,-30.0,127.5,1.8982849
2050-01-01T12:00:00Z,-30.0,129.375,1.6190796
2050-01-01T12:00:00Z,-30.0,131.25,1.7225342
2050-01-01T12:00:00Z,-30.0,133.125,1.6462097
2050-01-01T12:00:00Z,-30.0,135.0,1.763977
2050-01-01T12:00:00Z,-30.0,136.875,1.888794
2050-01-01T12:00:00Z,-30.0,138.75,1.9349365
2050-01-01T12:00:00Z,-30.0,140.625,1.9468994
2050-01-01T12:00:00Z,-30.0,142.5,1.890625
2050-01-01T12:00:00Z,-30.0,144.375,1.9391785
2050-01-01T12:00:00Z,-30.0,146.25,2.0795593
2050-01-01T12:00:00Z,-30.0,148.125,2.0862122
2050-01-01T12:00:00Z,-30.0,150.0,2.088379
2050-01-01T12:00:00Z,-30.0,151.875,2.079071
2050-01-01T12:00:00Z,-30.0,153.75,1.6005554
2050-01-01T12:00:00Z,-30.0,155.625,1.4962463
2050-01-01T12:00:00Z,-30.0,157.5,1.4723816
2050-01-01T12:00:00Z,-30.0,159.375,1.4752502
2050-01-01T12:00:00Z,-30.0,161.25,1.4952698
2050-01-01T12:00:00Z,-30.0,163.125,1.5369263
2050-01-01T12:00:00Z,-30.0,165.0,1.5474854
2050-01-01T12:00:00Z,-30.0,166.875,1.5498352
2050-01-01T12:00:00Z,-30.0,168.75,1.558258
2050-01-01T12:00:00Z,-30.0,170.625,1.5352173
2050-01-01T12:00:00Z,-30.0,172.5,1.5054932
2050-01-01T12:00:00Z,-30.0,174.375,1.4755249
2050-01-01T12:00:00Z,-30.0,176.25,1.4842224
2050-01-01T12:00:00Z,-30.0,178.125,1.5470276
2050-01-01T12:00:00Z,-30.0,180.0,1.625
2050-01-01T12:00:00Z,-28.75,90.0,1.308197
2050-01-01T12:00:00Z,-28.75,91.875,1.2936707
2050-01-01T12:00:00Z,-28.75,93.75,1.2769165
2050-01-01T12:00:00Z,-28.75,95.625,1.2576294
2050-01-01T12:00:00Z,-28.75,97.5,1.2344971
2050-01-01T12:00:00Z,-28.75,99.375,1.2021484
2050-01-01T12:00:00Z,-28.75,101.25,1.1577759
2050-01-01T12:00:00Z,-28.75,103.125,1.1261902
2050-01-01T12:00:00Z,-28.75,105.0,1.108551
2050-01-01T12:00:00Z,-28.75,106.875,1.1365051
2050-01-01T12:00:00Z,-28.75,108.75,1.2174683
2050-01-01T12:00:00Z,-28.75,110.625,1.3226929
2050-01-01T12:00:00Z,-28.75,112.5,1.4116211
2050-01-01T12:00:00Z,-28.75,114.375,1.5291748
2050-01-01T12:00:00Z,-28.75,116.25,2.2685852
2050-01-01T12:00:00Z,-28.75,118.125,2.368805
2050-01-01T12:00:00Z,-28.75,120.0,2.3024597
2050-01-01T12:00:00Z,-28.75,121.875,2.2203674
2050-01-01T12:00:00Z,-28.75,123.75,2.1218567
2050-01-01T12:00:00Z,-28.75,125.625,2.0654907
2050-01-01T12:00:00Z,-28.75,127.5,1.9117737
2050-01-01T12:00:00Z,-28.75,129.375,1.8802795
2050-01-01T12:00:00Z,-28.75,131.25,1.8956604
2050-01-01T12:00:00Z,-28.75,133.125,1.7630005
2050-01-01T12:00:00Z,-28.75,135.0,1.758606
2050-01-01T12:00:00Z,-28.75,136.875,1.8247375
2050-01-01T12:00:00Z,-28.75,138.75,2.116394
2050-01-01T12:00:00Z,-28.75,140.625,1.9352722
2050-01-01T12:00:00Z,-28.75,142.5,2.080017
2050-01-01T12:00:00Z,-28.75,144.375,2.097412
2050-01-01T12:00:00Z,-28.75,146.25,2.157257
2050-01-01T12:00:00Z,-28.75,148.125,2.1471252
2050-01-01T12:00:00Z,-28.75,150.0,2.0806885
2050-01-01T12:00:00Z,-28.75,151.875,2.0245972
2050-01-01T12:00:00Z,-28.75,153.75,1.6525269
2050-01-01T12:00:00Z,-28.75,155.625,1.473938
2050-01-01T12:00:00Z,-28.75,157.5,1.4778137
2050-01-01T12:00:00Z,-28.75,159.375,1.4922485
2050-01-01T12:00:00Z,-28.75,161.25,1.5174255
2050-01-01T12:00:00Z,-28.75,163.125,1.5389404
2050-01-01T12:00:00Z,-28.75,165.0,1.5406494
2050-01-01T12:00:00Z,-28.75,166.875,1.5437317
2050-01-01T12:00:00Z,-28.75,168.75,1.532135
2050-01-01T12:00:00Z,-28.75,170.625,1.5128174
2050-01-01T12:00:00Z,-28.75,172.5,1.5141907
2050-01-01T12:00:00Z,-28.75,174.375,1.5388794
2050-01-01T12:00:00Z,-28.75,176.25,1.6103821
2050-01-01T12:00:00Z,-28.75,178.125,1.704956
2050-01-01T12:00:00Z,-28.75,180.0,1.7651062
2050-01-01T12:00:00Z,-27.5,90.0,1.2557983
2050-01-01T12:00:00Z,-27.5,91.875,1.2445068
2050-01-01T12:00:00Z,-27.5,93.75,1.2274475
2050-01-01T12:00:00Z,-27.5,95.625,1.1984253
2050-01-01T12:00:00Z,-27.5,97.5,1.1517944
2050-01-01T12:00:00Z,-27.5,99.375,1.0977173
2050-01-01T12:00:00Z,-27.5,101.25,1.058258
2050-01-01T12:00:00Z,-27.5,103.125,1.0569153
2050-01-01T12:00:00Z,-27.5,105.0,1.0877075
2050-01-01T12:00:00Z,-27.5,106.875,1.1705322
2050-01-01T12:00:00Z,-27.5,108.75,1.2725525
2050-01-01T12:00:00Z,-27.5,110.625,1.3579407
2050-01-01T12:00:00Z,-27.5,112.5,1.4532166
2050-01-01T12:00:00Z,-27.5,114.375,1.7774963
2050-01-01T12:00:00Z,-27.5,116.25,2.475525
2050-01-01T12:00:00Z,-27.5,118.125,2.4979858
2050-01-01T12:00:00Z,-27.5,120.0,2.471527
2050-01-01T12:00:00Z,-27.5,121.875,2.3439636
2050-01-01T12:00:00Z,-27.5,123.75,2.3457947
2050-01-01T12:00:00Z,-27.5,125.625,2.3414917
2050-01-01T12:00:00Z,-27.5,127.5,2.2146606
2050-01-01T12:00:00Z,-27.5,129.375,2.2046814
2050-01-01T12:00:00Z,-27.5,131.25,2.1492615
2050-01-01T12:00:00Z,-27.5,133.125,1.9841614
2050-01-01T12:00:00Z,-27.5,135.0,1.6152954
2050-01-01T12:00:00Z,-27.5,136.875,1.9310303
2050-01-01T12:00:00Z,-27.5,138.75,2.1912231
2050-01-01T12:00:00Z,-27.5,140.625,2.1219177
2050-01-01T12:00:00Z,-27.5,142.5,2.075714
2050-01-01T12:00:00Z,-27.5,144.375,2.2444153
2050-01-01T12:00:00Z,-27.5,146.25,2.2520447
2050-01-01T12:00:00Z,-27.5,148.125,2.2053223
2050-01-01T12:00:00Z,-27.5,150.0,2.099823
2050-01-01T12:00:00Z,-27.5,151.875,1.9555969
2050-01-01T12:00:00Z,-27.5,153.75,1.5079651
2050-01-01T12:00:00Z,-27.5,155.625,1.4512634
2050-01-01T12:00:00Z,-27.5,157.5,1.467804
2050-01-01T12:00:00Z,-27.5,159.375,1.4972534
2050-01-01T12:00:00Z,-27.5,161.25,1.5201721
2050-01-01T12:00:00Z,-27.5,163.125,1.5366516
2050-01-01T12:00:00Z,-27.5,165.0,1.5554504
2050-01-01T12:00:00Z,-27.5,166.875,1.5586243
2050-01-01T12:00:00Z,-27.5,168.75,1.533905
2050-01-01T12:00:00Z,-27.5,170.625,1.5307617
2050-01-01T12:00:00Z,-27.5,172.5,1.5661011
2050-01-01T12:00:00Z,-27.5,174.375,1.6317139
2050-01-01T12:00:00Z,-27.5,176.25,1.7143555
2050-01-01T12:00:00Z,-27.5,178.125,1.7889404
2050-01-01T12:00:00Z,-27.5,180.0,1.8285828
2050-01-01T12:00:00Z,-26.25,90.0,1.1443481
2050-01-01T12:00:00Z,-26.25,91.875,1.1317444
2050-01-01T12:00:00Z,-26.25,93.75,1.1122742
2050-01-01T12:00:00Z,-26.25,95.625,1.0750427
2050-01-01T12:00:00Z,-26.25,97.5,1.0290527
2050-01-01T12:00:00Z,-26.25,99.375,0.9963074
2050-01-01T12:00:00Z,-26.25,101.25,1.0117188
2050-01-01T12:00:00Z,-26.25,103.125,1.0568542
2050-01-01T12:00:00Z,-26.25,105.0,1.1400452
2050-01-01T12:00:00Z,-26.25,106.875,1.2251282
2050-01-01T12:00:00Z,-26.25,108.75,1.3011475
2050-01-01T12:00:00Z,-26.25,110.625,1.3799133
2050-01-01T12:00:00Z,-26.25,112.5,1.4778442
2050-01-01T12:00:00Z,-26.25,114.375,1.9275513
2050-01-01T12:00:00Z,-26.25,116.25,2.3564758
2050-01-01T12:00:00Z,-26.25,118.125,2.4502563
2050-01-01T12:00:00Z,-26.25,120.0,2.7225342
2050-01-01T12:00:00Z,-26.25,121.875,2.5484009
2050-01-01T12:00:00Z,-26.25,123.75,2.551056
2050-01-01T12:00:00Z,-26.25,125.625,2.4969482
2050-01-01T12:00:00Z,-26.25,127.5,2.4498596
2050-01-01T12:00:00Z,-26.25,129.375,2.355896
2050-01-01T12:00:00Z,-26.25,131.25,2.0641174
2050-01-01T12:00:00Z,-26.25,133.125,1.7421875
2050-01-01T12:00:00Z,-26.25,135.0,1.8349609
2050-01-01T12:00:00Z,-26.25,136.875,1.9120789
2050-01-01T12:00:00Z,-26.25,138.75,1.9476929
2050-01-01T12:00:00Z,-26.25,140.625,2.26474
2050-01-01T12:00:00Z,-26.25,142.5,2.256195
2050-01-01T12:00:00Z,-26.25,144.375,2.3657837
2050-01-01T12:00:00Z,-26.25,146.25,2.310028
2050-01-01T12:00:00Z,-26.25,148.125,2.1930542
2050-01-01T12:00:00Z,-26.25,150.0,1.9855957
2050-01-01T12:00:00Z,-26.25,151.875,1.8135376
2050-01-01T12:00:00Z,-26.25,153.75,1.4699097
2050-01-01T12:00:00Z,-26.25,155.625,1.4186401
2050-01-01T12:00:00Z,-26.25,157.5,1.4420776
2050-01-01T12:00:00Z,-26.25,159.375,1.5018921
2050-01-01T12:00:00Z,-26.25,161.25,1.5202026
2050-01-01T12:00:00Z,-26.25,163.125,1.5413208
2050-01-01T12:00:00Z,-26.25,165.0,1.5779114
2050-01-01T12:00:00Z,-26.25,166.875,1.5973816
2050-01-01T12:00:00Z,-26.25,168.75,1.5820618
2050-01-01T12:00:00Z,-26.25,170.625,1.5661926
2050-01-01T12:00:00Z,-26.25,172.5,1.6066284
2050-01-01T12:00:00Z,-26.25,174.375,1.6732178
2050-01-01T12:00:00Z,-26.25,176.25,1.7349548
2050-01-01T12:00:00Z,-26.25,178.125,1.7779846
2050-01-01T12:00:00Z,-26.25,180.0,1.7984009
2050-01-01T12:00:00Z,-25.0,90.0,1.0289001
2050-01-01T12:00:00Z,-25.0,91.875,1.0231323
2050-01-01T12:00:00Z,-25.0,93.75,1.0076294
2050-01-01T12:00:00Z,-25.0,95.625,0.9844055
2050-01-01T12:00:00Z,-25.0,97.5,0.9690552
2050-01-01T12:00:00Z,-25.0,99.375,0.9775696
2050-01-01T12:00:00Z,-25.0,101.25,1.033905
2050-01-01T12:00:00Z,-25.0,103.125,1.1117859
2050-01-01T12:00:00Z,-25.0,105.0,1.2082825
2050-01-01T12:00:00Z,-25.0,106.875,1.2765198
2050-01-01T12:00:00Z,-25.0,108.75,1.3149109
2050-01-01T12:00:00Z,-25.0,110.625,1.3942566
2050-01-01T12:00:00Z,-25.0,112.5,1.4927063
2050-01-01T12:00:00Z,-25.0,114.375,1.9662476
2050-01-01T12:00:00Z,-25.0,116.25,2.553711
2050-01-01T12:00:00Z,-25.0,118.125,2.5954895
2050-01-01T12:00:00Z,-25.0,120.0,2.7233276
2050-01-01T12:00:00Z,-25.0,121.875,2.7539062
2050-01-01T12:00:00Z,-25.0,123.75,2.7377625
2050-01-01T12:00:00Z,-25.0,125.625,2.5796814
2050-01-01T12:00:00Z,-25.0,127.5,2.4588318
2050-01-01T12:00:00Z,-25.0,129.375,2.335083
2050-01-01T12:00:00Z,-25.0,131.25,2.2043152
2050-01-01T12:00:00Z,-25.0,133.125,2.0960693
2050-01-01T12:00:00Z,-25.0,135.0,2.1612854
2050-01-01T12:00:00Z,-25.0,136.875,2.083435
2050-01-01T12:00:00Z,-25.0,138.75,2.2236938
2050-01-01T12:00:00Z,-25.0,140.625,2.1773987
2050-01-01T12:00:00Z,-25.0,142.5,2.4015808
2050-01-01T12:00:00Z,-25.0,144.375,2.3414612
2050-01-01T12:00:00Z,-25.0,146.25,2.2330627
2050-01-01T12:00:00Z,-25.0,148.125,2.0500793
2050-01-01T12:00:00Z,-25.0,150.0,1.8690491
2050-01-01T12:00:00Z,-25.0,151.875,1.6905518
2050-01-01T12:00:00Z,-25.0,153.75,1.4387817
2050-01-01T12:00:00Z,-25.0,155.625,1.4033813
2050-01-01T12:00:00Z,-25.0,157.5,1.4269714
2050-01-01T12:00:00Z,-25.0,159.375,1.5032349
2050-01-01T12:00:00Z,-25.0,161.25,1.5304565
2050-01-01T12:00:00Z,-25.0,163.125,1.5437012
2050-01-01T12:00:00Z,-25.0,165.0,1.5828857
2050-01-01T12:00:00Z,-25.0,166.875,1.6122437
2050-01-01T12:00:00Z,-25.0,168.75,1.6200562
2050-01-01T12:00:00Z,-25.0,170.625,1.6061401
2050-01-01T12:00:00Z,-25.0,172.5,1.619751
2050-01-01T12:00:00Z,-25.0,174.375,1.6480713
2050-01-01T12:00:00Z,-25.0,176.25,1.6725769
2050-01-01T12:00:00Z,-25.0,178.125,1.6789551
2050-01-01T12:00:00Z,-25.0,180.0,1.6746521
2050-01-01T12:00:00Z,-23.75,90.0,0.9894409
2050-01-01T12:00:00Z,-23.75,91.875,0.9975891
2050-01-01T12:00:00Z,-23.75,93.75,0.9920044
2050-01-01T12:00:00Z,-23.75,95.625,0.98013306
2050-01-01T12:00:00Z,-23.75,97.5,0.9914856
2050-01-01T12:00:00Z,-23.75,99.375,1.028717
2050-01-01T12:00:00Z,-23.75,101.25,1.1008301
2050-01-01T12:00:00Z,-23.75,103.125,1.1791687
2050-01-01T12:00:00Z,-23.75,105.0,1.2597656
2050-01-01T12:00:00Z,-23.75,106.875,1.31781
2050-01-01T12:00:00Z,-23.75,108.75,1.3275146
2050-01-01T12:00:00Z,-23.75,110.625,1.3963928
2050-01-01T12:00:00Z,-23.75,112.5,1.4963379
2050-01-01T12:00:00Z,-23.75,114.375,1.9168091
2050-01-01T12:00:00Z,-23.75,116.25,2.397766
2050-01-01T12:00:00Z,-23.75,118.125,2.4936523
2050-01-01T12:00:00Z,-23.75,120.0,2.746521
2050-01-01T12:00:00Z,-23.75,121.875,2.7599792
2050-01-01T12:00:00Z,-23.75,123.75,2.888092
2050-01-01T12:00:00Z,-23.75,125.625,2.8050537
2050-01-01T12:00:00Z,-23.75,127.5,2.5720215
2050-01-01T12:00:00Z,-23.75,129.375,2.574646
2050-01-01T12:00:00Z,-23.75,131.25,2.2341614
2050-01-01T12:00:00Z,-23.75,133.125,2.2387695
2050-01-01T12:00:00Z,-23.75,135.0,2.1627197
2050-01-01T12:00:00Z,-23.75,136.875,2.1947632
2050-01-01T12:00:00Z,-23.75,138.75,1.9013977
2050-01-01T12:00:00Z,-23.75,140.625,2.2704163
2050-01-01T12:00:00Z,-23.75,142.5,2.218689
2050-01-01T12:00:00Z,-23.75,144.375,2.2416382
2050-01-01T12:00:00Z,-23.75,146.25,2.0850525
2050-01-01T12:00:00Z,-23.75,148.125,1.9039307
2050-01-01T12:00:00Z,-23.75,150.0,1.8105164
2050-01-01T12:00:00Z,-23.75,151.875,1.4594421
2050-01-01T12:00:00Z,-23.75,153.75,1.4108582
2050-01-01T12:00:00Z,-23.75,155.625,1.3805542
2050-01-01T12:00:00Z,-23.75,157.5,1.421814
2050-01-01T12:00:00Z,-23.75,159.375,1.506134
2050-01-01T12:00:00Z,-23.75,161.25,1.5360107
2050-01-01T12:00:00Z,-23.75,163.125,1.5447083
2050-01-01T12:00:00Z,-23.75,165.0,1.564331
2050-01-01T12:00:00Z,-23.75,166.875,1.586853
2050-01-01T12:00:00Z,-23.75,168.75,1.6056824
2050-01-01T12:00:00Z,-23.75,170.625,1.5805969
2050-01-01T12:00:00Z,-23.75,172.5,1.5675354
2050-01-01T12:00:00Z,-23.75,174.375,1.559021
2050-01-01T12:00:00Z,-23.75,176.25,1.5543213
2050-01-01T12:00:00Z,-23.75,178.125,1.5403442
2050-01-01T12:00:00Z,-23.75,180.0,1.5137329
2050-01-01T12:00:00Z,-22.5,90.0,1.0549927
2050-01-01T12:00:00Z,-22.5,91.875,1.0709229
2050-01-01T12:00:00Z,-22.5,93.75,1.0738525
2050-01-01T12:00:00Z,-22.5,95.625,1.0624084
2050-01-01T12:00:00Z,-22.5,97.5,1.0727234
2050-01-01T12:00:00Z,-22.5,99.375,1.1069641
2050-01-01T12:00:00Z,-22.5,101.25,1.1788635
2050-01-01T12:00:00Z,-22.5,103.125,1.2509766
2050-01-01T12:00:00Z,-22.5,105.0,1.315033
2050-01-01T12:00:00Z,-22.5,106.875,1.352478
2050-01-01T12:00:00Z,-22.5,108.75,1.3471985
2050-01-01T12:00:00Z,-22.5,110.625,1.3975525
2050-01-01T12:00:00Z,-22.5,112.5,1.4965515
2050-01-01T12:00:00Z,-22.5,114.375,1.7658691
2050-01-01T12:00:00Z,-22.5,116.25,2.2575378
2050-01-01T12:00:00Z,-22.5,118.125,2.3797607
2050-01-01T12:00:00Z,-22.5,120.0,2.5788574
2050-01-01T12:00:00Z,-22.5,121.875,2.7173462
2050-01-01T12:00:00Z,-22.5,123.75,2.6452942
2050-01-01T12:00:00Z,-22.5,125.625,2.729004
2050-01-01T12:00:00Z,-22.5,127.5,2.5532532
2050-01-01T12:00:00Z,-22.5,129.375,2.5171509
2050-01-01T12:00:00Z,-22.5,131.25,2.3924866
2050-01-01T12:00:00Z,-22.5,133.125,2.3267517
2050-01-01T12:00:00Z,-22.5,135.0,2.214508
2050-01-01T12:00:00Z,-22.5,136.875,2.1393127
2050-01-01T12:00:00Z,-22.5,138.75,2.079895
2050-01-01T12:00:00Z,-22.5,140.625,2.0121155
2050-01-01T12:00:00Z,-22.5,142.5,2.2060242
2050-01-01T12:00:00Z,-22.5,144.375,2.2095337
2050-01-01T12:00:00Z,-22.5,146.25,2.0466614
2050-01-01T12:00:00Z,-22.5,148.125,1.8663635
2050-01-01T12:00:00Z,-22.5,150.0,1.630249
2050-01-01T12:00:00Z,-22.5,151.875,1.4103699
2050-01-01T12:00:00Z,-22.5,153.75,1.3905029
2050-01-01T12:00:00Z,-22.5,155.625,1.3773193
2050-01-01T12:00:00Z,-22.5,157.5,1.4231567
2050-01-01T12:00:00Z,-22.5,159.375,1.5040588
2050-01-01T12:00:00Z,-22.5,161.25,1.5317993
2050-01-01T12:00:00Z,-22.5,163.125,1.5336609
2050-01-01T12:00:00Z,-22.5,165.0,1.520752
2050-01-01T12:00:00Z,-22.5,166.875,1.5464172
2050-01-01T12:00:00Z,-22.5,168.75,1.522583
2050-01-01T12:00:00Z,-22.5,170.625,1.5074158
2050-01-01T12:00:00Z,-22.5,172.5,1.4949036
2050-01-01T12:00:00Z,-22.5,174.375,1.472168
2050-01-01T12:00:00Z,-22.5,176.25,1.4494019
2050-01-01T12:00:00Z,-22.5,178.125,1.4216919
2050-01-01T12:00:00Z,-22.5,180.0,1.3803406
2050-01-01T12:00:00Z,-21.25,90.0,1.1544495
2050-01-01T12:00:00Z,-21.25,91.875,1.1643066
2050-01-01T12:00:00Z,-21.25,93.75,1.1546631
2050-01-01T12:00:00Z,-21.25,95.625,1.134552
2050-01-01T12:00:00Z,-21.25,97.5,1.1362305
2050-01-01T12:00:00Z,-21.25,99.375,1.1800232
2050-01-01T12:00:00Z,-21.25,101.25,1.2568054
2050-01-01T12:00:00Z,-21.25,103.125,1.3271484
2050-01-01T12:00:00Z,-21.25,105.0,1.3722229
2050-01-01T12:00:00Z,-21.25,106.875,1.3818359
2050-01-01T12:00:00Z,-21.25,108.75,1.3604736
2050-01-01T12:00:00Z,-21.25,110.625,1.401062
2050-01-01T12:00:00Z,-21.25,112.5,1.482666
2050-01-01T12:00:00Z,-21.25,114.375,1.6329651
2050-01-01T12:00:00Z,-21.25,116.25,2.2151794
2050-01-01T12:00:00Z,-21.25,118.125,2.7015991
2050-01-01T12:00:00Z,-21.25,120.0,2.5940247
2050-01-01T12:00:00Z,-21.25,121.875,2.6835632
2050-01-01T12:00:00Z,-21.25,123.75,2.6989746
2050-01-01T12:00:00Z,-21.25,125.625,2.636261
2050-01-01T12:00:00Z,-21.25,127.5,2.5388794
2050-01-01T12:00:00Z,-21.25,129.375,2.4845276
2050-01-01T12:00:00Z,-21.25,131.25,2.4699402
2050-01-01T12:00:00Z,-21.25,133.125,2.3810425
2050-01-01T12:00:00Z,-21.25,135.0,2.3207397
2050-01-01T12:00:00Z,-21.25,136.875,2.1952515
2050-01-01T12:00:00Z,-21.25,138.75,2.102234
2050-01-01T12:00:00Z,-21.25,140.625,2.1523743
2050-01-01T12:00:00Z,-21.25,142.5,2.1573792
2050-01-01T12:00:00Z,-21.25,144.375,2.215088
2050-01-01T12:00:00Z,-21.25,146.25,2.050476
2050-01-01T12:00:00Z,-21.25,148.125,1.9131775
2050-01-01T12:00:00Z,-21.25,150.0,1.4024048
2050-01-01T12:00:00Z,-21.25,151.875,1.3811951
2050-01-01T12:00:00Z,-21.25,153.75,1.3822937
2050-01-01T12:00:00Z,-21.25,155.625,1.3882141
2050-01-01T12:00:00Z,-21.25,157.5,1.4444275
2050-01-01T12:00:00Z,-21.25,159.375,1.5068665
2050-01-01T12:00:00Z,-21.25,161.25,1.5296936
2050-01-01T12:00:00Z,-21.25,163.125,1.519104
2050-01-01T12:00:00Z,-21.25,165.0,1.47229
2050-01-01T12:00:00Z,-21.25,166.875,1.4587708
2050-01-01T12:00:00Z,-21.25,168.75,1.4396667
2050-01-01T12:00:00Z,-21.25,170.625,1.4603577
2050-01-01T12:00:00Z,-21.25,172.5,1.4428711
2050-01-01T12:00:00Z,-21.25,174.375,1.4191895
2050-01-01T12:00:00Z,-21.25,176.25,1.4000854
2050-01-01T12:00:00Z,-21.25,178.125,1.3635254
2050-01-01T12:00:00Z,-21.25,180.0,1.3252563
2050-01-01T12:00:00Z,-20.0,90.0,1.2411499
2050-01-01T12:00:00Z,-20.0,91.875,1.2134705
2050-01-01T12:00:00Z,-20.0,93.75,1.1795349
2050-01-01T12:00:00Z,-20.0,95.625,1.1665344
2050-01-01T12:00:00Z,-20.0,97.5,1.1991882
2050-01-01T12:00:00Z,-20.0,99.375,1.2689514
2050-01-01T12:00:00Z,-20.0,101.25,1.348114
2050-01-01T12:00:00Z,-20.0,103.125,1.4004822
2050-01-01T12:00:00Z,-20.0,105.0,1.404541
2050-01-01T12:00:00Z,-20.0,106.875,1.3831482
2050-01-01T12:00:00Z,-20.0,108.75,1.374115
2050-01-01T12:00:00Z,-20.0,110.625,1.408905
2050-01-01T12:00:00Z,-20.0,112.5,1.4500427
2050-01-01T12:00:00Z,-20.0,114.375,1.5344238
2050-01-01T12:00:00Z,-20.0,116.25,1.6191406
2050-01-01T12:00:00Z,-20.0,118.125,1.6179504
2050-01-01T12:00:00Z,-20.0,120.0,2.0715027
2050-01-01T12:00:00Z,-20.0,121.875,2.281311
2050-01-01T12:00:00Z,-20.0,123.75,2.5827026
2050-01-01T12:00:00Z,-20.0,125.625,2.6174927
2050-01-01T12:00:00Z,-20.0,127.5,2.4952393
2050-01-01T12:00:00Z,-20.0,129.375,2.559723
2050-01-01T12:00:00Z,-20.0,131.25,2.394226
2050-01-01T12:00:00Z,-20.0,133.125,2.3253174
2050-01-01T12:00:00Z,-20.0,135.0,2.3792725
2050-01-01T12:00:00Z,-20.0,136.875,2.2061462
2050-01-01T12:00:00Z,-20.0,138.75,2.0124817
2050-01-01T12:00:00Z,-20.0,140.625,2.0867615
2050-01-01T12:00:00Z,-20.0,142.5,2.2399902
2050-01-01T12:00:00Z,-20.0,144.375,2.030487
2050-01-01T12:00:00Z,-20.0,146.25,1.9160461
2050-01-01T12:00:00Z,-20.0,148.125,1.5030823
2050-01-01T12:00:00Z,-20.0,150.0,1.3568115
2050-01-01T12:00:00Z,-20.0,151.875,1.3722534
2050-01-01T12:00:00Z,-20.0,153.75,1.3776855
2050-01-01T12:00:00Z,-20.0,155.625,1.4084473
2050-01-01T12:00:00Z,-20.0,157.5,1.4598389
2050-01-01T12:00:00Z,-20.0,159.375,1.4878235
2050-01-01T12:00:00Z,-20.0,161.25,1.4955139
2050-01-01T12:00:00Z,-20.0,163.125,1.4654541
2050-01-01T12:00:00Z,-20.0,165.0,1.4137573
2050-01-01T12:00:00Z,-20.0,166.875,1.4057312
2050-01-01T12:00:00Z,-20.0,168.75,1.4290466
2050-01-01T12:00:00Z,-20.0,170.625,1.429596
2050-01-01T12:00:00Z,-20.0,172.5,1.4077454
2050-01-01T12:00:00Z,-20.0,174.375,1.3907166
2050-01-01T12:00:00Z,-20.0,176.25,1.37854
2050-01-01T12:00:00Z,-20.0,178.125,1.3409424
2050-01-01T12:00:00Z,-20.0,180.0,1.3087158
2050-01-01T12:00:00Z,-18.75,90.0,1.2556152
2050-01-01T12:00:00Z,-18.75,91.875,1.2011108
2050-01-01T12:00:00Z,-18.75,93.75,1.177887
2050-01-01T12:00:00Z,-18.75,95.625,1.2002563
2050-01-01T12:00:00Z,-18.75,97.5,1.2559814
2050-01-01T12:00:00Z,-18.75,99.375,1.3430176
2050-01-01T12:00:00Z,-18.75,101.25,1.4237671
2050-01-01T12:00:00Z,-18.75,103.125,1.4388428
2050-01-01T12:00:00Z,-18.75,105.0,1.3994751
2050-01-01T12:00:00Z,-18.75,106.875,1.3684082
2050-01-01T12:00:00Z,-18.75,108.75,1.3875732
2050-01-01T12:00:00Z,-18.75,110.625,1.4146423
2050-01-01T12:00:00Z,-18.75,112.5,1.4283752
2050-01-01T12:00:00Z,-18.75,114.375,1.4763489
2050-01-01T12:00:00Z,-18.75,116.25,1.5326538
2050-01-01T12:00:00Z,-18.75,118.125,1.5663452
2050-01-01T12:00:00Z,-18.75,120.0,1.5847168
2050-01-01T12:00:00Z,-18.75,121.875,1.9807739
2050-01-01T12:00:00Z,-18.75,123.75,2.5300903
2050-01-01T12:00:00Z,-18.75,125.625,2.683258
2050-01-01T12:00:00Z,-18.75,127.5,2.5164185
2050-01-01T12:00:00Z,-18.75,129.375,2.5423584
2050-01-01T12:00:00Z,-18.75,131.25,2.4893494
2050-01-01T12:00:00Z,-18.75,133.125,2.2645874
2050-01-01T12:00:00Z,-18.75,135.0,2.2547302
2050-01-01T12:00:00Z,-18.75,136.875,2.0562134
2050-01-01T12:00:00Z,-18.75,138.75,2.0202942
2050-01-01T12:00:00Z,-18.75,140.625,2.1677856
2050-01-01T12:00:00Z,-18.75,142.5,2.1486816
2050-01-01T12:00:00Z,-18.75,144.375,1.8322754
2050-01-01T12:00:00Z,-18.75,146.25,1.6070862
2050-01-01T12:00:00Z,-18.75,148.125,1.3743591
2050-01-01T12:00:00Z,-18.75,150.0,1.3551025
2050-01-01T12:00:00Z,-18.75,151.875,1.3655396
2050-01-01T12:00:00Z,-18.75,153.75,1.3839111
2050-01-01T12:00:00Z,-18.75,155.625,1.4234619
2050-01-01T12:00:00Z,-18.75,157.5,1.437439
2050-01-01T12:00:00Z,-18.75,159.375,1.4449463
2050-01-01T12:00:00Z,-18.75,161.25,1.4458618
2050-01-01T12:00:00Z,-18.75,163.125,1.410614
2050-01-01T12:00:00Z,-18.75,165.0,1.3885498
2050-01-01T12:00:00Z,-18.75,166.875,1.4042664
2050-01-01T12:00:00Z,-18.75,168.75,1.4243164
2050-01-01T12:00:00Z,-18.75,170.625,1.4065247
2050-01-01T12:00:00Z,-18.75,172.5,1.3792114
2050-01-01T12:00:00Z,-18.75,174.375,1.359375
2050-01-01T12:00:00Z,-18.75,176.25,1.3387756
2050-01-01T12:00:00Z,-18.75,178.125,1.3166809
2050-01-01T12:00:00Z,-18.75,180.0,1.291565
2050-01-01T12:00:00Z,-17.5,90.0,1.2138367
2050-01-01T12:00:00Z,-17.5,91.875,1.1803284
2050-01-01T12:00:00Z,-17.5,93.75,1.191925
2050-01-01T12:00:00Z,-17.5,95.625,1.238617
2050-01-01T12:00:00Z,-17.5,97.5,1.296051
2050-01-01T12:00:00Z,-17.5,99.375,1.3800964
2050-01-01T12:00:00Z,-17.5,101.25,1.4472656
2050-01-01T12:00:00Z,-17.5,103.125,1.4293213
2050-01-01T12:00:00Z,-17.5,105.0,1.3653259
2050-01-01T12:00:00Z,-17.5,106.875,1.3563538
2050-01-01T12:00:00Z,-17.5,108.75,1.3983154
2050-01-01T12:00:00Z,-17.5,110.625,1.4185486
2050-01-01T12:00:00Z,-17.5,112.5,1.4151917
2050-01-01T12:00:00Z,-17.5,114.375,1.4345703
2050-01-01T12:00:00Z,-17.5,116.25,1.4854126
2050-01-01T12:00:00Z,-17.5,118.125,1.5540161
2050-01-01T12:00:00Z,-17.5,120.0,1.6051941
2050-01-01T12:00:00Z,-17.5,121.875,1.8030396
2050-01-01T12:00:00Z,-17.5,123.75,2.557312
2050-01-01T12:00:00Z,-17.5,125.625,2.589447
2050-01-01T12:00:00Z,-17.5,127.5,2.4950256
2050-01-01T12:00:00Z,-17.5,129.375,2.4388123
2050-01-01T12:00:00Z,-17.5,131.25,2.5994873
2050-01-01T12:00:00Z,-17.5,133.125,2.4143982
2050-01-01T12:00:00Z,-17.5,135.0,2.2265015
2050-01-01T12:00:00Z,-17.5,136.875,2.0300903
2050-01-01T12:00:00Z,-17.5,138.75,1.8651123
2050-01-01T12:00:00Z,-17.5,140.625,1.8905029
2050-01-01T12:00:00Z,-17.5,142.5,2.2709656
2050-01-01T12:00:00Z,-17.5,144.375,1.8655396
2050-01-01T12:00:00Z,-17.5,146.25,1.4961548
2050-01-01T12:00:00Z,-17.5,148.125,1.3471985
2050-01-01T12:00:00Z,-17.5,150.0,1.3618164
2050-01-01T12:00:00Z,-17.5,151.875,1.375885
2050-01-01T12:00:00Z,-17.5,153.75,1.3996277
2050-01-01T12:00:00Z,-17.5,155.625,1.4130554
2050-01-01T12:00:00Z,-17.5,157.5,1.4075928
2050-01-01T12:00:00Z,-17.5,159.375,1.4099121
2050-01-01T12:00:00Z,-17.5,161.25,1.4040833
2050-01-01T12:00:00Z,-17.5,163.125,1.3908691
2050-01-01T12:00:00Z,-17.5,165.0,1.3948364
2050-01-01T12:00:00Z,-17.5,166.875,1.4049683
2050-01-01T12:00:00Z,-17.5,168.75,1.4047546
2050-01-01T12:00:00Z,-17.5,170.625,1.3778381
2050-01-01T12:00:00Z,-17.5,172.5,1.3523254
2050-01-01T12:00:00Z,-17.5,174.375,1.3396606
2050-01-01T12:00:00Z,-17.5,176.25,1.3236084
2050-01-01T12:00:00Z,-17.5,178.125,1.368866
2050-01-01T12:00:00Z,-17.5,180.0,1.2659912
2050-01-01T12:00:00Z,-16.25,90.0,1.2119446
2050-01-01T12:00:00Z,-16.25,91.875,1.2261047
2050-01-01T12:00:00Z,-16.25,93.75,1.2693787
2050-01-01T12:00:00Z,-16.25,95.625,1.3148804
2050-01-01T12:00:00Z,-16.25,97.5,1.3561401
2050-01-01T12:00:00Z,-16.25,99.375,1.4046631
2050-01-01T12:00:00Z,-16.25,101.25,1.4233093
2050-01-01T12:00:00Z,-16.25,103.125,1.3849487
2050-01-01T12:00:00Z,-16.25,105.0,1.3432922
2050-01-01T12:00:00Z,-16.25,106.875,1.3710022
2050-01-01T12:00:00Z,-16.25,108.75,1.4262085
2050-01-01T12:00:00Z,-16.25,110.625,1.432251
2050-01-01T12:00:00Z,-16.25,112.5,1.415802
2050-01-01T12:00:00Z,-16.25,114.375,1.425354
2050-01-01T12:00:00Z,-16.25,116.25,1.4726868
2050-01-01T12:00:00Z,-16.25,118.125,1.5679626
2050-01-01T12:00:00Z,-16.25,120.0,1.6356506
2050-01-01T12:00:00Z,-16.25,121.875,1.6645203
2050-01-01T12:00:00Z,-16.25,123.75,1.8624878
2050-01-01T12:00:00Z,-16.25,125.625,2.4155579
2050-01-01T12:00:00Z,-16.25,127.5,2.4290771
2050-01-01T12:00:00Z,-16.25,129.375,2.3757324
2050-01-01T12:00:00Z,-16.25,131.25,2.4548645
2050-01-01T12:00:00Z,-16.25,133.125,2.377533
2050-01-01T12:00:00Z,-16.25,135.0,2.194397
2050-01-01T12:00:00Z,-16.25,136.875,1.8444214
2050-01-01T12:00:00Z,-16.25,138.75,1.4996338
2050-01-01T12:00:00Z,-16.25,140.625,1.6268921
2050-01-01T12:00:00Z,-16.25,142.5,2.128296
2050-01-01T12:00:00Z,-16.25,144.375,1.7247314
2050-01-01T12:00:00Z,-16.25,146.25,1.3674011
2050-01-01T12:00:00Z,-16.25,148.125,1.3724976
2050-01-01T12:00:00Z,-16.25,150.0,1.3893738
2050-01-01T12:00:00Z,-16.25,151.875,1.3928223
2050-01-01T12:00:00Z,-16.25,153.75,1.3983154
2050-01-01T12:00:00Z,-16.25,155.625,1.4031982
2050-01-01T12:00:00Z,-16.25,157.5,1.4019775
2050-01-01T12:00:00Z,-16.25,159.375,1.3982544
2050-01-01T12:00:00Z,-16.25,161.25,1.4060669
2050-01-01T12:00:00Z,-16.25,163.125,1.4096375
2050-01-01T12:00:00Z,-16.25,165.0,1.4216614
2050-01-01T12:00:00Z,-16.25,166.875,1.4520264
2050-01-01T12:00:00Z,-16.25,168.75,1.3778687
2050-01-01T12:00:00Z,-16.25,170.625,1.3465576
2050-01-01T12:00:00Z,-16.25,172.5,1.32901
2050-01-01T12:00:00Z,-16.25,174.375,1.316803
2050-01-01T12:00:00Z,-16.25,176.25,1.3113403
2050-01-01T12:00:00Z,-16.25,178.125,1.293457
2050-01-01T12:00:00Z,-16.25,180.0,1.3065796
2050-01-01T12:00:00Z,-15.0,90.0,1.2923279
2050-01-01T12:00:00Z,-15.0,91.875,1.3232422
2050-01-01T12:00:00Z,-15.0,93.75,1.3542786
2050-01-01T12:00:00Z,-15.0,95.625,1.3833618
2050-01-01T12:00:00Z,-15.0,97.5,1.400177
2050-01-01T12:00:00Z,-15.0,99.375,1.4121704
2050-01-01T12:00:00Z,-15.0,101.25,1.4047852
2050-01-01T12:00:00Z,-15.0,103.125,1.385498
2050-01-01T12:00:00Z,-15.0,105.0,1.379364
2050-01-01T12:00:00Z,-15.0,106.875,1.4098206
2050-01-01T12:00:00Z,-15.0,108.75,1.4497375
2050-01-01T12:00:00Z,-15.0,110.625,1.4338989
2050-01-01T12:00:00Z,-15.0,112.5,1.4402771
2050-01-01T12:00:00Z,-15.0,114.375,1.4546509
2050-01-01T12:00:00Z,-15.0,116.25,1.5096436
2050-01-01T12:00:00Z,-15.0,118.125,1.5853882
2050-01-01T12:00:00Z,-15.0,120.0,1.6489258
2050-01-01T12:00:00Z,-15.0,121.875,1.6687927
2050-01-01T12:00:00Z,-15.0,123.75,1.6780396
2050-01-01T12:00:00Z,-15.0,125.625,2.2825012
2050-01-01T12:00:00Z,-15.0,127.5,2.326538
2050-01-01T12:00:00Z,-15.0,129.375,2.0639343
2050-01-01T12:00:00Z,-15.0,131.25,2.407196
2050-01-01T12:00:00Z,-15.0,133.125,2.3981934
2050-01-01T12:00:00Z,-15.0,135.0,2.18219
2050-01-01T12:00:00Z,-15.0,136.875,1.4549255
2050-01-01T12:00:00Z,-15.0,138.75,1.4790955
2050-01-01T12:00:00Z,-15.0,140.625,1.5295715
2050-01-01T12:00:00Z,-15.0,142.5,1.905365
2050-01-01T12:00:00Z,-15.0,144.375,1.7115479
2050-01-01T12:00:00Z,-15.0,146.25,1.3558655
2050-01-01T12:00:00Z,-15.0,148.125,1.3994446
2050-01-01T12:00:00Z,-15.0,150.0,1.4114075
2050-01-01T12:00:00Z,-15.0,151.875,1.4126587
2050-01-01T12:00:00Z,-15.0,153.75,1.4188232
2050-01-01T12:00:00Z,-15.0,155.625,1.4179382
2050-01-01T12:00:00Z,-15.0,157.5,1.411377
2050-01-01T12:00:00Z,-15.0,159.375,1.4060364
2050-01-01T12:00:00Z,-15.0,161.25,1.4077148
2050-01-01T12:00:00Z,-15.0,163.125,1.4110718
2050-01-01T12:00:00Z,-15.0,165.0,1.404602
2050-01-01T12:00:00Z,-15.0,166.875,1.3847351
2050-01-01T12:00:00Z,-15.0,168.75,1.3499451
2050-01-01T12:00:00Z,-15.0,170.625,1.3345337
2050-01-01T12:00:00Z,-15.0,172.5,1.3202515
2050-01-01T12:00:00Z,-15.0,174.375,1.3080444
2050-01-01T12:00:00Z,-15.0,176.25,1.309021
2050-01-01T12:00:00Z,-15.0,178.125,1.3088989
2050-01-01T12:00:00Z,-15.0,180.0,1.3059082
2050-01-01T12:00:00Z,-13.75,90.0,1.3807678
2050-01-01T12:00:00Z,-13.75,91.875,1.3946838
2050-01-01T12:00:00Z,-13.75,93.75,1.4083557
2050-01-01T12:00:00Z,-13.75,95.625,1.4166565
2050-01-01T12:00:00Z,-13.75,97.5,1.424408
2050-01-01T12:00:00Z,-13.75,99.375,1.4283752
2050-01-01T12:00:00Z,-13.75,101.25,1.4202576
2050-01-01T12:00:00Z,-13.75,103.125,1.4225464
2050-01-01T12:00:00Z,-13.75,105.0,1.4320984
2050-01-01T12:00:00Z,-13.75,106.875,1.4586792
2050-01-01T12:00:00Z,-13.75,108.75,1.4742737
2050-01-01T12:00:00Z,-13.75,110.625,1.4821167
2050-01-01T12:00:00Z,-13.75,112.5,1.4919434
2050-01-01T12:00:00Z,-13.75,114.375,1.5212402
2050-01-01T12:00:00Z,-13.75,116.25,1.5608215
2050-01-01T12:00:00Z,-13.75,118.125,1.6132202
2050-01-01T12:00:00Z,-13.75,120.0,1.6603699
2050-01-01T12:00:00Z,-13.75,121.875,1.6684265
2050-01-01T12:00:00Z,-13.75,123.75,1.6387634
2050-01-01T12:00:00Z,-13.75,125.625,1.6612854
2050-01-01T12:00:00Z,-13.75,127.5,1.7452393
2050-01-01T12:00:00Z,-13.75,129.375,1.6504517
2050-01-01T12:00:00Z,-13.75,131.25,2.380066
2050-01-01T12:00:00Z,-13.75,133.125,2.294159
2050-01-01T12:00:00Z,-13.75,135.0,2.1318665
2050-01-01T12:00:00Z,-13.75,136.875,1.4445496
2050-01-01T12:00:00Z,-13.75,138.75,1.4465332
2050-01-01T12:00:00Z,-13.75,140.625,1.4494629
2050-01-01T12:00:00Z,-13.75,142.5,1.6649475
2050-01-01T12:00:00Z,-13.75,144.375,1.3787537
2050-01-01T12:00:00Z,-13.75,146.25,1.3688049
2050-01-01T12:00:00Z,-13.75,148.125,1.4206848
2050-01-01T12:00:00Z,-13.75,150.0,1.4246521
2050-01-01T12:00:00Z,-13.75,151.875,1.4253235
2050-01-01T12:00:00Z,-13.75,153.75,1.4279175
2050-01-01T12:00:00Z,-13.75,155.625,1.4291687
2050-01-01T12:00:00Z,-13.75,157.5,1.4188232
2050-01-01T12:00:00Z,-13.75,159.375,1.4048462
2050-01-01T12:00:00Z,-13.75,161.25,1.4009094
2050-01-01T12:00:00Z,-13.75,163.125,1.3969421
2050-01-01T12:00:00Z,-13.75,165.0,1.3786621
2050-01-01T12:00:00Z,-13.75,166.875,1.3653259
2050-01-01T12:00:00Z,-13.75,168.75,1.3495178
2050-01-01T12:00:00Z,-13.75,170.625,1.3409729
2050-01-01T12:00:00Z,-13.75,172.5,1.3390808
2050-01-01T12:00:00Z,-13.75,174.375,1.3288879
2050-01-01T12:00:00Z,-13.75,176.25,1.3295288
2050-01-01T12:00:00Z,-13.75,178.125,1.3400574
2050-01-01T12:00:00Z,-13.75,180.0,1.3468018
2050-01-01T12:00:00Z,-12.5,90.0,1.4413757
2050-01-01T12:00:00Z,-12.5,91.875,1.4447937
2050-01-01T12:00:00Z,-12.5,93.75,1.4386902
2050-01-01T12:00:00Z,-12.5,95.625,1.439331
2050-01-01T12:00:00Z,-12.5,97.5,1.4429016
2050-01-01T12:00:00Z,-12.5,99.375,1.4483643
2050-01-01T12:00:00Z,-12.5,101.25,1.4501953
2050-01-01T12:00:00Z,-12.5,103.125,1.4671326
2050-01-01T12:00:00Z,-12.5,105.0,1.4906616
2050-01-01T12:00:00Z,-12.5,106.875,1.5089417
2050-01-01T12:00:00Z,-12.5,108.75,1.5162048
2050-01-01T12:00:00Z,-12.5,110.625,1.5253601
2050-01-01T12:00:00Z,-12.5,112.5,1.5362854
2050-01-01T12:00:00Z,-12.5,114.375,1.5629272
2050-01-01T12:00:00Z,-12.5,116.25,1.5896301
2050-01-01T12:00:00Z,-12.5,118.125,1.6073608
2050-01-01T12:00:00Z,-12.5,120.0,1.6047668
2050-01-01T12:00:00Z,-12.5,121.875,1.5966187
2050-01-01T12:00:00Z,-12.5,123.75,1.5649719
2050-01-01T12:00:00Z,-12.5,125.625,1.5473022
2050-01-01T12:00:00Z,-12.5,127.5,1.5193481
2050-01-01T12:00:00Z,-12.5,129.375,1.5189209
2050-01-01T12:00:00Z,-12.5,131.25,2.0016785
2050-01-01T12:00:00Z,-12.5,133.125,2.2151794
2050-01-01T12:00:00Z,-12.5,135.0,1.9350891
2050-01-01T12:00:00Z,-12.5,136.875,1.5718994
2050-01-01T12:00:00Z,-12.5,138.75,1.4130554
2050-01-01T12:00:00Z,-12.5,140.625,1.4104309
2050-01-01T12:00:00Z,-12.5,142.5,1.6408691
2050-01-01T12:00:00Z,-12.5,144.375,1.3693237
2050-01-01T12:00:00Z,-12.5,146.25,1.4179382
2050-01-01T12:00:00Z,-12.5,148.125,1.44104
2050-01-01T12:00:00Z,-12.5,150.0,1.438324
2050-01-01T12:00:00Z,-12.5,151.875,1.4386292
2050-01-01T12:00:00Z,-12.5,153.75,1.4365234
2050-01-01T12:00:00Z,-12.5,155.625,1.4441833
2050-01-01T12:00:00Z,-12.5,157.5,1.4414978
2050-01-01T12:00:00Z,-12.5,159.375,1.4238892
2050-01-01T12:00:00Z,-12.5,161.25,1.414978
2050-01-01T12:00:00Z,-12.5,163.125,1.4002991
2050-01-01T12:00:00Z,-12.5,165.0,1.3783875
2050-01-01T12:00:00Z,-12.5,166.875,1.3686829
2050-01-01T12:00:00Z,-12.5,168.75,1.3708191
2050-01-01T12:00:00Z,-12.5,170.625,1.3608093
2050-01-01T12:00:00Z,-12.5,172.5,1.3730164
2050-01-01T12:00:00Z,-12.5,174.375,1.3673096
2050-01-01T12:00:00Z,-12.5,176.25,1.3692322
2050-01-01T12:00:00Z,-12.5,178.125,1.381897
2050-01-01T12:00:00Z,-12.5,180.0,1.3853455
2050-01-01T12:00:00Z,-11.25,90.0,1.4921265
2050-01-01T12:00:00Z,-11.25,91.875,1.4837952
2050-01-01T12:00:00Z,-11.25,93.75,1.4707947
2050-01-01T12:00:00Z,-11.25,95.625,1.4602051
2050-01-01T12:00:00Z,-11.25,97.5,1.4547119
2050-01-01T12:00:00Z,-11.25,99.375,1.4561768
2050-01-01T12:00:00Z,-11.25,101.25,1.4763794
2050-01-01T12:00:00Z,-11.25,103.125,1.4891357
2050-01-01T12:00:00Z,-11.25,105.0,1.50354
2050-01-01T12:00:00Z,-11.25,106.875,1.5245361
2050-01-01T12:00:00Z,-11.25,108.75,1.5383606
2050-01-01T12:00:00Z,-11.25,110.625,1.5458374
2050-01-01T12:00:00Z,-11.25,112.5,1.5559082
2050-01-01T12:00:00Z,-11.25,114.375,1.5686951
2050-01-01T12:00:00Z,-11.25,116.25,1.5663452
2050-01-01T12:00:00Z,-11.25,118.125,1.5562744
2050-01-01T12:00:00Z,-11.25,120.0,1.5467834
2050-01-01T12:00:00Z,-11.25,121.875,1.5419922
2050-01-01T12:00:00Z,-11.25,123.75,1.5081787
2050-01-01T12:00:00Z,-11.25,125.625,1.4797668
2050-01-01T12:00:00Z,-11.25,127.5,1.4525452
2050-01-01T12:00:00Z,-11.25,129.375,1.4420776
2050-01-01T12:00:00Z,-11.25,131.25,1.5380859
2050-01-01T12:00:00Z,-11.25,133.125,1.5319824
2050-01-01T12:00:00Z,-11.25,135.0,1.4318542
2050-01-01T12:00:00Z,-11.25,136.875,1.4119263
2050-01-01T12:00:00Z,-11.25,138.75,1.3885498
2050-01-01T12:00:00Z,-11.25,140.625,1.3857422
2050-01-01T12:00:00Z,-11.25,142.5,1.6178589
2050-01-01T12:00:00Z,-11.25,144.375,1.3843689
2050-01-01T12:00:00Z,-11.25,146.25,1.4342957
2050-01-01T12:00:00Z,-11.25,148.125,1.435791
2050-01-01T12:00:00Z,-11.25,150.0,1.4261475
2050-01-01T12:00:00Z,-11.25,151.875,1.4309998
2050-01-01T12:00:00Z,-11.25,153.75,1.4358826
2050-01-01T12:00:00Z,-11.25,155.625,1.4685364
2050-01-01T12:00:00Z,-11.25,157.5,1.4775085
2050-01-01T12:00:00Z,-11.25,159.375,1.4544067
2050-01-01T12:00:00Z,-11.25,161.25,1.4359741
2050-01-01T12:00:00Z,-11.25,163.125,1.4130859
2050-01-01T12:00:00Z,-11.25,165.0,1.3960266
2050-01-01T12:00:00Z,-11.25,166.875,1.3927917
2050-01-01T12:00:00Z,-11.25,168.75,1.3865356
2050-01-01T12:00:00Z,-11.25,170.625,1.3982239
2050-01-01T12:00:00Z,-11.25,172.5,1.4059143
2050-01-01T12:00:00Z,-11.25,174.375,1.4098816
2050-01-01T12:00:00Z,-11.25,176.25,1.4118042
2050-01-01T12:00:00Z,-11.25,178.125,1.4189758
2050-01-01T12:00:00Z,-11.25,180.0,1.4277344
2050-01-01T12:00:00Z,-10.0,90.0,1.5279541
2050-01-01T12:00:00Z,-10.0,91.875,1.513977
2050-01-01T12:00:00Z,-10.0,93.75,1.4938965
2050-01-01T12:00:00Z,-10.0,95.625,1.4806213
2050-01-01T12:00:00Z,-10.0,97.5,1.4708252
2050-01-01T12:00:00Z,-10.0,99.375,1.4683228
2050-01-01T12:00:00Z,-10.0,101.25,1.4818115
2050-01-01T12:00:00Z,-10.0,103.125,1.4922485
2050-01-01T12:00:00Z,-10.0,105.0,1.5046387
2050-01-01T12:00:00Z,-10.0,106.875,1.517456
2050-01-01T12:00:00Z,-10.0,108.75,1.5317993
2050-01-01T12:00:00Z,-10.0,110.625,1.5393677
2050-01-01T12:00:00Z,-10.0,112.5,1.5326538
2050-01-01T12:00:00Z,-10.0,114.375,1.5354614
2050-01-01T12:00:00Z,-10.0,116.25,1.5444641
2050-01-01T12:00:00Z,-10.0,118.125,1.5632935
2050-01-01T12:00:00Z,-10.0,120.0,1.7400513
2050-01-01T12:00:00Z,-10.0,121.875,1.5844421
2050-01-01T12:00:00Z,-10.0,123.75,1.7545776
2050-01-01T12:00:00Z,-10.0,125.625,1.4872437
2050-01-01T12:00:00Z,-10.0,127.5,1.4288635
2050-01-01T12:00:00Z,-10.0,129.375,1.4151611
2050-01-01T12:00:00Z,-10.0,131.25,1.4230347
2050-01-01T12:00:00Z,-10.0,133.125,1.41922
2050-01-01T12:00:00Z,-10.0,135.0,1.3931274
2050-01-01T12:00:00Z,-10.0,136.875,1.3778687
2050-01-01T12:00:00Z,-10.0,138.75,1.3666077
2050-01-01T12:00:00Z,-10.0,140.625,1.3638
2050-01-01T12:00:00Z,-10.0,142.5,1.3743286
2050-01-01T12:00:00Z,-10.0,144.375,1.402832
2050-01-01T12:00:00Z,-10.0,146.25,1.4497375
2050-01-01T12:00:00Z,-10.0,148.125,1.679657
2050-01-01T12:00:00Z,-10.0,150.0,1.6680298
2050-01-01T12:00:00Z,-10.0,151.875,1.4303589
2050-01-01T12:00:00Z,-10.0,153.75,1.4633179
2050-01-01T12:00:00Z,-10.0,155.625,1.5050659
2050-01-01T12:00:00Z,-10.0,157.5,1.5062256
2050-01-01T12:00:00Z,-10.0,159.375,1.4990845
2050-01-01T12:00:00Z,-10.0,161.25,1.4963684
2050-01-01T12:00:00Z,-10.0,163.125,1.4518127
2050-01-01T12:00:00Z,-10.0,165.0,1.4414673
2050-01-01T12:00:00Z,-10.0,166.875,1.4353333
2050-01-01T12:00:00Z,-10.0,168.75,1.4313965
2050-01-01T12:00:00Z,-10.0,170.625,1.4375
2050-01-01T12:00:00Z,-10.0,172.5,1.4482422
2050-01-01T12:00:00Z,-10.0,174.375,1.4542542
2050-01-01T12:00:00Z,-10.0,176.25,1.450592
2050-01-01T12:00:00Z,-10.0,178.125,1.4607239
2050-01-01T12:00:00Z,-10.0,180.0,1.467926
2050-01-01T12:00:00Z,-8.75,90.0,1.5473633
2050-01-01T12:00:00Z,-8.75,91.875,1.5404663
2050-01-01T12:00:00Z,-8.75,93.75,1.5300598
2050-01-01T12:00:00Z,-8.75,95.625,1.508667
2050-01-01T12:00:00Z,-8.75,97.5,1.4949646
2050-01-01T12:00:00Z,-8.75,99.375,1.4869995
2050-01-01T12:00:00Z,-8.75,101.25,1.4891357
2050-01-01T12:00:00Z,-8.75,103.125,1.5007935
2050-01-01T12:00:00Z,-8.75,105.0,1.5126953
2050-01-01T12:00:00Z,-8.75,106.875,1.5257568
2050-01-01T12:00:00Z,-8.75,108.75,1.5288391
2050-01-01T12:00:00Z,-8.75,110.625,1.5270996
2050-01-01T12:00:00Z,-8.75,112.5,1.5782166
2050-01-01T12:00:00Z,-8.75,114.375,1.6531982
2050-01-01T12:00:00Z,-8.75,116.25,1.5913086
2050-01-01T12:00:00Z,-8.75,118.125,1.8955994
2050-01-01T12:00:00Z,-8.75,120.0,1.7006531
2050-01-01T12:00:00Z,-8.75,121.875,1.6722717
2050-01-01T12:00:00Z,-8.75,123.75,1.5734863
2050-01-01T12:00:00Z,-8.75,125.625,1.6986084
2050-01-01T12:00:00Z,-8.75,127.5,1.4730225
2050-01-01T12:00:00Z,-8.75,129.375,1.4459229
2050-01-01T12:00:00Z,-8.75,131.25,1.4449463
2050-01-01T12:00:00Z,-8.75,133.125,1.4533081
2050-01-01T12:00:00Z,-8.75,135.0,1.4215393
2050-01-01T12:00:00Z,-8.75,136.875,1.4054565
2050-01-01T12:00:00Z,-8.75,138.75,1.4251404
2050-01-01T12:00:00Z,-8.75,140.625,1.6211853
2050-01-01T12:00:00Z,-8.75,142.5,1.6401978
2050-01-01T12:00:00Z,-8.75,144.375,1.3804016
2050-01-01T12:00:00Z,-8.75,146.25,1.6212158
2050-01-01T12:00:00Z,-8.75,148.125,1.8214111
2050-01-01T12:00:00Z,-8.75,150.0,1.4575195
2050-01-01T12:00:00Z,-8.75,151.875,1.4668274
2050-01-01T12:00:00Z,-8.75,153.75,1.505188
2050-01-01T12:00:00Z,-8.75,155.625,1.5247498
2050-01-01T12:00:00Z,-8.75,157.5,1.5515442
2050-01-01T12:00:00Z,-8.75,159.375,1.5561829
2050-01-01T12:00:00Z,-8.75,161.25,1.508667
2050-01-01T12:00:00Z,-8.75,163.125,1.4900818
2050-01-01T12:00:00Z,-8.75,165.0,1.4814148
2050-01-01T12:00:00Z,-8.75,166.875,1.4685059
2050-01-01T12:00:00Z,-8.75,168.75,1.4598999
2050-01-01T12:00:00Z,-8.75,170.625,1.4742737
2050-01-01T12:00:00Z,-8.75,172.5,1.4801941
2050-01-01T12:00:00Z,-8.75,174.375,1.489563
2050-01-01T12:00:00Z,-8.75,176.25,1.4978638
2050-01-01T12:00:00Z,-8.75,178.125,1.5059814
2050-01-01T12:00:00Z,-8.75,180.0,1.5024414
2050-01-01T12:00:00Z,-7.5,90.0,1.5640259
2050-01-01T12:00:00Z,-7.5,91.875,1.5582886
2050-01-01T12:00:00Z,-7.5,93.75,1.5460815
2050-01-01T12:00:00Z,-7.5,95.625,1.5227661
2050-01-01T12:00:00Z,-7.5,97.5,1.5046082
2050-01-01T12:00:00Z,-7.5,99.375,1.480896
2050-01-01T12:00:00Z,-7.5,101.25,1.4793396
2050-01-01T12:00:00Z,-7.5,103.125,1.4747009
2050-01-01T12:00:00Z,-7.5,105.0,1.482605
2050-01-01T12:00:00Z,-7.5,106.875,1.6465454
2050-01-01T12:00:00Z,-7.5,108.75,1.9109802
2050-01-01T12:00:00Z,-7.5,110.625,2.1742249
2050-01-01T12:00:00Z,-7.5,112.5,2.1376038
2050-01-01T12:00:00Z,-7.5,114.375,1.6568604
2050-01-01T12:00:00Z,-7.5,116.25,1.595398
2050-01-01T12:00:00Z,-7.5,118.125,1.5623474
2050-01-01T12:00:00Z,-7.5,120.0,1.5873108
2050-01-01T12:00:00Z,-7.5,121.875,1.5612183
2050-01-01T12:00:00Z,-7.5,123.75,1.5332031
2050-01-01T12:00:00Z,-7.5,125.625,1.517334
2050-01-01T12:00:00Z,-7.5,127.5,1.480133
2050-01-01T12:00:00Z,-7.5,129.375,1.4891663
2050-01-01T12:00:00Z,-7.5,131.25,1.6026306
2050-01-01T12:00:00Z,-7.5,133.125,1.4631653
2050-01-01T12:00:00Z,-7.5,135.0,1.4475708
2050-01-01T12:00:00Z,-7.5,136.875,1.4887085
2050-01-01T12:00:00Z,-7.5,138.75,1.9242859
2050-01-01T12:00:00Z,-7.5,140.625,2.026184
2050-01-01T12:00:00Z,-7.5,142.5,1.9389343
2050-01-01T12:00:00Z,-7.5,144.375,1.914032
2050-01-01T12:00:00Z,-7.5,146.25,2.0752869
2050-01-01T12:00:00Z,-7.5,148.125,1.5628662
2050-01-01T12:00:00Z,-7.5,150.0,1.4719849
2050-01-01T12:00:00Z,-7.5,151.875,1.4937744
2050-01-01T12:00:00Z,-7.5,153.75,1.5159607
2050-01-01T12:00:00Z,-7.5,155.625,1.5230103
2050-01-01T12:00:00Z,-7.5,157.5,1.5421448
2050-01-01T12:00:00Z,-7.5,159.375,1.540741
2050-01-01T12:00:00Z,-7.5,161.25,1.5118408
2050-01-01T12:00:00Z,-7.5,163.125,1.5032654
2050-01-01T12:00:00Z,-7.5,165.0,1.4956055
2050-01-01T12:00:00Z,-7.5,166.875,1.4883423
2050-01-01T12:00:00Z,-7.5,168.75,1.4845886
2050-01-01T12:00:00Z,-7.5,170.625,1.4898987
2050-01-01T12:00:00Z,-7.5,172.5,1.505249
2050-01-01T12:00:00Z,-7.5,174.375,1.510315
2050-01-01T12:00:00Z,-7.5,176.25,1.5074463
2050-01-01T12:00:00Z,-7.5,178.125,1.5100098
2050-01-01T12:00:00Z,-7.5,180.0,1.5153198
2050-01-01T12:00:00Z,-6.25,90.0,1.5664978
2050-01-01T12:00:00Z,-6.25,91.875,1.5567017
2050-01-01T12:00:00Z,-6.25,93.75,1.5409546
2050-01-01T12:00:00Z,-6.25,95.625,1.5223389
2050-01-01T12:00:00Z,-6.25,97.5,1.5022278
2050-01-01T12:00:00Z,-6.25,99.375,1.4819641
2050-01-01T12:00:00Z,-6.25,101.25,1.4724426
2050-01-01T12:00:00Z,-6.25,103.125,1.4646606
2050-01-01T12:00:00Z,-6.25,105.0,1.5143127
2050-01-01T12:00:00Z,-6.25,106.875,2.0851135
2050-01-01T12:00:00Z,-6.25,108.75,1.6845093
2050-01-01T12:00:00Z,-6.25,110.625,1.6201172
2050-01-01T12:00:00Z,-6.25,112.5,1.608429
2050-01-01T12:00:00Z,-6.25,114.375,1.5768738
2050-01-01T12:00:00Z,-6.25,116.25,1.5663452
2050-01-01T12:00:00Z,-6.25,118.125,1.541748
2050-01-01T12:00:00Z,-6.25,120.0,1.5476379
2050-01-01T12:00:00Z,-6.25,121.875,1.5357056
2050-01-01T12:00:00Z,-6.25,123.75,1.5285645
2050-01-01T12:00:00Z,-6.25,125.625,1.4986267
2050-01-01T12:00:00Z,-6.25,127.5,1.4835205
2050-01-01T12:00:00Z,-6.25,129.375,1.4898071
2050-01-01T12:00:00Z,-6.25,131.25,1.4824829
2050-01-01T12:00:00Z,-6.25,133.125,1.474884
2050-01-01T12:00:00Z,-6.25,135.0,1.5635681
2050-01-01T12:00:00Z,-6.25,136.875,1.4830627
2050-01-01T12:00:00Z,-6.25,138.75,1.9616699
2050-01-01T12:00:00Z,-6.25,140.625,2.098877
2050-01-01T12:00:00Z,-6.25,142.5,2.031311
2050-01-01T12:00:00Z,-6.25,144.375,1.9931335
2050-01-01T12:00:00Z,-6.25,146.25,1.9992065
2050-01-01T12:00:00Z,-6.25,148.125,1.4813843
2050-01-01T12:00:00Z,-6.25,150.0,1.6099854
2050-01-01T12:00:00Z,-6.25,151.875,1.492157
2050-01-01T12:00:00Z,-6.25,153.75,1.525238
2050-01-01T12:00:00Z,-6.25,155.625,1.6220398
2050-01-01T12:00:00Z,-6.25,157.5,1.5331116
2050-01-01T12:00:00Z,-6.25,159.375,1.5261536
2050-01-01T12:00:00Z,-6.25,161.25,1.5157166
2050-01-01T12:00:00Z,-6.25,163.125,1.5098877
2050-01-01T12:00:00Z,-6.25,165.0,1.5114441
2050-01-01T12:00:00Z,-6.25,166.875,1.5058289
2050-01-01T12:00:00Z,-6.25,168.75,1.504364
2050-01-01T12:00:00Z,-6.25,170.625,1.5099487
2050-01-01T12:00:00Z,-6.25,172.5,1.5163269
2050-01-01T12:00:00Z,-6.25,174.375,1.5238953
2050-01-01T12:00:00Z,-6.25,176.25,1.5221252
2050-01-01T12:00:00Z,-6.25,178.125,1.5176697
2050-01-01T12:00:00Z,-6.25,180.0,1.519989
2050-01-01T12:00:00Z,-5.0,90.0,1.5614319
2050-01-01T12:00:00Z,-5.0,91.875,1.5463257
2050-01-01T12:00:00Z,-5.0,93.75,1.5305176
2050-01-01T12:00:00Z,-5.0,95.625,1.5145569
2050-01-01T12:00:00Z,-5.0,97.5,1.4994202
2050-01-01T12:00:00Z,-5.0,99.375,1.4806213
2050-01-01T12:00:00Z,-5.0,101.25,1.4537964
2050-01-01T12:00:00Z,-5.0,103.125,1.6332397
2050-01-01T12:00:00Z,-5.0,105.0,2.233368
2050-01-01T12:00:00Z,-5.0,106.875,1.6127319
2050-01-01T12:00:00Z,-5.0,108.75,1.5704651
2050-01-01T12:00:00Z,-5.0,110.625,1.55719
2050-01-01T12:00:00Z,-5.0,112.5,1.5583801
2050-01-01T12:00:00Z,-5.0,114.375,1.5657654
2050-01-01T12:00:00Z,-5.0,116.25,1.5653381
2050-01-01T12:00:00Z,-5.0,118.125,1.5629883
2050-01-01T12:00:00Z,-5.0,120.0,1.8482971
2050-01-01T12:00:00Z,-5.0,121.875,1.7362366
2050-01-01T12:00:00Z,-5.0,123.75,1.536438
2050-01-01T12:00:00Z,-5.0,125.625,1.4856567
2050-01-01T12:00:00Z,-5.0,127.5,1.4899902
2050-01-01T12:00:00Z,-5.0,129.375,1.4980469
2050-01-01T12:00:00Z,-5.0,131.25,1.498291
2050-01-01T12:00:00Z,-5.0,133.125,1.4802551
2050-01-01T12:00:00Z,-5.0,135.0,1.4712524
2050-01-01T12:00:00Z,-5.0,136.875,1.664978
2050-01-01T12:00:00Z,-5.0,138.75,1.9953613
2050-01-01T12:00:00Z,-5.0,140.625,2.067688
2050-01-01T12:00:00Z,-5.0,142.5,2.0310974
2050-01-01T12:00:00Z,-5.0,144.375,2.0654297
2050-01-01T12:00:00Z,-5.0,146.25,1.6803284
2050-01-01T12:00:00Z,-5.0,148.125,1.4628296
2050-01-01T12:00:00Z,-5.0,150.0,1.5116272
2050-01-01T12:00:00Z,-5.0,151.875,1.8588867
2050-01-01T12:00:00Z,-5.0,153.75,1.5195007
2050-01-01T12:00:00Z,-5.0,155.625,1.5394287
2050-01-01T12:00:00Z,-5.0,157.5,1.5343628
2050-01-01T12:00:00Z,-5.0,159.375,1.5264587
2050-01-01T12:00:00Z,-5.0,161.25,1.5185547
2050-01-01T12:00:00Z,-5.0,163.125,1.5197754
2050-01-01T12:00:00Z,-5.0,165.0,1.526001
2050-01-01T12:00:00Z,-5.0,166.875,1.5308838
2050-01-01T12:00:00Z,-5.0,168.75,1.5424194
2050-01-01T12:00:00Z,-5.0,170.625,1.5364685
2050-01-01T12:00:00Z,-5.0,172.5,1.5362549
2050-01-01T12:00:00Z,-5.0,174.375,1.5400085
2050-01-01T12:00:00Z,-5.0,176.25,1.538147
2050-01-01T12:00:00Z,-5.0,178.125,1.5483093
2050-01-01T12:00:00Z,-5.0,180.0,1.5471802
2050-01-01T12:00:00Z,-3.75,90.0,1.5623474
2050-01-01T12:00:00Z,-3.75,91.875,1.5350037
2050-01-01T12:00:00Z,-3.75,93.75,1.5104065
2050-01-01T12:00:00Z,-3.75,95.625,1.5026855
2050-01-01T12:00:00Z,-3.75,97.5,1.4880981
2050-01-01T12:00:00Z,-3.75,99.375,1.4655457
2050-01-01T12:00:00Z,-3.75,101.25,1.505249
2050-01-01T12:00:00Z,-3.75,103.125,2.2800293
2050-01-01T12:00:00Z,-3.75,105.0,2.410492
2050-01-01T12:00:00Z,-3.75,106.875,1.5533447
2050-01-01T12:00:00Z,-3.75,108.75,1.5383911
2050-01-01T12:00:00Z,-3.75,110.625,1.5331421
2050-01-01T12:00:00Z,-3.75,112.5,1.5647583
2050-01-01T12:00:00Z,-3.75,114.375,1.6170349
2050-01-01T12:00:00Z,-3.75,116.25,1.6266785
2050-01-01T12:00:00Z,-3.75,118.125,1.6079102
2050-01-01T12:00:00Z,-3.75,120.0,2.1206055
2050-01-01T12:00:00Z,-3.75,121.875,1.9163818
2050-01-01T12:00:00Z,-3.75,123.75,1.5030518
2050-01-01T12:00:00Z,-3.75,125.625,1.5361938
2050-01-01T12:00:00Z,-3.75,127.5,1.7497864
2050-01-01T12:00:00Z,-3.75,129.375,1.7468567
2050-01-01T12:00:00Z,-3.75,131.25,1.5544128
2050-01-01T12:00:00Z,-3.75,133.125,1.7080688
2050-01-01T12:00:00Z,-3.75,135.0,1.9102478
2050-01-01T12:00:00Z,-3.75,136.875,1.9781189
2050-01-01T12:00:00Z,-3.75,138.75,1.9421692
2050-01-01T12:00:00Z,-3.75,140.625,2.0769653
2050-01-01T12:00:00Z,-3.75,142.5,1.9631653
2050-01-01T12:00:00Z,-3.75,144.375,1.7173157
2050-01-01T12:00:00Z,-3.75,146.25,1.4906006
2050-01-01T12:00:00Z,-3.75,148.125,1.4865112
2050-01-01T12:00:00Z,-3.75,150.0,1.5048828
2050-01-01T12:00:00Z,-3.75,151.875,1.8706055
2050-01-01T12:00:00Z,-3.75,153.75,1.549469
2050-01-01T12:00:00Z,-3.75,155.625,1.5423889
2050-01-01T12:00:00Z,-3.75,157.5,1.5444031
2050-01-01T12:00:00Z,-3.75,159.375,1.5458984
2050-01-01T12:00:00Z,-3.75,161.25,1.5518799
2050-01-01T12:00:00Z,-3.75,163.125,1.5480652
2050-01-01T12:00:00Z,-3.75,165.0,1.5630188
2050-01-01T12:00:00Z,-3.75,166.875,1.5724792
2050-01-01T12:00:00Z,-3.75,168.75,1.5778198
2050-01-01T12:00:00Z,-3.75,170.625,1.5823059
2050-01-01T12:00:00Z,-3.75,172.5,1.5865784
2050-01-01T12:00:00Z,-3.75,174.375,1.5950623
2050-01-01T12:00:00Z,-3.75,176.25,1.5939331
2050-01-01T12:00:00Z,-3.75,178.125,1.6063538
2050-01-01T12:00:00Z,-3.75,180.0,1.6125183
2050-01-01T12:00:00Z,-2.5,90.0,1.5514526
2050-01-01T12:00:00Z,-2.5,91.875,1.523529
2050-01-01T12:00:00Z,-2.5,93.75,1.5129395
2050-01-01T12:00:00Z,-2.5,95.625,1.5167236
2050-01-01T12:00:00Z,-2.5,97.5,1.4998169
2050-01-01T12:00:00Z,-2.5,99.375,1.493927
2050-01-01T12:00:00Z,-2.5,101.25,1.9806519
2050-01-01T12:00:00Z,-2.5,103.125,2.3716736
2050-01-01T12:00:00Z,-2.5,105.0,2.3762817
2050-01-01T12:00:00Z,-2.5,106.875,1.6020508
2050-01-01T12:00:00Z,-2.5,108.75,1.5385132
2050-01-01T12:00:00Z,-2.5,110.625,2.0307007
2050-01-01T12:00:00Z,-2.5,112.5,2.4627075
2050-01-01T12:00:00Z,-2.5,114.375,2.3862305
2050-01-01T12:00:00Z,-2.5,116.25,1.8184814
2050-01-01T12:00:00Z,-2.5,118.125,1.6540222
2050-01-01T12:00:00Z,-2.5,120.0,2.1651306
2050-01-01T12:00:00Z,-2.5,121.875,1.9653015
2050-01-01T12:00:00Z,-2.5,123.75,1.5005188
2050-01-01T12:00:00Z,-2.5,125.625,1.5005188
2050-01-01T12:00:00Z,-2.5,127.5,1.5680237
2050-01-01T12:00:00Z,-2.5,129.375,1.5411682
2050-01-01T12:00:00Z,-2.5,131.25,1.4986877
2050-01-01T12:00:00Z,-2.5,133.125,1.888855
2050-01-01T12:00:00Z,-2.5,135.0,1.6504517
2050-01-01T12:00:00Z,-2.5,136.875,2.0108032
2050-01-01T12:00:00Z,-2.5,138.75,1.9290771
2050-01-01T12:00:00Z,-2.5,140.625,1.8721619
2050-01-01T12:00:00Z,-2.5,142.5,1.5098877
2050-01-01T12:00:00Z,-2.5,144.375,1.4900513
2050-01-01T12:00:00Z,-2.5,146.25,1.4848022
2050-01-01T12:00:00Z,-2.5,148.125,1.5061646
2050-01-01T12:00:00Z,-2.5,150.0,1.5337219
2050-01-01T12:00:00Z,-2.5,151.875,1.5675354
2050-01-01T12:00:00Z,-2.5,153.75,1.5470276
2050-01-01T12:00:00Z,-2.5,155.625,1.5550537
2050-01-01T12:00:00Z,-2.5,157.5,1.5674438
2050-01-01T12:00:00Z,-2.5,159.375,1.5759888
2050-01-01T12:00:00Z,-2.5,161.25,1.5809021
2050-01-01T12:00:00Z,-2.5,163.125,1.5811768
2050-01-01T12:00:00Z,-2.5,165.0,1.5870361
2050-01-01T12:00:00Z,-2.5,166.875,1.6003723
2050-01-01T12:00:00Z,-2.5,168.75,1.6068726
2050-01-01T12:00:00Z,-2.5,170.625,1.6176147
2050-01-01T12:00:00Z,-2.5,172.5,1.6203918
2050-01-01T12:00:00Z,-2.5,174.375,1.6253052
2050-01-01T12:00:00Z,-2.5,176.25,1.6275024
2050-01-01T12:00:00Z,-2.5,178.125,1.6367188
2050-01-01T12:00:00Z,-2.5,180.0,1.6478577
2050-01-01T12:00:00Z,-1.25,90.0,1.5359802
2050-01-01T12:00:00Z,-1.25,91.875,1.5218201
2050-01-01T12:00:00Z,-1.25,93.75,1.5121765
2050-01-01T12:00:00Z,-1.25,95.625,1.5163574
2050-01-01T12:00:00Z,-1.25,97.5,1.5138855
2050-01-01T12:00:00Z,-1.25,99.375,1.5902405
2050-01-01T12:00:00Z,-1.25,101.25,2.2139282
2050-01-01T12:00:00Z,-1.25,103.125,2.2733765
2050-01-01T12:00:00Z,-1.25,105.0,1.6997375
2050-01-01T12:00:00Z,-1.25,106.875,1.5430908
2050-01-01T12:00:00Z,-1.25,108.75,1.6036072
2050-01-01T12:00:00Z,-1.25,110.625,2.2756042
2050-01-01T12:00:00Z,-1.25,112.5,2.3576965
2050-01-01T12:00:00Z,-1.25,114.375,2.374298
2050-01-01T12:00:00Z,-1.25,116.25,2.0127869
2050-01-01T12:00:00Z,-1.25,118.125,1.6127014
2050-01-01T12:00:00Z,-1.25,120.0,2.0140686
2050-01-01T12:00:00Z,-1.25,121.875,2.0419312
2050-01-01T12:00:00Z,-1.25,123.75,1.6559448
2050-01-01T12:00:00Z,-1.25,125.625,1.4909973
2050-01-01T12:00:00Z,-1.25,127.5,1.5924683
2050-01-01T12:00:00Z,-1.25,129.375,1.4961548
2050-01-01T12:00:00Z,-1.25,131.25,1.6393127
2050-01-01T12:00:00Z,-1.25,133.125,1.9952087
2050-01-01T12:00:00Z,-1.25,135.0,1.5658264
2050-01-01T12:00:00Z,-1.25,136.875,1.5937805
2050-01-01T12:00:00Z,-1.25,138.75,1.5244446
2050-01-01T12:00:00Z,-1.25,140.625,1.5583496
2050-01-01T12:00:00Z,-1.25,142.5,1.5360718
2050-01-01T12:00:00Z,-1.25,144.375,1.520874
2050-01-01T12:00:00Z,-1.25,146.25,1.5265198
2050-01-01T12:00:00Z,-1.25,148.125,1.5358582
2050-01-01T12:00:00Z,-1.25,150.0,1.546814
2050-01-01T12:00:00Z,-1.25,151.875,1.5533752
2050-01-01T12:00:00Z,-1.25,153.75,1.5457764
2050-01-01T12:00:00Z,-1.25,155.625,1.5604248
2050-01-01T12:00:00Z,-1.25,157.5,1.575592
2050-01-01T12:00:00Z,-1.25,159.375,1.5922546
2050-01-01T12:00:00Z,-1.25,161.25,1.5997925
2050-01-01T12:00:00Z,-1.25,163.125,1.601654
2050-01-01T12:00:00Z,-1.25,165.0,1.6074219
2050-01-01T12:00:00Z,-1.25,166.875,1.6235046
2050-01-01T12:00:00Z,-1.25,168.75,1.6274719
2050-01-01T12:00:00Z,-1.25,170.625,1.628479
2050-01-01T12:00:00Z,-1.25,172.5,1.627594
2050-01-01T12:00:00Z,-1.25,174.375,1.6378174
2050-01-01T12:00:00Z,-1.25,176.25,1.6389465
2050-01-01T12:00:00Z,-1.25,178.125,1.6506958
2050-01-01T12:00:00Z,-1.25,180.0,1.6680298
2050-01-01T12:00:00Z,0.0,90.0,1.5287781
2050-01-01T12:00:00Z,0.0,91.875,1.5239563
2050-01-01T12:00:00Z,0.0,93.75,1.5180359
2050-01-01T12:00:00Z,0.0,95.625,1.5142822
2050-01-01T12:00:00Z,0.0,97.5,1.5158997
2050-01-01T12:00:00Z,0.0,99.375,1.7571106
2050-01-01T12:00:00Z,0.0,101.25,2.272461
2050-01-01T12:00:00Z,0.0,103.125,2.1541748
2050-01-01T12:00:00Z,0.0,105.0,1.6173096
2050-01-01T12:00:00Z,0.0,106.875,1.542572
2050-01-01T12:00:00Z,0.0,108.75,1.7279053
2050-01-01T12:00:00Z,0.0,110.625,2.1688843
2050-01-01T12:00:00Z,0.0,112.5,2.2620544
2050-01-01T12:00:00Z,0.0,114.375,2.3077393
2050-01-01T12:00:00Z,0.0,116.25,2.2674866
2050-01-01T12:00:00Z,0.0,118.125,1.6298218
2050-01-01T12:00:00Z,0.0,120.0,1.9691467
2050-01-01T12:00:00Z,0.0,121.875,1.7853699
2050-01-01T12:00:00Z,0.0,123.75,1.6744385
2050-01-01T12:00:00Z,0.0,125.625,1.4977112
2050-01-01T12:00:00Z,0.0,127.5,1.8201599
2050-01-01T12:00:00Z,0.0,129.375,1.4976807
2050-01-01T12:00:00Z,0.0,131.25,1.510376
2050-01-01T12:00:00Z,0.0,133.125,1.5184631
2050-01-01T12:00:00Z,0.0,135.0,1.5268555
2050-01-01T12:00:00Z,0.0,136.875,1.5340271
2050-01-01T12:00:00Z,0.0,138.75,1.5560303
2050-01-01T12:00:00Z,0.0,140.625,1.565979
2050-01-01T12:00:00Z,0.0,142.5,1.5592651
2050-01-01T12:00:00Z,0.0,144.375,1.5534973
2050-01-01T12:00:00Z,0.0,146.25,1.5531921
2050-01-01T12:00:00Z,0.0,148.125,1.5489502
2050-01-01T12:00:00Z,0.0,150.0,1.5412903
2050-01-01T12:00:00Z,0.0,151.875,1.5438843
2050-01-01T12:00:00Z,0.0,153.75,1.5482788
2050-01-01T12:00:00Z,0.0,155.625,1.571228
2050-01-01T12:00:00Z,0.0,157.5,1.5849304
2050-01-01T12:00:00Z,0.0,159.375,1.6042175
2050-01-01T12:00:00Z,0.0,161.25,1.6187134
2050-01-01T12:00:00Z,0.0,163.125,1.6192322
2050-01-01T12:00:00Z,0.0,165.0,1.6222839
2050-01-01T12:00:00Z,0.0,166.875,1.6375427
2050-01-01T12:00:00Z,0.0,168.75,1.6491699
2050-01-01T12:00:00Z,0.0,170.625,1.6437683
2050-01-01T12:00:00Z,0.0,172.5,1.6402893
2050-01-01T12:00:00Z,0.0,174.375,1.6510315
2050-01-01T12:00:00Z,0.0,176.25,1.6627808
2050-01-01T12:00:00Z,0.0,178.125,1.6687622
2050-01-01T12:00:00Z,0.0,180.0,1.6831055
