time,latitude,longitude,pr_annual
UTC,degrees_north,degrees_east,Percent change
2050-01-01T12:00:00Z,-50.0,90.0,4.4522758
2050-01-01T12:00:00Z,-50.0,91.875,4.40979
2050-01-01T12:00:00Z,-50.0,93.75,5.9447374
2050-01-01T12:00:00Z,-50.0,95.625,7.1440153
2050-01-01T12:00:00Z,-50.0,97.5,6.4961762
2050-01-01T12:00:00Z,-50.0,99.375,6.138916
2050-01-01T12:00:00Z,-50.0,101.25,6.203246
2050-01-01T12:00:00Z,-50.0,103.125,5.0574393
2050-01-01T12:00:00Z,-50.0,105.0,4.538538
2050-01-01T12:00:00Z,-50.0,106.875,4.425008
2050-01-01T12:00:00Z,-50.0,108.75,4.8341584
2050-01-01T12:00:00Z,-50.0,110.625,4.5978904
2050-01-01T12:00:00Z,-50.0,112.5,4.575277
2050-01-01T12:00:00Z,-50.0,114.375,4.1173654
2050-01-01T12:00:00Z,-50.0,116.25,2.6213229
2050-01-01T12:00:00Z,-50.0,118.125,1.6974114
2050-01-01T12:00:00Z,-50.0,120.0,1.310086
2050-01-01T12:00:00Z,-50.0,121.875,-0.16654691
2050-01-01T12:00:00Z,-50.0,123.75,0.5047926
2050-01-01T12:00:00Z,-50.0,125.625,1.0242645
2050-01-01T12:00:00Z,-50.0,127.5,-0.27138135
2050-01-01T12:00:00Z,-50.0,129.375,-0.85759723
2050-01-01T12:00:00Z,-50.0,131.25,-1.1032028
2050-01-01T12:00:00Z,-50.0,133.125,-0.87953246
2050-01-01T12:00:00Z,-50.0,135.0,-0.40590116
2050-01-01T12:00:00Z,-50.0,136.875,0.19023581
2050-01-01T12:00:00Z,-50.0,138.75,1.3933071
2050-01-01T12:00:00Z,-50.0,140.625,3.5558739
2050-01-01T12:00:00Z,-50.0,142.5,5.3076863
2050-01-01T12:00:00Z,-50.0,144.375,5.609334
2050-01-01T12:00:00Z,-50.0,146.25,3.6568694
2050-01-01T12:00:00Z,-50.0,148.125,1.2798603
2050-01-01T12:00:00Z,-50.0,150.0,-0.18302648
2050-01-01T12:00:00Z,-50.0,151.875,1.3228526
2050-01-01T12:00:00Z,-50.0,153.75,2.1487026
2050-01-01T12:00:00Z,-50.0,155.625,1.1089944
2050-01-01T12:00:00Z,-50.0,157.5,1.8838466
2050-01-01T12:00:00Z,-50.0,159.375,4.6718893
2050-01-01T12:00:00Z,-50.0,161.25,6.3484507
2050-01-01T12:00:00Z,-50.0,163.125,6.2768936
2050-01-01T12:00:00Z,-50.0,165.0,5.456049
2050-01-01T12:00:00Z,-50.0,166.875,7.863677
2050-01-01T12:00:00Z,-50.0,168.75,7.1483374
2050-01-01T12:00:00Z,-50.0,170.625,7.624663
2050-01-01T12:00:00Z,-50.0,172.5,5.6560326
2050-01-01T12:00:00Z,-50.0,174.375,4.183013
2050-01-01T12:00:00Z,-50.0,176.25,2.2623296
2050-01-01T12:00:00Z,-50.0,178.125,1.1490166
2050-01-01T12:00:00Z,-50.0,180.0,3.1431284
2050-01-01T12:00:00Z,-48.75,90.0,5.5238323
2050-01-01T12:00:00Z,-48.75,91.875,6.0197635
2050-01-01T12:00:00Z,-48.75,93.75,5.9337473
2050-01-01T12:00:00Z,-48.75,95.625,6.101775
2050-01-01T12:00:00Z,-48.75,97.5,6.248919
2050-01-01T12:00:00Z,-48.75,99.375,5.851651
2050-01-01T12:00:00Z,-48.75,101.25,4.706768
2050-01-01T12:00:00Z,-48.75,103.125,3.9239845
2050-01-01T12:00:00Z,-48.75,105.0,4.6034975
2050-01-01T12:00:00Z,-48.75,106.875,5.622066
2050-01-01T12:00:00Z,-48.75,108.75,5.1123457
2050-01-01T12:00:00Z,-48.75,110.625,3.1658502
2050-01-01T12:00:00Z,-48.75,112.5,1.2555335
2050-01-01T12:00:00Z,-48.75,114.375,-0.39474338
2050-01-01T12:00:00Z,-48.75,116.25,0.18001497
2050-01-01T12:00:00Z,-48.75,118.125,-0.12559266
2050-01-01T12:00:00Z,-48.75,120.0,-1.1446211
2050-01-01T12:00:00Z,-48.75,121.875,-1.449986
2050-01-01T12:00:00Z,-48.75,123.75,-0.575184
2050-01-01T12:00:00Z,-48.75,125.625,-1.2134563
2050-01-01T12:00:00Z,-48.75,127.5,-2.1526372
2050-01-01T12:00:00Z,-48.75,129.375,-2.6328228
2050-01-01T12:00:00Z,-48.75,131.25,-2.1129003
2050-01-01T12:00:00Z,-48.75,133.125,-0.8435776
2050-01-01T12:00:00Z,-48.75,135.0,-0.18205178
2050-01-01T12:00:00Z,-48.75,136.875,0.53874725
2050-01-01T12:00:00Z,-48.75,138.75,0.9247703
2050-01-01T12:00:00Z,-48.75,140.625,0.6340522
2050-01-01T12:00:00Z,-48.75,142.5,-0.24586757
2050-01-01T12:00:00Z,-48.75,144.375,-0.21940152
2050-01-01T12:00:00Z,-48.75,146.25,0.63300955
2050-01-01T12:00:00Z,-48.75,148.125,0.5211491
2050-01-01T12:00:00Z,-48.75,150.0,-0.06429567
2050-01-01T12:00:00Z,-48.75,151.875,1.7854676
2050-01-01T12:00:00Z,-48.75,153.75,1.8194033
2050-01-01T12:00:00Z,-48.75,155.625,1.970666
2050-01-01T12:00:00Z,-48.75,157.5,4.454005
2050-01-01T12:00:00Z,-48.75,159.375,7.431973
2050-01-01T12:00:00Z,-48.75,161.25,6.7664013
2050-01-01T12:00:00Z,-48.75,163.125,8.092257
2050-01-01T12:00:00Z,-48.75,165.0,9.339589
2050-01-01T12:00:00Z,-48.75,166.875,12.655034
2050-01-01T12:00:00Z,-48.75,168.75,10.446867
2050-01-01T12:00:00Z,-48.75,170.625,6.9598265
2050-01-01T12:00:00Z,-48.75,172.5,2.8323755
2050-01-01T12:00:00Z,-48.75,174.375,-0.086669244
2050-01-01T12:00:00Z,-48.75,176.25,-1.9645373
2050-01-01T12:00:00Z,-48.75,178.125,-1.2328986
2050-01-01T12:00:00Z,-48.75,180.0,0.5916683
2050-01-01T12:00:00Z,-47.5,90.0,4.781285
2050-01-01T12:00:00Z,-47.5,91.875,3.9303708
2050-01-01T12:00:00Z,-47.5,93.75,5.0696354
2050-01-01T12:00:00Z,-47.5,95.625,5.499377
2050-01-01T12:00:00Z,-47.5,97.5,4.7500095
2050-01-01T12:00:00Z,-47.5,99.375,3.966721
2050-01-01T12:00:00Z,-47.5,101.25,3.6277347
2050-01-01T12:00:00Z,-47.5,103.125,3.983565
2050-01-01T12:00:00Z,-47.5,105.0,3.1889102
2050-01-01T12:00:00Z,-47.5,106.875,2.5375018
2050-01-01T12:00:00Z,-47.5,108.75,1.9211069
2050-01-01T12:00:00Z,-47.5,110.625,-0.33835918
2050-01-01T12:00:00Z,-47.5,112.5,-2.4287107
2050-01-01T12:00:00Z,-47.5,114.375,-2.3740351
2050-01-01T12:00:00Z,-47.5,116.25,-1.6283762
2050-01-01T12:00:00Z,-47.5,118.125,-1.8902495
2050-01-01T12:00:00Z,-47.5,120.0,-2.6287363
2050-01-01T12:00:00Z,-47.5,121.875,-2.561575
2050-01-01T12:00:00Z,-47.5,123.75,-2.4075751
2050-01-01T12:00:00Z,-47.5,125.625,-3.4950824
2050-01-01T12:00:00Z,-47.5,127.5,-4.364372
2050-01-01T12:00:00Z,-47.5,129.375,-5.120799
2050-01-01T12:00:00Z,-47.5,131.25,-3.2236874
2050-01-01T12:00:00Z,-47.5,133.125,-2.2182698
2050-01-01T12:00:00Z,-47.5,135.0,-0.34912455
2050-01-01T12:00:00Z,-47.5,136.875,-1.098891
2050-01-01T12:00:00Z,-47.5,138.75,-1.9433604
2050-01-01T12:00:00Z,-47.5,140.625,-3.7759917
2050-01-01T12:00:00Z,-47.5,142.5,-3.977228
2050-01-01T12:00:00Z,-47.5,144.375,-0.18821447
2050-01-01T12:00:00Z,-47.5,146.25,3.4640403
2050-01-01T12:00:00Z,-47.5,148.125,4.468096
2050-01-01T12:00:00Z,-47.5,150.0,3.4434166
2050-01-01T12:00:00Z,-47.5,151.875,1.9315062
2050-01-01T12:00:00Z,-47.5,153.75,1.4954486
2050-01-01T12:00:00Z,-47.5,155.625,2.9456997
2050-01-01T12:00:00Z,-47.5,157.5,6.063107
2050-01-01T12:00:00Z,-47.5,159.375,8.449281
2050-01-01T12:00:00Z,-47.5,161.25,8.270235
2050-01-01T12:00:00Z,-47.5,163.125,10.323605
2050-01-01T12:00:00Z,-47.5,165.0,12.85142
2050-01-01T12:00:00Z,-47.5,166.875,10.049389
2050-01-01T12:00:00Z,-47.5,168.75,3.968225
2050-01-01T12:00:00Z,-47.5,170.625,1.398211
2050-01-01T12:00:00Z,-47.5,172.5,-1.1607451
2050-01-01T12:00:00Z,-47.5,174.375,-4.0183773
2050-01-01T12:00:00Z,-47.5,176.25,-5.4066443
2050-01-01T12:00:00Z,-47.5,178.125,-1.7079645
2050-01-01T12:00:00Z,-47.5,180.0,1.1556346
2050-01-01T12:00:00Z,-46.25,90.0,1.9669775
2050-01-01T12:00:00Z,-46.25,91.875,2.6562407
2050-01-01T12:00:00Z,-46.25,93.75,3.5854232
2050-01-01T12:00:00Z,-46.25,95.625,4.347137
2050-01-01T12:00:00Z,-46.25,97.5,3.8524933
2050-01-01T12:00:00Z,-46.25,99.375,4.6163077
2050-01-01T12:00:00Z,-46.25,101.25,2.8433602
2050-01-01T12:00:00Z,-46.25,103.125,1.1999336
2050-01-01T12:00:00Z,-46.25,105.0,0.47614554
2050-01-01T12:00:00Z,-46.25,106.875,-0.5043308
2050-01-01T12:00:00Z,-46.25,108.75,-2.8133476
2050-01-01T12:00:00Z,-46.25,110.625,-4.3426986
2050-01-01T12:00:00Z,-46.25,112.5,-4.2769785
2050-01-01T12:00:00Z,-46.25,114.375,-3.9250968
2050-01-01T12:00:00Z,-46.25,116.25,-3.330043
2050-01-01T12:00:00Z,-46.25,118.125,-3.6615376
2050-01-01T12:00:00Z,-46.25,120.0,-4.834973
2050-01-01T12:00:00Z,-46.25,121.875,-5.1060104
2050-01-01T12:00:00Z,-46.25,123.75,-5.7570615
2050-01-01T12:00:00Z,-46.25,125.625,-7.413501
2050-01-01T12:00:00Z,-46.25,127.5,-6.346201
2050-01-01T12:00:00Z,-46.25,129.375,-5.794053
2050-01-01T12:00:00Z,-46.25,131.25,-3.1798773
2050-01-01T12:00:00Z,-46.25,133.125,-3.3939254
2050-01-01T12:00:00Z,-46.25,135.0,-4.3241696
2050-01-01T12:00:00Z,-46.25,136.875,-3.8289378
2050-01-01T12:00:00Z,-46.25,138.75,-4.883194
2050-01-01T12:00:00Z,-46.25,140.625,-5.5062737
2050-01-01T12:00:00Z,-46.25,142.5,0.7407189
2050-01-01T12:00:00Z,-46.25,144.375,8.169815
2050-01-01T12:00:00Z,-46.25,146.25,14.042583
2050-01-01T12:00:00Z,-46.25,148.125,16.927557
2050-01-01T12:00:00Z,-46.25,150.0,13.64406
2050-01-01T12:00:00Z,-46.25,151.875,6.7518005
2050-01-01T12:00:00Z,-46.25,153.75,4.353477
2050-01-01T12:00:00Z,-46.25,155.625,4.237386
2050-01-01T12:00:00Z,-46.25,157.5,4.8898106
2050-01-01T12:00:00Z,-46.25,159.375,4.4634695
2050-01-01T12:00:00Z,-46.25,161.25,6.1620593
2050-01-01T12:00:00Z,-46.25,163.125,7.590348
2050-01-01T12:00:00Z,-46.25,165.0,9.14914
2050-01-01T12:00:00Z,-46.25,166.875,5.619556
2050-01-01T12:00:00Z,-46.25,168.75,-0.9222583
2050-01-01T12:00:00Z,-46.25,170.625,-2.7481508
2050-01-01T12:00:00Z,-46.25,172.5,-3.9174976
2050-01-01T12:00:00Z,-46.25,174.375,-5.4411263
2050-01-01T12:00:00Z,-46.25,176.25,-3.062319
2050-01-01T12:00:00Z,-46.25,178.125,-0.8672106
2050-01-01T12:00:00Z,-46.25,180.0,2.8810048
2050-01-01T12:00:00Z,-45.0,90.0,1.8938999
2050-01-01T12:00:00Z,-45.0,91.875,0.95533496
2050-01-01T12:00:00Z,-45.0,93.75,0.69568324
2050-01-01T12:00:00Z,-45.0,95.625,0.8593048
2050-01-01T12:00:00Z,-45.0,97.5,0.7842682
2050-01-01T12:00:00Z,-45.0,99.375,-1.1471748
2050-01-01T12:00:00Z,-45.0,101.25,-3.9814124
2050-01-01T12:00:00Z,-45.0,103.125,-4.6776567
2050-01-01T12:00:00Z,-45.0,105.0,-4.5706825
2050-01-01T12:00:00Z,-45.0,106.875,-6.4859204
2050-01-01T12:00:00Z,-45.0,108.75,-6.6487217
2050-01-01T12:00:00Z,-45.0,110.625,-6.1885705
2050-01-01T12:00:00Z,-45.0,112.5,-6.203655
2050-01-01T12:00:00Z,-45.0,114.375,-5.0976734
2050-01-01T12:00:00Z,-45.0,116.25,-5.8615346
2050-01-01T12:00:00Z,-45.0,118.125,-6.8348393
2050-01-01T12:00:00Z,-45.0,120.0,-6.668532
2050-01-01T12:00:00Z,-45.0,121.875,-7.647458
2050-01-01T12:00:00Z,-45.0,123.75,-9.323207
2050-01-01T12:00:00Z,-45.0,125.625,-8.574928
2050-01-01T12:00:00Z,-45.0,127.5,-6.1030245
2050-01-01T12:00:00Z,-45.0,129.375,-4.3608737
2050-01-01T12:00:00Z,-45.0,131.25,-5.6205597
2050-01-01T12:00:00Z,-45.0,133.125,-6.3750377
2050-01-01T12:00:00Z,-45.0,135.0,-6.170128
2050-01-01T12:00:00Z,-45.0,136.875,-6.2220163
2050-01-01T12:00:00Z,-45.0,138.75,-5.0926237
2050-01-01T12:00:00Z,-45.0,140.625,0.0888238
2050-01-01T12:00:00Z,-45.0,142.5,7.187107
2050-01-01T12:00:00Z,-45.0,144.375,13.016419
2050-01-01T12:00:00Z,-45.0,146.25,16.999712
2050-01-01T12:00:00Z,-45.0,148.125,25.759502
2050-01-01T12:00:00Z,-45.0,150.0,31.318438
2050-01-01T12:00:00Z,-45.0,151.875,18.950676
2050-01-01T12:00:00Z,-45.0,153.75,4.4047284
2050-01-01T12:00:00Z,-45.0,155.625,1.6507012
2050-01-01T12:00:00Z,-45.0,157.5,-1.919786
2050-01-01T12:00:00Z,-45.0,159.375,1.4768504
2050-01-01T12:00:00Z,-45.0,161.25,4.8027673
2050-01-01T12:00:00Z,-45.0,163.125,1.8402811
2050-01-01T12:00:00Z,-45.0,165.0,6.335524
2050-01-01T12:00:00Z,-45.0,166.875,8.245589
2050-01-01T12:00:00Z,-45.0,168.75,2.8156705
2050-01-01T12:00:00Z,-45.0,170.625,-3.8965244
2050-01-01T12:00:00Z,-45.0,172.5,-9.188629
2050-01-01T12:00:00Z,-45.0,174.375,-6.527595
2050-01-01T12:00:00Z,-45.0,176.25,-3.9117277
2050-01-01T12:00:00Z,-45.0,178.125,-1.4707285
2050-01-01T12:00:00Z,-45.0,180.0,1.1038198
2050-01-01T12:00:00Z,-43.75,90.0,-0.9950654
2050-01-01T12:00:00Z,-43.75,91.875,-1.8752476
2050-01-01T12:00:00Z,-43.75,93.75,-2.9487476
2050-01-01T12:00:00Z,-43.75,95.625,-4.217576
2050-01-01T12:00:00Z,-43.75,97.5,-6.4331484
2050-01-01T12:00:00Z,-43.75,99.375,-7.0347223
2050-01-01T12:00:00Z,-43.75,101.25,-7.494053
2050-01-01T12:00:00Z,-43.75,103.125,-6.2021017
2050-01-01T12:00:00Z,-43.75,105.0,-7.4451485
2050-01-01T12:00:00Z,-43.75,106.875,-7.70628
2050-01-01T12:00:00Z,-43.75,108.75,-7.8337426
2050-01-01T12:00:00Z,-43.75,110.625,-7.63864
2050-01-01T12:00:00Z,-43.75,112.5,-8.301489
2050-01-01T12:00:00Z,-43.75,114.375,-8.815271
2050-01-01T12:00:00Z,-43.75,116.25,-10.9011545
2050-01-01T12:00:00Z,-43.75,118.125,-11.951612
2050-01-01T12:00:00Z,-43.75,120.0,-10.972803
2050-01-01T12:00:00Z,-43.75,121.875,-11.099312
2050-01-01T12:00:00Z,-43.75,123.75,-11.024099
2050-01-01T12:00:00Z,-43.75,125.625,-9.963957
2050-01-01T12:00:00Z,-43.75,127.5,-9.469658
2050-01-01T12:00:00Z,-43.75,129.375,-8.655452
2050-01-01T12:00:00Z,-43.75,131.25,-10.714916
2050-01-01T12:00:00Z,-43.75,133.125,-9.190907
2050-01-01T12:00:00Z,-43.75,135.0,-9.134417
2050-01-01T12:00:00Z,-43.75,136.875,-9.709346
2050-01-01T12:00:00Z,-43.75,138.75,-9.238459
2050-01-01T12:00:00Z,-43.75,140.625,-3.8367069
2050-01-01T12:00:00Z,-43.75,142.5,0.43456176
2050-01-01T12:00:00Z,-43.75,144.375,2.2109218
2050-01-01T12:00:00Z,-43.75,146.25,-1.114371
2050-01-01T12:00:00Z,-43.75,148.125,11.817383
2050-01-01T12:00:00Z,-43.75,150.0,27.799213
2050-01-01T12:00:00Z,-43.75,151.875,27.175339
2050-01-01T12:00:00Z,-43.75,153.75,7.3667755
2050-01-01T12:00:00Z,-43.75,155.625,-1.8410155
2050-01-01T12:00:00Z,-43.75,157.5,-0.8904182
2050-01-01T12:00:00Z,-43.75,159.375,1.5405717
2050-01-01T12:00:00Z,-43.75,161.25,1.6354657
2050-01-01T12:00:00Z,-43.75,163.125,0.9030499
2050-01-01T12:00:00Z,-43.75,165.0,-0.5547777
2050-01-01T12:00:00Z,-43.75,166.875,9.575768
2050-01-01T12:00:00Z,-43.75,168.75,9.624691
2050-01-01T12:00:00Z,-43.75,170.625,-2.6537716
2050-01-01T12:00:00Z,-43.75,172.5,-12.589859
2050-01-01T12:00:00Z,-43.75,174.375,-12.466867
2050-01-01T12:00:00Z,-43.75,176.25,-5.2764287
2050-01-01T12:00:00Z,-43.75,178.125,-1.1797521
2050-01-01T12:00:00Z,-43.75,180.0,0.57371444
2050-01-01T12:00:00Z,-42.5,90.0,-3.4707782
2050-01-01T12:00:00Z,-42.5,91.875,-4.937815
2050-01-01T12:00:00Z,-42.5,93.75,-5.235414
2050-01-01T12:00:00Z,-42.5,95.625,-6.404541
2050-01-01T12:00:00Z,-42.5,97.5,-7.0027976
2050-01-01T12:00:00Z,-42.5,99.375,-7.9360948
2050-01-01T12:00:00Z,-42.5,101.25,-7.3730564
2050-01-01T12:00:00Z,-42.5,103.125,-7.8817344
2050-01-01T12:00:00Z,-42.5,105.0,-7.9034495
2050-01-01T12:00:00Z,-42.5,106.875,-9.099409
2050-01-01T12:00:00Z,-42.5,108.75,-9.544794
2050-01-01T12:00:00Z,-42.5,110.625,-9.952976
2050-01-01T12:00:00Z,-42.5,112.5,-11.449037
2050-01-01T12:00:00Z,-42.5,114.375,-12.4299
2050-01-01T12:00:00Z,-42.5,116.25,-13.309553
2050-01-01T12:00:00Z,-42.5,118.125,-11.751134
2050-01-01T12:00:00Z,-42.5,120.0,-11.909008
2050-01-01T12:00:00Z,-42.5,121.875,-13.562183
2050-01-01T12:00:00Z,-42.5,123.75,-14.425967
2050-01-01T12:00:00Z,-42.5,125.625,-13.089277
2050-01-01T12:00:00Z,-42.5,127.5,-12.621904
2050-01-01T12:00:00Z,-42.5,129.375,-12.032677
2050-01-01T12:00:00Z,-42.5,131.25,-11.780989
2050-01-01T12:00:00Z,-42.5,133.125,-10.816706
2050-01-01T12:00:00Z,-42.5,135.0,-12.852189
2050-01-01T12:00:00Z,-42.5,136.875,-15.841686
2050-01-01T12:00:00Z,-42.5,138.75,-13.931488
2050-01-01T12:00:00Z,-42.5,140.625,-8.204644
2050-01-01T12:00:00Z,-42.5,142.5,-7.6772323
2050-01-01T12:00:00Z,-42.5,144.375,-4.615851
2050-01-01T12:00:00Z,-42.5,146.25,-11.203971
2050-01-01T12:00:00Z,-42.5,148.125,-1.7500564
2050-01-01T12:00:00Z,-42.5,150.0,19.124475
2050-01-01T12:00:00Z,-42.5,151.875,23.880463
2050-01-01T12:00:00Z,-42.5,153.75,6.9332576
2050-01-01T12:00:00Z,-42.5,155.625,-1.6060078
2050-01-01T12:00:00Z,-42.5,157.5,-0.098445885
2050-01-01T12:00:00Z,-42.5,159.375,3.2531052
2050-01-01T12:00:00Z,-42.5,161.25,2.6586003
2050-01-01T12:00:00Z,-42.5,163.125,0.07863993
2050-01-01T12:00:00Z,-42.5,165.0,4.0136924
2050-01-01T12:00:00Z,-42.5,166.875,2.6762624
2050-01-01T12:00:00Z,-42.5,168.75,12.222946
2050-01-01T12:00:00Z,-42.5,170.625,6.342661
2050-01-01T12:00:00Z,-42.5,172.5,-9.771932
2050-01-01T12:00:00Z,-42.5,174.375,-14.427138
2050-01-01T12:00:00Z,-42.5,176.25,-8.021929
2050-01-01T12:00:00Z,-42.5,178.125,-3.714843
2050-01-01T12:00:00Z,-42.5,180.0,-2.1102734
2050-01-01T12:00:00Z,-41.25,90.0,-5.5803814
2050-01-01T12:00:00Z,-41.25,91.875,-4.7586675
2050-01-01T12:00:00Z,-41.25,93.75,-3.979861
2050-01-01T12:00:00Z,-41.25,95.625,-5.3775115
2050-01-01T12:00:00Z,-41.25,97.5,-5.2126036
2050-01-01T12:00:00Z,-41.25,99.375,-5.957069
2050-01-01T12:00:00Z,-41.25,101.25,-6.572312
2050-01-01T12:00:00Z,-41.25,103.125,-7.491542
2050-01-01T12:00:00Z,-41.25,105.0,-7.7519035
2050-01-01T12:00:00Z,-41.25,106.875,-8.226612
2050-01-01T12:00:00Z,-41.25,108.75,-9.613086
2050-01-01T12:00:00Z,-41.25,110.625,-10.027985
2050-01-01T12:00:00Z,-41.25,112.5,-11.704241
2050-01-01T12:00:00Z,-41.25,114.375,-11.583684
2050-01-01T12:00:00Z,-41.25,116.25,-11.914606
2050-01-01T12:00:00Z,-41.25,118.125,-12.582513
2050-01-01T12:00:00Z,-41.25,120.0,-14.586656
2050-01-01T12:00:00Z,-41.25,121.875,-16.281054
2050-01-01T12:00:00Z,-41.25,123.75,-15.337528
2050-01-01T12:00:00Z,-41.25,125.625,-13.213785
2050-01-01T12:00:00Z,-41.25,127.5,-12.162637
2050-01-01T12:00:00Z,-41.25,129.375,-12.200581
2050-01-01T12:00:00Z,-41.25,131.25,-11.694968
2050-01-01T12:00:00Z,-41.25,133.125,-13.636077
2050-01-01T12:00:00Z,-41.25,135.0,-18.494253
2050-01-01T12:00:00Z,-41.25,136.875,-19.66863
2050-01-01T12:00:00Z,-41.25,138.75,-15.246018
2050-01-01T12:00:00Z,-41.25,140.625,-12.369448
2050-01-01T12:00:00Z,-41.25,142.5,-10.048699
2050-01-01T12:00:00Z,-41.25,144.375,-9.333851
2050-01-01T12:00:00Z,-41.25,146.25,-13.4612
2050-01-01T12:00:00Z,-41.25,148.125,-0.78248805
2050-01-01T12:00:00Z,-41.25,150.0,12.928307
2050-01-01T12:00:00Z,-41.25,151.875,19.263199
2050-01-01T12:00:00Z,-41.25,153.75,7.529935
2050-01-01T12:00:00Z,-41.25,155.625,3.5912867
2050-01-01T12:00:00Z,-41.25,157.5,4.2434177
2050-01-01T12:00:00Z,-41.25,159.375,3.143334
2050-01-01T12:00:00Z,-41.25,161.25,1.7478563
2050-01-01T12:00:00Z,-41.25,163.125,3.7177835
2050-01-01T12:00:00Z,-41.25,165.0,2.8740983
2050-01-01T12:00:00Z,-41.25,166.875,2.7494383
2050-01-01T12:00:00Z,-41.25,168.75,-0.11975957
2050-01-01T12:00:00Z,-41.25,170.625,7.771495
2050-01-01T12:00:00Z,-41.25,172.5,1.831653
2050-01-01T12:00:00Z,-41.25,174.375,-3.842887
2050-01-01T12:00:00Z,-41.25,176.25,-8.045857
2050-01-01T12:00:00Z,-41.25,178.125,-2.7064595
2050-01-01T12:00:00Z,-41.25,180.0,-1.4611486
2050-01-01T12:00:00Z,-40.0,90.0,-1.7342172
2050-01-01T12:00:00Z,-40.0,91.875,-0.9141956
2050-01-01T12:00:00Z,-40.0,93.75,-2.3542905
2050-01-01T12:00:00Z,-40.0,95.625,-2.0384865
2050-01-01T12:00:00Z,-40.0,97.5,-3.639554
2050-01-01T12:00:00Z,-40.0,99.375,-7.0053163
2050-01-01T12:00:00Z,-40.0,101.25,-7.3366923
2050-01-01T12:00:00Z,-40.0,103.125,-7.911975
2050-01-01T12:00:00Z,-40.0,105.0,-6.9097195
2050-01-01T12:00:00Z,-40.0,106.875,-9.809567
2050-01-01T12:00:00Z,-40.0,108.75,-10.517502
2050-01-01T12:00:00Z,-40.0,110.625,-11.652859
2050-01-01T12:00:00Z,-40.0,112.5,-13.383709
2050-01-01T12:00:00Z,-40.0,114.375,-13.766298
2050-01-01T12:00:00Z,-40.0,116.25,-14.548686
2050-01-01T12:00:00Z,-40.0,118.125,-17.82886
2050-01-01T12:00:00Z,-40.0,120.0,-19.934202
2050-01-01T12:00:00Z,-40.0,121.875,-20.305294
2050-01-01T12:00:00Z,-40.0,123.75,-18.175358
2050-01-01T12:00:00Z,-40.0,125.625,-17.0029
2050-01-01T12:00:00Z,-40.0,127.5,-14.548214
2050-01-01T12:00:00Z,-40.0,129.375,-14.433305
2050-01-01T12:00:00Z,-40.0,131.25,-18.350758
2050-01-01T12:00:00Z,-40.0,133.125,-20.418367
2050-01-01T12:00:00Z,-40.0,135.0,-21.664522
2050-01-01T12:00:00Z,-40.0,136.875,-18.409874
2050-01-01T12:00:00Z,-40.0,138.75,-14.341918
2050-01-01T12:00:00Z,-40.0,140.625,-11.780585
2050-01-01T12:00:00Z,-40.0,142.5,-9.890209
2050-01-01T12:00:00Z,-40.0,144.375,-6.8835173
2050-01-01T12:00:00Z,-40.0,146.25,-3.3199692
2050-01-01T12:00:00Z,-40.0,148.125,-0.3230672
2050-01-01T12:00:00Z,-40.0,150.0,7.501982
2050-01-01T12:00:00Z,-40.0,151.875,16.341507
2050-01-01T12:00:00Z,-40.0,153.75,7.8743205
2050-01-01T12:00:00Z,-40.0,155.625,1.5575231
2050-01-01T12:00:00Z,-40.0,157.5,-0.92662716
2050-01-01T12:00:00Z,-40.0,159.375,1.2166604
2050-01-01T12:00:00Z,-40.0,161.25,6.8647423
2050-01-01T12:00:00Z,-40.0,163.125,5.0545144
2050-01-01T12:00:00Z,-40.0,165.0,5.9041553
2050-01-01T12:00:00Z,-40.0,166.875,2.4834042
2050-01-01T12:00:00Z,-40.0,168.75,-0.46737432
2050-01-01T12:00:00Z,-40.0,170.625,4.479709
2050-01-01T12:00:00Z,-40.0,172.5,10.442812
2050-01-01T12:00:00Z,-40.0,174.375,2.8980565
2050-01-01T12:00:00Z,-40.0,176.25,-9.295198
2050-01-01T12:00:00Z,-40.0,178.125,-6.3285694
2050-01-01T12:00:00Z,-40.0,180.0,-1.7954665
2050-01-01T12:00:00Z,-38.75,90.0,0.26699656
2050-01-01T12:00:00Z,-38.75,91.875,-1.4521042
2050-01-01T12:00:00Z,-38.75,93.75,-2.599077
2050-01-01T12:00:00Z,-38.75,95.625,-4.1035585
2050-01-01T12:00:00Z,-38.75,97.5,-7.646961
2050-01-01T12:00:00Z,-38.75,99.375,-7.5472684
2050-01-01T12:00:00Z,-38.75,101.25,-7.82387
2050-01-01T12:00:00Z,-38.75,103.125,-7.2647443
2050-01-01T12:00:00Z,-38.75,105.0,-10.083735
2050-01-01T12:00:00Z,-38.75,106.875,-11.816891
2050-01-01T12:00:00Z,-38.75,108.75,-13.391574
2050-01-01T12:00:00Z,-38.75,110.625,-14.656328
2050-01-01T12:00:00Z,-38.75,112.5,-16.25932
2050-01-01T12:00:00Z,-38.75,114.375,-16.394297
2050-01-01T12:00:00Z,-38.75,116.25,-15.200281
2050-01-01T12:00:00Z,-38.75,118.125,-17.2055
2050-01-01T12:00:00Z,-38.75,120.0,-18.564407
2050-01-01T12:00:00Z,-38.75,121.875,-17.801823
2050-01-01T12:00:00Z,-38.75,123.75,-16.523932
2050-01-01T12:00:00Z,-38.75,125.625,-14.0482
2050-01-01T12:00:00Z,-38.75,127.5,-16.863312
2050-01-01T12:00:00Z,-38.75,129.375,-20.709312
2050-01-01T12:00:00Z,-38.75,131.25,-22.202633
2050-01-01T12:00:00Z,-38.75,133.125,-20.993855
2050-01-01T12:00:00Z,-38.75,135.0,-18.182873
2050-01-01T12:00:00Z,-38.75,136.875,-13.398379
2050-01-01T12:00:00Z,-38.75,138.75,-14.531539
2050-01-01T12:00:00Z,-38.75,140.625,-10.802476
2050-01-01T12:00:00Z,-38.75,142.5,-10.423239
2050-01-01T12:00:00Z,-38.75,144.375,-6.295822
2050-01-01T12:00:00Z,-38.75,146.25,-4.9367867
2050-01-01T12:00:00Z,-38.75,148.125,-0.749459
2050-01-01T12:00:00Z,-38.75,150.0,3.6347406
2050-01-01T12:00:00Z,-38.75,151.875,15.645937
2050-01-01T12:00:00Z,-38.75,153.75,6.2099724
2050-01-01T12:00:00Z,-38.75,155.625,-1.8147798
2050-01-01T12:00:00Z,-38.75,157.5,1.3222891
2050-01-01T12:00:00Z,-38.75,159.375,5.7420354
2050-01-01T12:00:00Z,-38.75,161.25,6.002645
2050-01-01T12:00:00Z,-38.75,163.125,5.3122716
2050-01-01T12:00:00Z,-38.75,165.0,5.403283
2050-01-01T12:00:00Z,-38.75,166.875,-1.7255192
2050-01-01T12:00:00Z,-38.75,168.75,1.2002318
2050-01-01T12:00:00Z,-38.75,170.625,2.2375097
2050-01-01T12:00:00Z,-38.75,172.5,0.6103672
2050-01-01T12:00:00Z,-38.75,174.375,-1.5475203
2050-01-01T12:00:00Z,-38.75,176.25,-6.819596
2050-01-01T12:00:00Z,-38.75,178.125,-10.034496
2050-01-01T12:00:00Z,-38.75,180.0,-3.076114
2050-01-01T12:00:00Z,-37.5,90.0,1.3149025
2050-01-01T12:00:00Z,-37.5,91.875,-1.115344
2050-01-01T12:00:00Z,-37.5,93.75,0.4781908
2050-01-01T12:00:00Z,-37.5,95.625,-1.2064481
2050-01-01T12:00:00Z,-37.5,97.5,-5.359657
2050-01-01T12:00:00Z,-37.5,99.375,-6.253636
2050-01-01T12:00:00Z,-37.5,101.25,-8.156828
2050-01-01T12:00:00Z,-37.5,103.125,-10.437098
2050-01-01T12:00:00Z,-37.5,105.0,-11.969968
2050-01-01T12:00:00Z,-37.5,106.875,-13.33112
2050-01-01T12:00:00Z,-37.5,108.75,-15.779222
2050-01-01T12:00:00Z,-37.5,110.625,-18.607996
2050-01-01T12:00:00Z,-37.5,112.5,-21.442327
2050-01-01T12:00:00Z,-37.5,114.375,-19.282892
2050-01-01T12:00:00Z,-37.5,116.25,-14.883007
2050-01-01T12:00:00Z,-37.5,118.125,-18.666388
2050-01-01T12:00:00Z,-37.5,120.0,-19.238892
2050-01-01T12:00:00Z,-37.5,121.875,-16.332188
2050-01-01T12:00:00Z,-37.5,123.75,-12.817601
2050-01-01T12:00:00Z,-37.5,125.625,-12.087469
2050-01-01T12:00:00Z,-37.5,127.5,-17.520733
2050-01-01T12:00:00Z,-37.5,129.375,-20.976793
2050-01-01T12:00:00Z,-37.5,131.25,-20.705797
2050-01-01T12:00:00Z,-37.5,133.125,-17.323446
2050-01-01T12:00:00Z,-37.5,135.0,-16.75298
2050-01-01T12:00:00Z,-37.5,136.875,-15.867044
2050-01-01T12:00:00Z,-37.5,138.75,-14.799144
2050-01-01T12:00:00Z,-37.5,140.625,-14.441007
2050-01-01T12:00:00Z,-37.5,142.5,-9.039997
2050-01-01T12:00:00Z,-37.5,144.375,-4.3470087
2050-01-01T12:00:00Z,-37.5,146.25,-1.3087034
2050-01-01T12:00:00Z,-37.5,148.125,-4.3284225
2050-01-01T12:00:00Z,-37.5,150.0,-0.6830113
2050-01-01T12:00:00Z,-37.5,151.875,13.333045
2050-01-01T12:00:00Z,-37.5,153.75,4.5220203
2050-01-01T12:00:00Z,-37.5,155.625,-1.2918582
2050-01-01T12:00:00Z,-37.5,157.5,4.378939
2050-01-01T12:00:00Z,-37.5,159.375,7.2021303
2050-01-01T12:00:00Z,-37.5,161.25,2.6910179
2050-01-01T12:00:00Z,-37.5,163.125,3.7113128
2050-01-01T12:00:00Z,-37.5,165.0,-2.4912298
2050-01-01T12:00:00Z,-37.5,166.875,-2.5139365
2050-01-01T12:00:00Z,-37.5,168.75,-3.2780404
2050-01-01T12:00:00Z,-37.5,170.625,-5.832273
2050-01-01T12:00:00Z,-37.5,172.5,-3.3386743
2050-01-01T12:00:00Z,-37.5,174.375,-4.72538
2050-01-01T12:00:00Z,-37.5,176.25,-5.958593
2050-01-01T12:00:00Z,-37.5,178.125,-5.485515
2050-01-01T12:00:00Z,-37.5,180.0,-3.4224403
2050-01-01T12:00:00Z,-36.25,90.0,-3.698226
2050-01-01T12:00:00Z,-36.25,91.875,-6.5041733
2050-01-01T12:00:00Z,-36.25,93.75,-6.0993476
2050-01-01T12:00:00Z,-36.25,95.625,-8.771465
2050-01-01T12:00:00Z,-36.25,97.5,-9.874991
2050-01-01T12:00:00Z,-36.25,99.375,-10.131328
2050-01-01T12:00:00Z,-36.25,101.25,-12.102559
2050-01-01T12:00:00Z,-36.25,103.125,-12.790709
2050-01-01T12:00:00Z,-36.25,105.0,-14.3575325
2050-01-01T12:00:00Z,-36.25,106.875,-14.619499
2050-01-01T12:00:00Z,-36.25,108.75,-17.062214
2050-01-01T12:00:00Z,-36.25,110.625,-20.446754
2050-01-01T12:00:00Z,-36.25,112.5,-23.891548
2050-01-01T12:00:00Z,-36.25,114.375,-24.569838
2050-01-01T12:00:00Z,-36.25,116.25,-20.95217
2050-01-01T12:00:00Z,-36.25,118.125,-22.19394
2050-01-01T12:00:00Z,-36.25,120.0,-21.705517
2050-01-01T12:00:00Z,-36.25,121.875,-19.256044
2050-01-01T12:00:00Z,-36.25,123.75,-16.02545
2050-01-01T12:00:00Z,-36.25,125.625,-14.835157
2050-01-01T12:00:00Z,-36.25,127.5,-17.408487
2050-01-01T12:00:00Z,-36.25,129.375,-19.554033
2050-01-01T12:00:00Z,-36.25,131.25,-20.16124
2050-01-01T12:00:00Z,-36.25,133.125,-16.228333
2050-01-01T12:00:00Z,-36.25,135.0,-16.790527
2050-01-01T12:00:00Z,-36.25,136.875,-15.311873
2050-01-01T12:00:00Z,-36.25,138.75,-13.674607
2050-01-01T12:00:00Z,-36.25,140.625,-10.169337
2050-01-01T12:00:00Z,-36.25,142.5,-7.81082
2050-01-01T12:00:00Z,-36.25,144.375,-8.479354
2050-01-01T12:00:00Z,-36.25,146.25,-6.082518
2050-01-01T12:00:00Z,-36.25,148.125,2.2928133
2050-01-01T12:00:00Z,-36.25,150.0,0.3325594
2050-01-01T12:00:00Z,-36.25,151.875,13.755465
2050-01-01T12:00:00Z,-36.25,153.75,9.491728
2050-01-01T12:00:00Z,-36.25,155.625,-1.851671
2050-01-01T12:00:00Z,-36.25,157.5,-1.8272868
2050-01-01T12:00:00Z,-36.25,159.375,3.887086
2050-01-01T12:00:00Z,-36.25,161.25,6.5624347
2050-01-01T12:00:00Z,-36.25,163.125,7.586715
2050-01-01T12:00:00Z,-36.25,165.0,0.7102568
2050-01-01T12:00:00Z,-36.25,166.875,-4.543504
2050-01-01T12:00:00Z,-36.25,168.75,-4.926031
2050-01-01T12:00:00Z,-36.25,170.625,-2.0883772
2050-01-01T12:00:00Z,-36.25,172.5,-2.8672028
2050-01-01T12:00:00Z,-36.25,174.375,-6.2872796
2050-01-01T12:00:00Z,-36.25,176.25,-3.5397184
2050-01-01T12:00:00Z,-36.25,178.125,-2.8093362
2050-01-01T12:00:00Z,-36.25,180.0,-0.53865814
2050-01-01T12:00:00Z,-35.0,90.0,-8.176563
2050-01-01T12:00:00Z,-35.0,91.875,-9.088721
2050-01-01T12:00:00Z,-35.0,93.75,-7.029823
2050-01-01T12:00:00Z,-35.0,95.625,-7.538821
2050-01-01T12:00:00Z,-35.0,97.5,-9.495196
2050-01-01T12:00:00Z,-35.0,99.375,-12.216573
2050-01-01T12:00:00Z,-35.0,101.25,-14.6892395
2050-01-01T12:00:00Z,-35.0,103.125,-16.956966
2050-01-01T12:00:00Z,-35.0,105.0,-18.972046
2050-01-01T12:00:00Z,-35.0,106.875,-19.962732
2050-01-01T12:00:00Z,-35.0,108.75,-20.389307
2050-01-01T12:00:00Z,-35.0,110.625,-22.188934
2050-01-01T12:00:00Z,-35.0,112.5,-23.52085
2050-01-01T12:00:00Z,-35.0,114.375,-23.38957
2050-01-01T12:00:00Z,-35.0,116.25,-28.20382
2050-01-01T12:00:00Z,-35.0,118.125,-26.224405
2050-01-01T12:00:00Z,-35.0,120.0,-19.667261
2050-01-01T12:00:00Z,-35.0,121.875,-16.971777
2050-01-01T12:00:00Z,-35.0,123.75,-15.491453
2050-01-01T12:00:00Z,-35.0,125.625,-17.67994
2050-01-01T12:00:00Z,-35.0,127.5,-19.649698
2050-01-01T12:00:00Z,-35.0,129.375,-22.541563
2050-01-01T12:00:00Z,-35.0,131.25,-20.668964
2050-01-01T12:00:00Z,-35.0,133.125,-18.50988
2050-01-01T12:00:00Z,-35.0,135.0,-18.978834
2050-01-01T12:00:00Z,-35.0,136.875,-12.396551
2050-01-01T12:00:00Z,-35.0,138.75,-11.8631735
2050-01-01T12:00:00Z,-35.0,140.625,-12.5495615
2050-01-01T12:00:00Z,-35.0,142.5,-7.5053644
2050-01-01T12:00:00Z,-35.0,144.375,-7.4514427
2050-01-01T12:00:00Z,-35.0,146.25,-2.7995703
2050-01-01T12:00:00Z,-35.0,148.125,1.9758557
2050-01-01T12:00:00Z,-35.0,150.0,5.97732
2050-01-01T12:00:00Z,-35.0,151.875,5.7891407
2050-01-01T12:00:00Z,-35.0,153.75,8.723263
2050-01-01T12:00:00Z,-35.0,155.625,1.1174845
2050-01-01T12:00:00Z,-35.0,157.5,-3.5526087
2050-01-01T12:00:00Z,-35.0,159.375,9.400743
2050-01-01T12:00:00Z,-35.0,161.25,9.239562
2050-01-01T12:00:00Z,-35.0,163.125,10.423653
2050-01-01T12:00:00Z,-35.0,165.0,7.906977
2050-01-01T12:00:00Z,-35.0,166.875,-2.3596747
2050-01-01T12:00:00Z,-35.0,168.75,-1.0276178
2050-01-01T12:00:00Z,-35.0,170.625,-0.53702646
2050-01-01T12:00:00Z,-35.0,172.5,-1.3660483
2050-01-01T12:00:00Z,-35.0,174.375,-4.693653
2050-01-01T12:00:00Z,-35.0,176.25,-3.8447933
2050-01-01T12:00:00Z,-35.0,178.125,-8.939794
2050-01-01T12:00:00Z,-35.0,180.0,-8.326893
2050-01-01T12:00:00Z,-33.75,90.0,-8.200308
2050-01-01T12:00:00Z,-33.75,91.875,-7.474913
2050-01-01T12:00:00Z,-33.75,93.75,-7.7143893
2050-01-01T12:00:00Z,-33.75,95.625,-11.351905
2050-01-01T12:00:00Z,-33.75,97.5,-11.679803
2050-01-01T12:00:00Z,-33.75,99.375,-16.411064
2050-01-01T12:00:00Z,-33.75,101.25,-18.31953
2050-01-01T12:00:00Z,-33.75,103.125,-21.614271
2050-01-01T12:00:00Z,-33.75,105.0,-22.355225
2050-01-01T12:00:00Z,-33.75,106.875,-21.803772
2050-01-01T12:00:00Z,-33.75,108.75,-24.216831
2050-01-01T12:00:00Z,-33.75,110.625,-24.217098
2050-01-01T12:00:00Z,-33.75,112.5,-22.684465
2050-01-01T12:00:00Z,-33.75,114.375,-21.745188
2050-01-01T12:00:00Z,-33.75,116.25,-23.968216
2050-01-01T12:00:00Z,-33.75,118.125,-18.041851
2050-01-01T12:00:00Z,-33.75,120.0,-17.041712
2050-01-01T12:00:00Z,-33.75,121.875,-15.007927
2050-01-01T12:00:00Z,-33.75,123.75,-16.097506
2050-01-01T12:00:00Z,-33.75,125.625,-19.99854
2050-01-01T12:00:00Z,-33.75,127.5,-22.033524
2050-01-01T12:00:00Z,-33.75,129.375,-20.12605
2050-01-01T12:00:00Z,-33.75,131.25,-18.580612
2050-01-01T12:00:00Z,-33.75,133.125,-18.166721
2050-01-01T12:00:00Z,-33.75,135.0,-14.3707905
2050-01-01T12:00:00Z,-33.75,136.875,-11.66911
2050-01-01T12:00:00Z,-33.75,138.75,-9.352922
2050-01-01T12:00:00Z,-33.75,140.625,-6.500874
2050-01-01T12:00:00Z,-33.75,142.5,-2.3231223
2050-01-01T12:00:00Z,-33.75,144.375,-8.522967
2050-01-01T12:00:00Z,-33.75,146.25,-5.300807
2050-01-01T12:00:00Z,-33.75,148.125,4.158075
2050-01-01T12:00:00Z,-33.75,150.0,3.4914331
2050-01-01T12:00:00Z,-33.75,151.875,5.4613957
2050-01-01T12:00:00Z,-33.75,153.75,7.4567337
2050-01-01T12:00:00Z,-33.75,155.625,-0.9264817
2050-01-01T12:00:00Z,-33.75,157.5,-4.199325
2050-01-01T12:00:00Z,-33.75,159.375,2.0877986
2050-01-01T12:00:00Z,-33.75,161.25,3.8870451
2050-01-01T12:00:00Z,-33.75,163.125,5.513328
2050-01-01T12:00:00Z,-33.75,165.0,1.0137281
2050-01-01T12:00:00Z,-33.75,166.875,-2.0516942
2050-01-01T12:00:00Z,-33.75,168.75,3.5972686
2050-01-01T12:00:00Z,-33.75,170.625,-1.2097373
2050-01-01T12:00:00Z,-33.75,172.5,0.5671069
2050-01-01T12:00:00Z,-33.75,174.375,3.6908536
2050-01-01T12:00:00Z,-33.75,176.25,-10.673353
2050-01-01T12:00:00Z,-33.75,178.125,-15.542361
2050-01-01T12:00:00Z,-33.75,180.0,-14.765471
2050-01-01T12:00:00Z,-32.5,90.0,-10.270834
2050-01-01T12:00:00Z,-32.5,91.875,-9.8469095
2050-01-01T12:00:00Z,-32.5,93.75,-12.924523
2050-01-01T12:00:00Z,-32.5,95.625,-8.640055
2050-01-01T12:00:00Z,-32.5,97.5,-17.41755
2050-01-01T12:00:00Z,-32.5,99.375,-20.979343
2050-01-01T12:00:00Z,-32.5,101.25,-23.657019
2050-01-01T12:00:00Z,-32.5,103.125,-24.96675
2050-01-01T12:00:00Z,-32.5,105.0,-18.86443
2050-01-01T12:00:00Z,-32.5,106.875,-19.893307
2050-01-01T12:00:00Z,-32.5,108.75,-24.066925
2050-01-01T12:00:00Z,-32.5,110.625,-25.471478
2050-01-01T12:00:00Z,-32.5,112.5,-21.469864
2050-01-01T12:00:00Z,-32.5,114.375,-22.717289
2050-01-01T12:00:00Z,-32.5,116.25,-22.906502
2050-01-01T12:00:00Z,-32.5,118.125,-9.291242
2050-01-01T12:00:00Z,-32.5,120.0,-13.802709
2050-01-01T12:00:00Z,-32.5,121.875,-12.882559
2050-01-01T12:00:00Z,-32.5,123.75,-15.31398
2050-01-01T12:00:00Z,-32.5,125.625,-14.330809
2050-01-01T12:00:00Z,-32.5,127.5,-12.419272
2050-01-01T12:00:00Z,-32.5,129.375,-12.495914
2050-01-01T12:00:00Z,-32.5,131.25,-13.407077
2050-01-01T12:00:00Z,-32.5,133.125,-16.436054
2050-01-01T12:00:00Z,-32.5,135.0,-13.885224
2050-01-01T12:00:00Z,-32.5,136.875,-9.712619
2050-01-01T12:00:00Z,-32.5,138.75,-7.4910636
2050-01-01T12:00:00Z,-32.5,140.625,-4.4093986
2050-01-01T12:00:00Z,-32.5,142.5,-1.9799001
2050-01-01T12:00:00Z,-32.5,144.375,-3.3121977
2050-01-01T12:00:00Z,-32.5,146.25,-1.2053965
2050-01-01T12:00:00Z,-32.5,148.125,-1.7404634
2050-01-01T12:00:00Z,-32.5,150.0,-1.3556696
2050-01-01T12:00:00Z,-32.5,151.875,-1.4510951
2050-01-01T12:00:00Z,-32.5,153.75,3.0022073
2050-01-01T12:00:00Z,-32.5,155.625,0.019738313
2050-01-01T12:00:00Z,-32.5,157.5,0.026763137
2050-01-01T12:00:00Z,-32.5,159.375,-4.4032636
2050-01-01T12:00:00Z,-32.5,161.25,-2.7260218
2050-01-01T12:00:00Z,-32.5,163.125,-1.7590516
2050-01-01T12:00:00Z,-32.5,165.0,-7.118244
2050-01-01T12:00:00Z,-32.5,166.875,-9.597151
2050-01-01T12:00:00Z,-32.5,168.75,-2.760098
2050-01-01T12:00:00Z,-32.5,170.625,-4.746667
2050-01-01T12:00:00Z,-32.5,172.5,-3.3107073
2050-01-01T12:00:00Z,-32.5,174.375,-8.897749
2050-01-01T12:00:00Z,-32.5,176.25,-20.779383
2050-01-01T12:00:00Z,-32.5,178.125,-23.880344
2050-01-01T12:00:00Z,-32.5,180.0,-19.181667
2050-01-01T12:00:00Z,-31.25,90.0,-13.090445
2050-01-01T12:00:00Z,-31.25,91.875,-14.660613
2050-01-01T12:00:00Z,-31.25,93.75,-13.842052
2050-01-01T12:00:00Z,-31.25,95.625,-16.12847
2050-01-01T12:00:00Z,-31.25,97.5,-19.570704
2050-01-01T12:00:00Z,-31.25,99.375,-24.638895
2050-01-01T12:00:00Z,-31.25,101.25,-29.412851
2050-01-01T12:00:00Z,-31.25,103.125,-25.156313
2050-01-01T12:00:00Z,-31.25,105.0,-20.205877
2050-01-01T12:00:00Z,-31.25,106.875,-23.146307
2050-01-01T12:00:00Z,-31.25,108.75,-23.598818
2050-01-01T12:00:00Z,-31.25,110.625,-26.884357
2050-01-01T12:00:00Z,-31.25,112.5,-20.928955
2050-01-01T12:00:00Z,-31.25,114.375,-27.0255
2050-01-01T12:00:00Z,-31.25,116.25,-21.819843
2050-01-01T12:00:00Z,-31.25,118.125,-7.7584286
2050-01-01T12:00:00Z,-31.25,120.0,-14.668639
2050-01-01T12:00:00Z,-31.25,121.875,-12.329189
2050-01-01T12:00:00Z,-31.25,123.75,-15.6218
2050-01-01T12:00:00Z,-31.25,125.625,-13.614552
2050-01-01T12:00:00Z,-31.25,127.5,-8.24881
2050-01-01T12:00:00Z,-31.25,129.375,-10.884319
2050-01-01T12:00:00Z,-31.25,131.25,-15.551891
2050-01-01T12:00:00Z,-31.25,133.125,-13.144546
2050-01-01T12:00:00Z,-31.25,135.0,-6.1608586
2050-01-01T12:00:00Z,-31.25,136.875,-2.8906476
2050-01-01T12:00:00Z,-31.25,138.75,-1.9429399
2050-01-01T12:00:00Z,-31.25,140.625,0.7648017
2050-01-01T12:00:00Z,-31.25,142.5,3.9117234
2050-01-01T12:00:00Z,-31.25,144.375,-2.0623162
2050-01-01T12:00:00Z,-31.25,146.25,-6.026626
2050-01-01T12:00:00Z,-31.25,148.125,-3.9142132
2050-01-01T12:00:00Z,-31.25,150.0,-0.97021127
2050-01-01T12:00:00Z,-31.25,151.875,0.8762651
2050-01-01T12:00:00Z,-31.25,153.75,-1.5898925
2050-01-01T12:00:00Z,-31.25,155.625,2.3226376
2050-01-01T12:00:00Z,-31.25,157.5,-1.9824513
2050-01-01T12:00:00Z,-31.25,159.375,-1.6483523
2050-01-01T12:00:00Z,-31.25,161.25,-1.7023894
2050-01-01T12:00:00Z,-31.25,163.125,-3.9789057
2050-01-01T12:00:00Z,-31.25,165.0,-13.316653
2050-01-01T12:00:00Z,-31.25,166.875,-12.254705
2050-01-01T12:00:00Z,-31.25,168.75,-7.243446
2050-01-01T12:00:00Z,-31.25,170.625,-8.957143
2050-01-01T12:00:00Z,-31.25,172.5,-13.979014
2050-01-01T12:00:00Z,-31.25,174.375,-20.004557
2050-01-01T12:00:00Z,-31.25,176.25,-30.450247
2050-01-01T12:00:00Z,-31.25,178.125,-25.846636
2050-01-01T12:00:00Z,-31.25,180.0,-13.507246
2050-01-01T12:00:00Z,-30.0,90.0,-17.173138
2050-01-01T12:00:00Z,-30.0,91.875,-14.998522
2050-01-01T12:00:00Z,-30.0,93.75,-16.520426
2050-01-01T12:00:00Z,-30.0,95.625,-18.610258
2050-01-01T12:00:00Z,-30.0,97.5,-17.589334
2050-01-01T12:00:00Z,-30.0,99.375,-24.689466
2050-01-01T12:00:00Z,-30.0,101.25,-29.630419
2050-01-01T12:00:00Z,-30.0,103.125,-26.75657
2050-01-01T12:00:00Z,-30.0,105.0,-24.410933
2050-01-01T12:00:00Z,-30.0,106.875,-26.806858
2050-01-01T12:00:00Z,-30.0,108.75,-26.811855
2050-01-01T12:00:00Z,-30.0,110.625,-25.940863
2050-01-01T12:00:00Z,-30.0,112.5,-20.816761
2050-01-01T12:00:00Z,-30.0,114.375,-28.163952
2050-01-01T12:00:00Z,-30.0,116.25,-15.9521265
2050-01-01T12:00:00Z,-30.0,118.125,-2.450373
2050-01-01T12:00:00Z,-30.0,120.0,0.6276612
2050-01-01T12:00:00Z,-30.0,121.875,-3.6480486
2050-01-01T12:00:00Z,-30.0,123.75,-9.997688
2050-01-01T12:00:00Z,-30.0,125.625,-16.17939
2050-01-01T12:00:00Z,-30.0,127.5,-12.901488
2050-01-01T12:00:00Z,-30.0,129.375,-9.383571
2050-01-01T12:00:00Z,-30.0,131.25,-11.3572235
2050-01-01T12:00:00Z,-30.0,133.125,-13.997565
2050-01-01T12:00:00Z,-30.0,135.0,-5.481892
2050-01-01T12:00:00Z,-30.0,136.875,-1.4519057
2050-01-01T12:00:00Z,-30.0,138.75,5.999692
2050-01-01T12:00:00Z,-30.0,140.625,6.9564075
2050-01-01T12:00:00Z,-30.0,142.5,3.1527221
2050-01-01T12:00:00Z,-30.0,144.375,-0.17982127
2050-01-01T12:00:00Z,-30.0,146.25,-5.0064507
2050-01-01T12:00:00Z,-30.0,148.125,-2.764006
2050-01-01T12:00:00Z,-30.0,150.0,-7.1512
2050-01-01T12:00:00Z,-30.0,151.875,-2.8088524
2050-01-01T12:00:00Z,-30.0,153.75,-4.4917564
2050-01-01T12:00:00Z,-30.0,155.625,-0.1511395
2050-01-01T12:00:00Z,-30.0,157.5,-4.0035915
2050-01-01T12:00:00Z,-30.0,159.375,-3.7078657
2050-01-01T12:00:00Z,-30.0,161.25,-1.6213384
2050-01-01T12:00:00Z,-30.0,163.125,-9.277567
2050-01-01T12:00:00Z,-30.0,165.0,-11.307712
2050-01-01T12:00:00Z,-30.0,166.875,-13.437079
2050-01-01T12:00:00Z,-30.0,168.75,-7.354881
2050-01-01T12:00:00Z,-30.0,170.625,-11.88615
2050-01-01T12:00:00Z,-30.0,172.5,-21.008537
2050-01-01T12:00:00Z,-30.0,174.375,-19.540596
2050-01-01T12:00:00Z,-30.0,176.25,-26.374598
2050-01-01T12:00:00Z,-30.0,178.125,-15.407646
2050-01-01T12:00:00Z,-30.0,180.0,-7.894564
2050-01-01T12:00:00Z,-28.75,90.0,-14.389636
2050-01-01T12:00:00Z,-28.75,91.875,-15.627725
2050-01-01T12:00:00Z,-28.75,93.75,-17.767653
2050-01-01T12:00:00Z,-28.75,95.625,-17.011723
2050-01-01T12:00:00Z,-28.75,97.5,-20.018349
2050-01-01T12:00:00Z,-28.75,99.375,-27.50279
2050-01-01T12:00:00Z,-28.75,101.25,-30.472229
2050-01-01T12:00:00Z,-28.75,103.125,-26.113373
2050-01-01T12:00:00Z,-28.75,105.0,-26.605812
2050-01-01T12:00:00Z,-28.75,106.875,-34.135323
2050-01-01T12:00:00Z,-28.75,108.75,-32.480915
2050-01-01T12:00:00Z,-28.75,110.625,-29.013645
2050-01-01T12:00:00Z,-28.75,112.5,-22.211626
2050-01-01T12:00:00Z,-28.75,114.375,-31.409254
2050-01-01T12:00:00Z,-28.75,116.25,-16.234587
2050-01-01T12:00:00Z,-28.75,118.125,-9.353135
2050-01-01T12:00:00Z,-28.75,120.0,-0.9959105
2050-01-01T12:00:00Z,-28.75,121.875,-6.2418566
2050-01-01T12:00:00Z,-28.75,123.75,-12.445558
2050-01-01T12:00:00Z,-28.75,125.625,-19.984625
2050-01-01T12:00:00Z,-28.75,127.5,-13.651688
2050-01-01T12:00:00Z,-28.75,129.375,-11.676104
2050-01-01T12:00:00Z,-28.75,131.25,-11.501225
2050-01-01T12:00:00Z,-28.75,133.125,-9.859048
2050-01-01T12:00:00Z,-28.75,135.0,-7.741806
2050-01-01T12:00:00Z,-28.75,136.875,-2.7249017
2050-01-01T12:00:00Z,-28.75,138.75,-0.9964376
2050-01-01T12:00:00Z,-28.75,140.625,6.3201294
2050-01-01T12:00:00Z,-28.75,142.5,2.9300687
2050-01-01T12:00:00Z,-28.75,144.375,-2.0319717
2050-01-01T12:00:00Z,-28.75,146.25,-0.017177694
2050-01-01T12:00:00Z,-28.75,148.125,-4.0145054
2050-01-01T12:00:00Z,-28.75,150.0,-1.9452767
2050-01-01T12:00:00Z,-28.75,151.875,-5.1461883
2050-01-01T12:00:00Z,-28.75,153.75,-5.738848
2050-01-01T12:00:00Z,-28.75,155.625,-7.2872868
2050-01-01T12:00:00Z,-28.75,157.5,-7.256624
2050-01-01T12:00:00Z,-28.75,159.375,-3.7565117
2050-01-01T12:00:00Z,-28.75,161.25,-2.9773052
2050-01-01T12:00:00Z,-28.75,163.125,-5.070435
2050-01-01T12:00:00Z,-28.75,165.0,-3.8598933
2050-01-01T12:00:00Z,-28.75,166.875,-10.240786
2050-01-01T12:00:00Z,-28.75,168.75,-10.736354
2050-01-01T12:00:00Z,-28.75,170.625,-11.912553
2050-01-01T12:00:00Z,-28.75,172.5,-18.623507
2050-01-01T12:00:00Z,-28.75,174.375,-15.567317
2050-01-01T12:00:00Z,-28.75,176.25,-17.3383
2050-01-01T12:00:00Z,-28.75,178.125,-8.672328
2050-01-01T12:00:00Z,-28.75,180.0,2.1376903
2050-01-01T12:00:00Z,-27.5,90.0,-17.419117
2050-01-01T12:00:00Z,-27.5,91.875,-15.229491
2050-01-01T12:00:00Z,-27.5,93.75,-15.977304
2050-01-01T12:00:00Z,-27.5,95.625,-20.701218
2050-01-01T12:00:00Z,-27.5,97.5,-28.75427
2050-01-01T12:00:00Z,-27.5,99.375,-34.13135
2050-01-01T12:00:00Z,-27.5,101.25,-35.651558
2050-01-01T12:00:00Z,-27.5,103.125,-36.883686
2050-01-01T12:00:00Z,-27.5,105.0,-36.544964
2050-01-01T12:00:00Z,-27.5,106.875,-36.188835
2050-01-01T12:00:00Z,-27.5,108.75,-28.272898
2050-01-01T12:00:00Z,-27.5,110.625,-23.246685
2050-01-01T12:00:00Z,-27.5,112.5,-31.391983
2050-01-01T12:00:00Z,-27.5,114.375,-24.698492
2050-01-01T12:00:00Z,-27.5,116.25,-8.207112
2050-01-01T12:00:00Z,-27.5,118.125,-9.80654
2050-01-01T12:00:00Z,-27.5,120.0,-7.3795466
2050-01-01T12:00:00Z,-27.5,121.875,-4.1076784
2050-01-01T12:00:00Z,-27.5,123.75,-8.860401
2050-01-01T12:00:00Z,-27.5,125.625,-20.498707
2050-01-01T12:00:00Z,-27.5,127.5,-12.086724
2050-01-01T12:00:00Z,-27.5,129.375,-12.824834
2050-01-01T12:00:00Z,-27.5,131.25,-8.431191
2050-01-01T12:00:00Z,-27.5,133.125,-2.2900105
2050-01-01T12:00:00Z,-27.5,135.0,0.024969494
2050-01-01T12:00:00Z,-27.5,136.875,-6.650094
2050-01-01T12:00:00Z,-27.5,138.75,1.7246056
2050-01-01T12:00:00Z,-27.5,140.625,7.593872
2050-01-01T12:00:00Z,-27.5,142.5,0.04682929
2050-01-01T12:00:00Z,-27.5,144.375,0.75015837
2050-01-01T12:00:00Z,-27.5,146.25,-0.33238164
2050-01-01T12:00:00Z,-27.5,148.125,-2.968507
2050-01-01T12:00:00Z,-27.5,150.0,-3.4197967
2050-01-01T12:00:00Z,-27.5,151.875,-7.1539536
2050-01-01T12:00:00Z,-27.5,153.75,-11.437124
2050-01-01T12:00:00Z,-27.5,155.625,-11.065634
2050-01-01T12:00:00Z,-27.5,157.5,-12.769142
2050-01-01T12:00:00Z,-27.5,159.375,-3.8562415
2050-01-01T12:00:00Z,-27.5,161.25,0.77213377
2050-01-01T12:00:00Z,-27.5,163.125,0.71502537
2050-01-01T12:00:00Z,-27.5,165.0,-0.6458962
2050-01-01T12:00:00Z,-27.5,166.875,-7.433863
2050-01-01T12:00:00Z,-27.5,168.75,-8.904826
2050-01-01T12:00:00Z,-27.5,170.625,-9.902999
2050-01-01T12:00:00Z,-27.5,172.5,-13.494879
2050-01-01T12:00:00Z,-27.5,174.375,-13.230066
2050-01-01T12:00:00Z,-27.5,176.25,-11.828164
2050-01-01T12:00:00Z,-27.5,178.125,3.3621264
2050-01-01T12:00:00Z,-27.5,180.0,16.489563
2050-01-01T12:00:00Z,-26.25,90.0,-34.824757
2050-01-01T12:00:00Z,-26.25,91.875,-28.903585
2050-01-01T12:00:00Z,-26.25,93.75,-25.157835
2050-01-01T12:00:00Z,-26.25,95.625,-31.737003
2050-01-01T12:00:00Z,-26.25,97.5,-32.157223
2050-01-01T12:00:00Z,-26.25,99.375,-34.2607
2050-01-01T12:00:00Z,-26.25,101.25,-37.251434
2050-01-01T12:00:00Z,-26.25,103.125,-36.474476
2050-01-01T12:00:00Z,-26.25,105.0,-38.20747
2050-01-01T12:00:00Z,-26.25,106.875,-30.414362
2050-01-01T12:00:00Z,-26.25,108.75,-31.715345
2050-01-01T12:00:00Z,-26.25,110.625,-29.26938
2050-01-01T12:00:00Z,-26.25,112.5,-35.93367
2050-01-01T12:00:00Z,-26.25,114.375,-29.474121
2050-01-01T12:00:00Z,-26.25,116.25,-7.2785645
2050-01-01T12:00:00Z,-26.25,118.125,-13.186122
2050-01-01T12:00:00Z,-26.25,120.0,-16.503946
2050-01-01T12:00:00Z,-26.25,121.875,-8.28933
2050-01-01T12:00:00Z,-26.25,123.75,-16.607992
2050-01-01T12:00:00Z,-26.25,125.625,-15.819284
2050-01-01T12:00:00Z,-26.25,127.5,-11.281363
2050-01-01T12:00:00Z,-26.25,129.375,-10.202478
2050-01-01T12:00:00Z,-26.25,131.25,-4.2348313
2050-01-01T12:00:00Z,-26.25,133.125,2.4836295
2050-01-01T12:00:00Z,-26.25,135.0,-8.418022
2050-01-01T12:00:00Z,-26.25,136.875,-4.2182446
2050-01-01T12:00:00Z,-26.25,138.75,8.790876
2050-01-01T12:00:00Z,-26.25,140.625,1.5944854
2050-01-01T12:00:00Z,-26.25,142.5,-0.6416277
2050-01-01T12:00:00Z,-26.25,144.375,-5.729946
2050-01-01T12:00:00Z,-26.25,146.25,-6.923493
2050-01-01T12:00:00Z,-26.25,148.125,-1.390232
2050-01-01T12:00:00Z,-26.25,150.0,-2.0997949
2050-01-01T12:00:00Z,-26.25,151.875,-4.5575843
2050-01-01T12:00:00Z,-26.25,153.75,-10.232202
2050-01-01T12:00:00Z,-26.25,155.625,-9.282627
2050-01-01T12:00:00Z,-26.25,157.5,-9.443796
2050-01-01T12:00:00Z,-26.25,159.375,3.2574155
2050-01-01T12:00:00Z,-26.25,161.25,5.37894
2050-01-01T12:00:00Z,-26.25,163.125,1.6326593
2050-01-01T12:00:00Z,-26.25,165.0,-1.8010778
2050-01-01T12:00:00Z,-26.25,166.875,-3.046326
2050-01-01T12:00:00Z,-26.25,168.75,-1.9805549
2050-01-01T12:00:00Z,-26.25,170.625,-4.3016872
2050-01-01T12:00:00Z,-26.25,172.5,-7.5074053
2050-01-01T12:00:00Z,-26.25,174.375,-8.835423
2050-01-01T12:00:00Z,-26.25,176.25,-3.7773266
2050-01-01T12:00:00Z,-26.25,178.125,12.42465
2050-01-01T12:00:00Z,-26.25,180.0,20.711296
2050-01-01T12:00:00Z,-25.0,90.0,-44.07504
2050-01-01T12:00:00Z,-25.0,91.875,-33.281727
2050-01-01T12:00:00Z,-25.0,93.75,-28.476254
2050-01-01T12:00:00Z,-25.0,95.625,-34.708736
2050-01-01T12:00:00Z,-25.0,97.5,-30.312302
2050-01-01T12:00:00Z,-25.0,99.375,-26.80985
2050-01-01T12:00:00Z,-25.0,101.25,-29.216688
2050-01-01T12:00:00Z,-25.0,103.125,-29.98719
2050-01-01T12:00:00Z,-25.0,105.0,-32.107765
2050-01-01T12:00:00Z,-25.0,106.875,-26.344343
2050-01-01T12:00:00Z,-25.0,108.75,-19.750866
2050-01-01T12:00:00Z,-25.0,110.625,-28.171732
2050-01-01T12:00:00Z,-25.0,112.5,-31.60286
2050-01-01T12:00:00Z,-25.0,114.375,-21.756779
2050-01-01T12:00:00Z,-25.0,116.25,-7.190785
2050-01-01T12:00:00Z,-25.0,118.125,-10.664594
2050-01-01T12:00:00Z,-25.0,120.0,-8.4306555
2050-01-01T12:00:00Z,-25.0,121.875,-1.9789758
2050-01-01T12:00:00Z,-25.0,123.75,-15.228893
2050-01-01T12:00:00Z,-25.0,125.625,-11.210676
2050-01-01T12:00:00Z,-25.0,127.5,7.8429666
2050-01-01T12:00:00Z,-25.0,129.375,-0.57071555
2050-01-01T12:00:00Z,-25.0,131.25,-6.9560246
2050-01-01T12:00:00Z,-25.0,133.125,1.6637048
2050-01-01T12:00:00Z,-25.0,135.0,5.836724
2050-01-01T12:00:00Z,-25.0,136.875,4.740398
2050-01-01T12:00:00Z,-25.0,138.75,3.6777546
2050-01-01T12:00:00Z,-25.0,140.625,0.6488344
2050-01-01T12:00:00Z,-25.0,142.5,0.6814213
2050-01-01T12:00:00Z,-25.0,144.375,-6.6845503
2050-01-01T12:00:00Z,-25.0,146.25,0.7414256
2050-01-01T12:00:00Z,-25.0,148.125,1.3339674
2050-01-01T12:00:00Z,-25.0,150.0,-3.891366
2050-01-01T12:00:00Z,-25.0,151.875,-9.50851
2050-01-01T12:00:00Z,-25.0,153.75,-10.072511
2050-01-01T12:00:00Z,-25.0,155.625,-8.30545
2050-01-01T12:00:00Z,-25.0,157.5,-9.044688
2050-01-01T12:00:00Z,-25.0,159.375,3.2602632
2050-01-01T12:00:00Z,-25.0,161.25,7.191413
2050-01-01T12:00:00Z,-25.0,163.125,-1.1314687
2050-01-01T12:00:00Z,-25.0,165.0,-0.5226374
2050-01-01T12:00:00Z,-25.0,166.875,-1.7370822
2050-01-01T12:00:00Z,-25.0,168.75,5.3195877
2050-01-01T12:00:00Z,-25.0,170.625,4.104924
2050-01-01T12:00:00Z,-25.0,172.5,-0.9237519
2050-01-01T12:00:00Z,-25.0,174.375,-3.0010517
2050-01-01T12:00:00Z,-25.0,176.25,-3.4364944
2050-01-01T12:00:00Z,-25.0,178.125,1.5288982
2050-01-01T12:00:00Z,-25.0,180.0,5.430193
2050-01-01T12:00:00Z,-23.75,90.0,-45.434048
2050-01-01T12:00:00Z,-23.75,91.875,-35.253407
2050-01-01T12:00:00Z,-23.75,93.75,-26.778341
2050-01-01T12:00:00Z,-23.75,95.625,-23.196384
2050-01-01T12:00:00Z,-23.75,97.5,-20.081957
2050-01-01T12:00:00Z,-23.75,99.375,-22.161755
2050-01-01T12:00:00Z,-23.75,101.25,-21.92401
2050-01-01T12:00:00Z,-23.75,103.125,-31.95713
2050-01-01T12:00:00Z,-23.75,105.0,-30.56696
2050-01-01T12:00:00Z,-23.75,106.875,-25.500439
2050-01-01T12:00:00Z,-23.75,108.75,-35.88791
2050-01-01T12:00:00Z,-23.75,110.625,-32.16958
2050-01-01T12:00:00Z,-23.75,112.5,-29.386108
2050-01-01T12:00:00Z,-23.75,114.375,-11.369807
2050-01-01T12:00:00Z,-23.75,116.25,-0.09365514
2050-01-01T12:00:00Z,-23.75,118.125,-9.547362
2050-01-01T12:00:00Z,-23.75,120.0,-5.8252263
2050-01-01T12:00:00Z,-23.75,121.875,2.7110593
2050-01-01T12:00:00Z,-23.75,123.75,-15.378996
2050-01-01T12:00:00Z,-23.75,125.625,-2.6474977
2050-01-01T12:00:00Z,-23.75,127.5,6.8029556
2050-01-01T12:00:00Z,-23.75,129.375,2.364146
2050-01-01T12:00:00Z,-23.75,131.25,-0.8304582
2050-01-01T12:00:00Z,-23.75,133.125,4.9685035
2050-01-01T12:00:00Z,-23.75,135.0,10.722208
2050-01-01T12:00:00Z,-23.75,136.875,6.6443353
2050-01-01T12:00:00Z,-23.75,138.75,10.640328
2050-01-01T12:00:00Z,-23.75,140.625,4.406284
2050-01-01T12:00:00Z,-23.75,142.5,3.3857307
2050-01-01T12:00:00Z,-23.75,144.375,1.3951033
2050-01-01T12:00:00Z,-23.75,146.25,9.258589
2050-01-01T12:00:00Z,-23.75,148.125,3.127726
2050-01-01T12:00:00Z,-23.75,150.0,-7.6532574
2050-01-01T12:00:00Z,-23.75,151.875,-9.552581
2050-01-01T12:00:00Z,-23.75,153.75,-8.558035
2050-01-01T12:00:00Z,-23.75,155.625,-9.549673
2050-01-01T12:00:00Z,-23.75,157.5,-16.471539
2050-01-01T12:00:00Z,-23.75,159.375,-2.8075228
2050-01-01T12:00:00Z,-23.75,161.25,4.207198
2050-01-01T12:00:00Z,-23.75,163.125,-4.7602534
2050-01-01T12:00:00Z,-23.75,165.0,-7.348566
2050-01-01T12:00:00Z,-23.75,166.875,-3.1207557
2050-01-01T12:00:00Z,-23.75,168.75,0.34531996
2050-01-01T12:00:00Z,-23.75,170.625,-1.2958848
2050-01-01T12:00:00Z,-23.75,172.5,-4.9107933
2050-01-01T12:00:00Z,-23.75,174.375,-1.6954889
2050-01-01T12:00:00Z,-23.75,176.25,-5.54867
2050-01-01T12:00:00Z,-23.75,178.125,-2.0542786
2050-01-01T12:00:00Z,-23.75,180.0,-6.3359075
2050-01-01T12:00:00Z,-22.5,90.0,-31.9403
2050-01-01T12:00:00Z,-22.5,91.875,-20.513454
2050-01-01T12:00:00Z,-22.5,93.75,-8.744882
2050-01-01T12:00:00Z,-22.5,95.625,-8.5434885
2050-01-01T12:00:00Z,-22.5,97.5,-6.371666
2050-01-01T12:00:00Z,-22.5,99.375,-8.5436535
2050-01-01T12:00:00Z,-22.5,101.25,-20.489332
2050-01-01T12:00:00Z,-22.5,103.125,-33.055683
2050-01-01T12:00:00Z,-22.5,105.0,-31.774374
2050-01-01T12:00:00Z,-22.5,106.875,-26.124071
2050-01-01T12:00:00Z,-22.5,108.75,-29.70062
2050-01-01T12:00:00Z,-22.5,110.625,-21.983583
2050-01-01T12:00:00Z,-22.5,112.5,-19.348093
2050-01-01T12:00:00Z,-22.5,114.375,-4.520079
2050-01-01T12:00:00Z,-22.5,116.25,-4.8687315
2050-01-01T12:00:00Z,-22.5,118.125,-10.388407
2050-01-01T12:00:00Z,-22.5,120.0,-5.0256376
2050-01-01T12:00:00Z,-22.5,121.875,1.1981629
2050-01-01T12:00:00Z,-22.5,123.75,1.1417552
2050-01-01T12:00:00Z,-22.5,125.625,12.529073
2050-01-01T12:00:00Z,-22.5,127.5,7.641262
2050-01-01T12:00:00Z,-22.5,129.375,0.106247894
2050-01-01T12:00:00Z,-22.5,131.25,-2.5439618
2050-01-01T12:00:00Z,-22.5,133.125,2.0845919
2050-01-01T12:00:00Z,-22.5,135.0,4.432382
2050-01-01T12:00:00Z,-22.5,136.875,7.677534
2050-01-01T12:00:00Z,-22.5,138.75,5.079222
2050-01-01T12:00:00Z,-22.5,140.625,5.79849
2050-01-01T12:00:00Z,-22.5,142.5,9.496814
2050-01-01T12:00:00Z,-22.5,144.375,0.9659635
2050-01-01T12:00:00Z,-22.5,146.25,6.1646075
2050-01-01T12:00:00Z,-22.5,148.125,-6.244419
2050-01-01T12:00:00Z,-22.5,150.0,-7.484695
2050-01-01T12:00:00Z,-22.5,151.875,-8.101299
2050-01-01T12:00:00Z,-22.5,153.75,-3.3215837
2050-01-01T12:00:00Z,-22.5,155.625,-11.14315
2050-01-01T12:00:00Z,-22.5,157.5,-17.821264
2050-01-01T12:00:00Z,-22.5,159.375,-7.0472646
2050-01-01T12:00:00Z,-22.5,161.25,0.8010924
2050-01-01T12:00:00Z,-22.5,163.125,-0.58696437
2050-01-01T12:00:00Z,-22.5,165.0,-8.217466
2050-01-01T12:00:00Z,-22.5,166.875,-8.817302
2050-01-01T12:00:00Z,-22.5,168.75,-0.0143756885
2050-01-01T12:00:00Z,-22.5,170.625,-0.9917741
2050-01-01T12:00:00Z,-22.5,172.5,-5.9430785
2050-01-01T12:00:00Z,-22.5,174.375,-4.9688516
2050-01-01T12:00:00Z,-22.5,176.25,-7.0982575
2050-01-01T12:00:00Z,-22.5,178.125,-14.275366
2050-01-01T12:00:00Z,-22.5,180.0,-10.947567
2050-01-01T12:00:00Z,-21.25,90.0,-17.995468
2050-01-01T12:00:00Z,-21.25,91.875,-4.3539467
2050-01-01T12:00:00Z,-21.25,93.75,2.0219007
2050-01-01T12:00:00Z,-21.25,95.625,5.3668494
2050-01-01T12:00:00Z,-21.25,97.5,-7.4273915
2050-01-01T12:00:00Z,-21.25,99.375,-14.428428
2050-01-01T12:00:00Z,-21.25,101.25,-20.421297
2050-01-01T12:00:00Z,-21.25,103.125,-27.747992
2050-01-01T12:00:00Z,-21.25,105.0,-19.406713
2050-01-01T12:00:00Z,-21.25,106.875,-17.124102
2050-01-01T12:00:00Z,-21.25,108.75,-28.912092
2050-01-01T12:00:00Z,-21.25,110.625,-20.27605
2050-01-01T12:00:00Z,-21.25,112.5,-20.370813
2050-01-01T12:00:00Z,-21.25,114.375,-12.291021
2050-01-01T12:00:00Z,-21.25,116.25,-6.7021775
2050-01-01T12:00:00Z,-21.25,118.125,-15.096315
2050-01-01T12:00:00Z,-21.25,120.0,-14.303189
2050-01-01T12:00:00Z,-21.25,121.875,-9.273235
2050-01-01T12:00:00Z,-21.25,123.75,5.627493
2050-01-01T12:00:00Z,-21.25,125.625,7.9780574
2050-01-01T12:00:00Z,-21.25,127.5,6.97274
2050-01-01T12:00:00Z,-21.25,129.375,-1.5280639
2050-01-01T12:00:00Z,-21.25,131.25,-4.9712768
2050-01-01T12:00:00Z,-21.25,133.125,0.75091565
2050-01-01T12:00:00Z,-21.25,135.0,0.79747385
2050-01-01T12:00:00Z,-21.25,136.875,2.1690524
2050-01-01T12:00:00Z,-21.25,138.75,11.054164
2050-01-01T12:00:00Z,-21.25,140.625,7.7792053
2050-01-01T12:00:00Z,-21.25,142.5,2.5601718
2050-01-01T12:00:00Z,-21.25,144.375,-3.0549912
2050-01-01T12:00:00Z,-21.25,146.25,-8.314204
2050-01-01T12:00:00Z,-21.25,148.125,-20.096348
2050-01-01T12:00:00Z,-21.25,150.0,-14.330041
2050-01-01T12:00:00Z,-21.25,151.875,-5.252094
2050-01-01T12:00:00Z,-21.25,153.75,-1.9497268
2050-01-01T12:00:00Z,-21.25,155.625,-10.533749
2050-01-01T12:00:00Z,-21.25,157.5,-14.335005
2050-01-01T12:00:00Z,-21.25,159.375,-12.482534
2050-01-01T12:00:00Z,-21.25,161.25,-3.3392444
2050-01-01T12:00:00Z,-21.25,163.125,-1.9021252
2050-01-01T12:00:00Z,-21.25,165.0,-7.491542
2050-01-01T12:00:00Z,-21.25,166.875,-13.401159
2050-01-01T12:00:00Z,-21.25,168.75,0.6187841
2050-01-01T12:00:00Z,-21.25,170.625,1.3374155
2050-01-01T12:00:00Z,-21.25,172.5,-0.29998526
2050-01-01T12:00:00Z,-21.25,174.375,-1.0351228
2050-01-01T12:00:00Z,-21.25,176.25,-7.307259
2050-01-01T12:00:00Z,-21.25,178.125,-15.838565
2050-01-01T12:00:00Z,-21.25,180.0,-8.24236
2050-01-01T12:00:00Z,-20.0,90.0,-14.221848
2050-01-01T12:00:00Z,-20.0,91.875,-8.114332
2050-01-01T12:00:00Z,-20.0,93.75,-7.2941046
2050-01-01T12:00:00Z,-20.0,95.625,-9.761333
2050-01-01T12:00:00Z,-20.0,97.5,-16.854609
2050-01-01T12:00:00Z,-20.0,99.375,-14.353272
2050-01-01T12:00:00Z,-20.0,101.25,-21.460482
2050-01-01T12:00:00Z,-20.0,103.125,-19.338625
2050-01-01T12:00:00Z,-20.0,105.0,-7.810004
2050-01-01T12:00:00Z,-20.0,106.875,-3.7274525
2050-01-01T12:00:00Z,-20.0,108.75,-21.971666
2050-01-01T12:00:00Z,-20.0,110.625,-17.107153
2050-01-01T12:00:00Z,-20.0,112.5,-18.18596
2050-01-01T12:00:00Z,-20.0,114.375,-14.53353
2050-01-01T12:00:00Z,-20.0,116.25,-6.8292756
2050-01-01T12:00:00Z,-20.0,118.125,-5.1035666
2050-01-01T12:00:00Z,-20.0,120.0,-19.968271
2050-01-01T12:00:00Z,-20.0,121.875,-9.354732
2050-01-01T12:00:00Z,-20.0,123.75,2.9969606
2050-01-01T12:00:00Z,-20.0,125.625,7.3965793
2050-01-01T12:00:00Z,-20.0,127.5,8.862743
2050-01-01T12:00:00Z,-20.0,129.375,4.0480504
2050-01-01T12:00:00Z,-20.0,131.25,3.7670135
2050-01-01T12:00:00Z,-20.0,133.125,7.139565
2050-01-01T12:00:00Z,-20.0,135.0,-4.887715
2050-01-01T12:00:00Z,-20.0,136.875,0.30945405
2050-01-01T12:00:00Z,-20.0,138.75,4.9051976
2050-01-01T12:00:00Z,-20.0,140.625,6.423196
2050-01-01T12:00:00Z,-20.0,142.5,-7.819408
2050-01-01T12:00:00Z,-20.0,144.375,-5.8848677
2050-01-01T12:00:00Z,-20.0,146.25,-18.951546
2050-01-01T12:00:00Z,-20.0,148.125,-36.240414
2050-01-01T12:00:00Z,-20.0,150.0,-15.933575
2050-01-01T12:00:00Z,-20.0,151.875,-15.223622
2050-01-01T12:00:00Z,-20.0,153.75,-11.326187
2050-01-01T12:00:00Z,-20.0,155.625,-13.700151
2050-01-01T12:00:00Z,-20.0,157.5,-14.413074
2050-01-01T12:00:00Z,-20.0,159.375,-11.616796
2050-01-01T12:00:00Z,-20.0,161.25,0.65148
2050-01-01T12:00:00Z,-20.0,163.125,0.789667
2050-01-01T12:00:00Z,-20.0,165.0,-1.223171
2050-01-01T12:00:00Z,-20.0,166.875,-3.2580101
2050-01-01T12:00:00Z,-20.0,168.75,3.1352675
2050-01-01T12:00:00Z,-20.0,170.625,7.022773
2050-01-01T12:00:00Z,-20.0,172.5,-2.6808183
2050-01-01T12:00:00Z,-20.0,174.375,0.7099683
2050-01-01T12:00:00Z,-20.0,176.25,-6.115175
2050-01-01T12:00:00Z,-20.0,178.125,-7.3411026
2050-01-01T12:00:00Z,-20.0,180.0,-2.9181807
2050-01-01T12:00:00Z,-18.75,90.0,-11.548445
2050-01-01T12:00:00Z,-18.75,91.875,-8.74047
2050-01-01T12:00:00Z,-18.75,93.75,-9.562934
2050-01-01T12:00:00Z,-18.75,95.625,-15.695149
2050-01-01T12:00:00Z,-18.75,97.5,-15.767588
2050-01-01T12:00:00Z,-18.75,99.375,-5.547876
2050-01-01T12:00:00Z,-18.75,101.25,-9.380588
2050-01-01T12:00:00Z,-18.75,103.125,-10.113333
2050-01-01T12:00:00Z,-18.75,105.0,-21.950256
2050-01-01T12:00:00Z,-18.75,106.875,-10.643999
2050-01-01T12:00:00Z,-18.75,108.75,-26.304684
2050-01-01T12:00:00Z,-18.75,110.625,-13.223966
2050-01-01T12:00:00Z,-18.75,112.5,-16.978605
2050-01-01T12:00:00Z,-18.75,114.375,-23.780321
2050-01-01T12:00:00Z,-18.75,116.25,-11.286438
2050-01-01T12:00:00Z,-18.75,118.125,-11.698893
2050-01-01T12:00:00Z,-18.75,120.0,-22.044601
2050-01-01T12:00:00Z,-18.75,121.875,-13.522744
2050-01-01T12:00:00Z,-18.75,123.75,-4.773768
2050-01-01T12:00:00Z,-18.75,125.625,-1.2308921
2050-01-01T12:00:00Z,-18.75,127.5,4.4850626
2050-01-01T12:00:00Z,-18.75,129.375,-0.5880931
2050-01-01T12:00:00Z,-18.75,131.25,-3.294107
2050-01-01T12:00:00Z,-18.75,133.125,2.3329618
2050-01-01T12:00:00Z,-18.75,135.0,1.5512832
2050-01-01T12:00:00Z,-18.75,136.875,11.057555
2050-01-01T12:00:00Z,-18.75,138.75,9.261515
2050-01-01T12:00:00Z,-18.75,140.625,4.089125
2050-01-01T12:00:00Z,-18.75,142.5,-1.0921414
2050-01-01T12:00:00Z,-18.75,144.375,-3.423211
2050-01-01T12:00:00Z,-18.75,146.25,-21.36484
2050-01-01T12:00:00Z,-18.75,148.125,-17.875946
2050-01-01T12:00:00Z,-18.75,150.0,-16.970388
2050-01-01T12:00:00Z,-18.75,151.875,-13.130937
2050-01-01T12:00:00Z,-18.75,153.75,-10.496385
2050-01-01T12:00:00Z,-18.75,155.625,-15.264274
2050-01-01T12:00:00Z,-18.75,157.5,-11.226468
2050-01-01T12:00:00Z,-18.75,159.375,-2.5981557
2050-01-01T12:00:00Z,-18.75,161.25,-5.7431884
2050-01-01T12:00:00Z,-18.75,163.125,-4.5284147
2050-01-01T12:00:00Z,-18.75,165.0,1.3144232
2050-01-01T12:00:00Z,-18.75,166.875,-1.4520316
2050-01-01T12:00:00Z,-18.75,168.75,6.245024
2050-01-01T12:00:00Z,-18.75,170.625,6.6276226
2050-01-01T12:00:00Z,-18.75,172.5,-3.623588
2050-01-01T12:00:00Z,-18.75,174.375,-6.848726
2050-01-01T12:00:00Z,-18.75,176.25,-9.208612
2050-01-01T12:00:00Z,-18.75,178.125,-8.0437565
2050-01-01T12:00:00Z,-18.75,180.0,-5.0877542
2050-01-01T12:00:00Z,-17.5,90.0,-16.52234
2050-01-01T12:00:00Z,-17.5,91.875,-14.494288
2050-01-01T12:00:00Z,-17.5,93.75,-14.683354
2050-01-01T12:00:00Z,-17.5,95.625,-11.70508
2050-01-01T12:00:00Z,-17.5,97.5,-11.612492
2050-01-01T12:00:00Z,-17.5,99.375,-9.88046
2050-01-01T12:00:00Z,-17.5,101.25,-17.628649
2050-01-01T12:00:00Z,-17.5,103.125,-25.322989
2050-01-01T12:00:00Z,-17.5,105.0,-29.95377
2050-01-01T12:00:00Z,-17.5,106.875,-26.424547
2050-01-01T12:00:00Z,-17.5,108.75,-20.884335
2050-01-01T12:00:00Z,-17.5,110.625,-18.021448
2050-01-01T12:00:00Z,-17.5,112.5,-21.494663
2050-01-01T12:00:00Z,-17.5,114.375,-22.258722
2050-01-01T12:00:00Z,-17.5,116.25,-25.075834
2050-01-01T12:00:00Z,-17.5,118.125,-11.502484
2050-01-01T12:00:00Z,-17.5,120.0,-25.616283
2050-01-01T12:00:00Z,-17.5,121.875,-17.848217
2050-01-01T12:00:00Z,-17.5,123.75,-3.1696188
2050-01-01T12:00:00Z,-17.5,125.625,0.04660251
2050-01-01T12:00:00Z,-17.5,127.5,2.6322632
2050-01-01T12:00:00Z,-17.5,129.375,-4.047
2050-01-01T12:00:00Z,-17.5,131.25,-7.514022
2050-01-01T12:00:00Z,-17.5,133.125,-10.139991
2050-01-01T12:00:00Z,-17.5,135.0,-5.5998845
2050-01-01T12:00:00Z,-17.5,136.875,2.4455407
2050-01-01T12:00:00Z,-17.5,138.75,2.5828574
2050-01-01T12:00:00Z,-17.5,140.625,-3.379976
2050-01-01T12:00:00Z,-17.5,142.5,-8.801295
2050-01-01T12:00:00Z,-17.5,144.375,-14.879704
2050-01-01T12:00:00Z,-17.5,146.25,-24.59165
2050-01-01T12:00:00Z,-17.5,148.125,-12.560709
2050-01-01T12:00:00Z,-17.5,150.0,-14.189827
2050-01-01T12:00:00Z,-17.5,151.875,-12.112667
2050-01-01T12:00:00Z,-17.5,153.75,-15.101695
2050-01-01T12:00:00Z,-17.5,155.625,-18.643192
2050-01-01T12:00:00Z,-17.5,157.5,-10.734274
2050-01-01T12:00:00Z,-17.5,159.375,-8.341528
2050-01-01T12:00:00Z,-17.5,161.25,-6.8490233
2050-01-01T12:00:00Z,-17.5,163.125,-5.7053766
2050-01-01T12:00:00Z,-17.5,165.0,0.083462305
2050-01-01T12:00:00Z,-17.5,166.875,-0.053964827
2050-01-01T12:00:00Z,-17.5,168.75,0.79684985
2050-01-01T12:00:00Z,-17.5,170.625,-5.2767334
2050-01-01T12:00:00Z,-17.5,172.5,-7.9794664
2050-01-01T12:00:00Z,-17.5,174.375,-7.149371
2050-01-01T12:00:00Z,-17.5,176.25,-6.0928464
2050-01-01T12:00:00Z,-17.5,178.125,-5.319115
2050-01-01T12:00:00Z,-17.5,180.0,-4.2958994
2050-01-01T12:00:00Z,-16.25,90.0,-29.34567
2050-01-01T12:00:00Z,-16.25,91.875,-27.149975
2050-01-01T12:00:00Z,-16.25,93.75,-29.456541
2050-01-01T12:00:00Z,-16.25,95.625,-23.704062
2050-01-01T12:00:00Z,-16.25,97.5,-15.895801
2050-01-01T12:00:00Z,-16.25,99.375,-24.95286
2050-01-01T12:00:00Z,-16.25,101.25,-30.991224
2050-01-01T12:00:00Z,-16.25,103.125,-38.53576
2050-01-01T12:00:00Z,-16.25,105.0,-41.489994
2050-01-01T12:00:00Z,-16.25,106.875,-35.73637
2050-01-01T12:00:00Z,-16.25,108.75,-26.14906
2050-01-01T12:00:00Z,-16.25,110.625,-20.909916
2050-01-01T12:00:00Z,-16.25,112.5,-22.132092
2050-01-01T12:00:00Z,-16.25,114.375,-25.85845
2050-01-01T12:00:00Z,-16.25,116.25,-24.25245
2050-01-01T12:00:00Z,-16.25,118.125,-8.585138
2050-01-01T12:00:00Z,-16.25,120.0,-15.73091
2050-01-01T12:00:00Z,-16.25,121.875,-19.126762
2050-01-01T12:00:00Z,-16.25,123.75,-11.302945
2050-01-01T12:00:00Z,-16.25,125.625,5.3707805
2050-01-01T12:00:00Z,-16.25,127.5,4.6936803
2050-01-01T12:00:00Z,-16.25,129.375,-0.239428
2050-01-01T12:00:00Z,-16.25,131.25,-4.287763
2050-01-01T12:00:00Z,-16.25,133.125,-10.519135
2050-01-01T12:00:00Z,-16.25,135.0,-18.102646
2050-01-01T12:00:00Z,-16.25,136.875,-9.45081
2050-01-01T12:00:00Z,-16.25,138.75,-7.6300545
2050-01-01T12:00:00Z,-16.25,140.625,-3.432112
2050-01-01T12:00:00Z,-16.25,142.5,-10.824438
2050-01-01T12:00:00Z,-16.25,144.375,-18.814089
2050-01-01T12:00:00Z,-16.25,146.25,-22.675764
2050-01-01T12:00:00Z,-16.25,148.125,-14.583892
2050-01-01T12:00:00Z,-16.25,150.0,-10.564641
2050-01-01T12:00:00Z,-16.25,151.875,-9.076909
2050-01-01T12:00:00Z,-16.25,153.75,-15.308039
2050-01-01T12:00:00Z,-16.25,155.625,-15.5480175
2050-01-01T12:00:00Z,-16.25,157.5,-12.938845
2050-01-01T12:00:00Z,-16.25,159.375,-5.6161556
2050-01-01T12:00:00Z,-16.25,161.25,-4.0774226
2050-01-01T12:00:00Z,-16.25,163.125,-5.122126
2050-01-01T12:00:00Z,-16.25,165.0,-2.6042058
2050-01-01T12:00:00Z,-16.25,166.875,-6.53463
2050-01-01T12:00:00Z,-16.25,168.75,-5.7784085
2050-01-01T12:00:00Z,-16.25,170.625,-5.7291665
2050-01-01T12:00:00Z,-16.25,172.5,-12.856511
2050-01-01T12:00:00Z,-16.25,174.375,-12.269309
2050-01-01T12:00:00Z,-16.25,176.25,-9.501954
2050-01-01T12:00:00Z,-16.25,178.125,-6.6127906
2050-01-01T12:00:00Z,-16.25,180.0,-6.770584
2050-01-01T12:00:00Z,-15.0,90.0,-29.643066
2050-01-01T12:00:00Z,-15.0,91.875,-28.427973
2050-01-01T12:00:00Z,-15.0,93.75,-31.136877
2050-01-01T12:00:00Z,-15.0,95.625,-27.157694
2050-01-01T12:00:00Z,-15.0,97.5,-22.416916
2050-01-01T12:00:00Z,-15.0,99.375,-32.67482
2050-01-01T12:00:00Z,-15.0,101.25,-39.196316
2050-01-01T12:00:00Z,-15.0,103.125,-36.11932
2050-01-01T12:00:00Z,-15.0,105.0,-30.174213
2050-01-01T12:00:00Z,-15.0,106.875,-26.238115
2050-01-01T12:00:00Z,-15.0,108.75,-24.22003
2050-01-01T12:00:00Z,-15.0,110.625,-17.313553
2050-01-01T12:00:00Z,-15.0,112.5,-20.64366
2050-01-01T12:00:00Z,-15.0,114.375,-24.854511
2050-01-01T12:00:00Z,-15.0,116.25,-22.008104
2050-01-01T12:00:00Z,-15.0,118.125,-14.994465
2050-01-01T12:00:00Z,-15.0,120.0,-15.7561035
2050-01-01T12:00:00Z,-15.0,121.875,-19.941528
2050-01-01T12:00:00Z,-15.0,123.75,-9.752174
2050-01-01T12:00:00Z,-15.0,125.625,1.8135852
2050-01-01T12:00:00Z,-15.0,127.5,3.5635707
2050-01-01T12:00:00Z,-15.0,129.375,-6.402547
2050-01-01T12:00:00Z,-15.0,131.25,-4.8069835
2050-01-01T12:00:00Z,-15.0,133.125,-13.526676
2050-01-01T12:00:00Z,-15.0,135.0,-18.21982
2050-01-01T12:00:00Z,-15.0,136.875,-19.751507
2050-01-01T12:00:00Z,-15.0,138.75,-5.5472364
2050-01-01T12:00:00Z,-15.0,140.625,-4.51945
2050-01-01T12:00:00Z,-15.0,142.5,-14.528225
2050-01-01T12:00:00Z,-15.0,144.375,-17.598873
2050-01-01T12:00:00Z,-15.0,146.25,-18.345451
2050-01-01T12:00:00Z,-15.0,148.125,-16.292158
2050-01-01T12:00:00Z,-15.0,150.0,-9.263727
2050-01-01T12:00:00Z,-15.0,151.875,-11.939367
2050-01-01T12:00:00Z,-15.0,153.75,-15.19797
2050-01-01T12:00:00Z,-15.0,155.625,-15.64794
2050-01-01T12:00:00Z,-15.0,157.5,-10.769607
2050-01-01T12:00:00Z,-15.0,159.375,-4.6083755
2050-01-01T12:00:00Z,-15.0,161.25,-5.7891493
2050-01-01T12:00:00Z,-15.0,163.125,-11.4904175
2050-01-01T12:00:00Z,-15.0,165.0,-12.97243
2050-01-01T12:00:00Z,-15.0,166.875,-10.30263
2050-01-01T12:00:00Z,-15.0,168.75,-6.3186
2050-01-01T12:00:00Z,-15.0,170.625,-7.777725
2050-01-01T12:00:00Z,-15.0,172.5,-10.222728
2050-01-01T12:00:00Z,-15.0,174.375,-13.275688
2050-01-01T12:00:00Z,-15.0,176.25,-15.879004
2050-01-01T12:00:00Z,-15.0,178.125,-13.883588
2050-01-01T12:00:00Z,-15.0,180.0,-11.473262
2050-01-01T12:00:00Z,-13.75,90.0,-18.954622
2050-01-01T12:00:00Z,-13.75,91.875,-15.895753
2050-01-01T12:00:00Z,-13.75,93.75,-17.628983
2050-01-01T12:00:00Z,-13.75,95.625,-16.48478
2050-01-01T12:00:00Z,-13.75,97.5,-21.763565
2050-01-01T12:00:00Z,-13.75,99.375,-25.397215
2050-01-01T12:00:00Z,-13.75,101.25,-24.497993
2050-01-01T12:00:00Z,-13.75,103.125,-23.661291
2050-01-01T12:00:00Z,-13.75,105.0,-22.103792
2050-01-01T12:00:00Z,-13.75,106.875,-25.913853
2050-01-01T12:00:00Z,-13.75,108.75,-20.361622
2050-01-01T12:00:00Z,-13.75,110.625,-15.132715
2050-01-01T12:00:00Z,-13.75,112.5,-14.920818
2050-01-01T12:00:00Z,-13.75,114.375,-15.220423
2050-01-01T12:00:00Z,-13.75,116.25,-14.838814
2050-01-01T12:00:00Z,-13.75,118.125,-14.724353
2050-01-01T12:00:00Z,-13.75,120.0,-16.11829
2050-01-01T12:00:00Z,-13.75,121.875,-16.478624
2050-01-01T12:00:00Z,-13.75,123.75,-9.946131
2050-01-01T12:00:00Z,-13.75,125.625,-10.658375
2050-01-01T12:00:00Z,-13.75,127.5,-11.534709
2050-01-01T12:00:00Z,-13.75,129.375,-10.822547
2050-01-01T12:00:00Z,-13.75,131.25,-6.131279
2050-01-01T12:00:00Z,-13.75,133.125,-9.459333
2050-01-01T12:00:00Z,-13.75,135.0,-13.226001
2050-01-01T12:00:00Z,-13.75,136.875,-12.281078
2050-01-01T12:00:00Z,-13.75,138.75,-4.075219
2050-01-01T12:00:00Z,-13.75,140.625,1.1763412
2050-01-01T12:00:00Z,-13.75,142.5,-9.349579
2050-01-01T12:00:00Z,-13.75,144.375,-15.500756
2050-01-01T12:00:00Z,-13.75,146.25,-14.575766
2050-01-01T12:00:00Z,-13.75,148.125,-11.422354
2050-01-01T12:00:00Z,-13.75,150.0,-4.5876284
2050-01-01T12:00:00Z,-13.75,151.875,-4.9397664
2050-01-01T12:00:00Z,-13.75,153.75,-11.600855
2050-01-01T12:00:00Z,-13.75,155.625,-13.3696995
2050-01-01T12:00:00Z,-13.75,157.5,-12.200704
2050-01-01T12:00:00Z,-13.75,159.375,-10.958253
2050-01-01T12:00:00Z,-13.75,161.25,-11.427492
2050-01-01T12:00:00Z,-13.75,163.125,-14.467213
2050-01-01T12:00:00Z,-13.75,165.0,-11.079332
2050-01-01T12:00:00Z,-13.75,166.875,-9.871069
2050-01-01T12:00:00Z,-13.75,168.75,-5.295465
2050-01-01T12:00:00Z,-13.75,170.625,-5.747788
2050-01-01T12:00:00Z,-13.75,172.5,-10.898589
2050-01-01T12:00:00Z,-13.75,174.375,-6.748964
2050-01-01T12:00:00Z,-13.75,176.25,-7.4498544
2050-01-01T12:00:00Z,-13.75,178.125,-8.565402
2050-01-01T12:00:00Z,-13.75,180.0,-7.221808
2050-01-01T12:00:00Z,-12.5,90.0,-12.511834
2050-01-01T12:00:00Z,-12.5,91.875,-12.26778
2050-01-01T12:00:00Z,-12.5,93.75,-11.173114
2050-01-01T12:00:00Z,-12.5,95.625,-11.088556
2050-01-01T12:00:00Z,-12.5,97.5,-15.850917
2050-01-01T12:00:00Z,-12.5,99.375,-13.84797
2050-01-01T12:00:00Z,-12.5,101.25,-16.204132
2050-01-01T12:00:00Z,-12.5,103.125,-19.600052
2050-01-01T12:00:00Z,-12.5,105.0,-20.586996
2050-01-01T12:00:00Z,-12.5,106.875,-23.255552
2050-01-01T12:00:00Z,-12.5,108.75,-18.23983
2050-01-01T12:00:00Z,-12.5,110.625,-11.51877
2050-01-01T12:00:00Z,-12.5,112.5,-4.03639
2050-01-01T12:00:00Z,-12.5,114.375,-6.9879203
2050-01-01T12:00:00Z,-12.5,116.25,-12.802161
2050-01-01T12:00:00Z,-12.5,118.125,-15.317366
2050-01-01T12:00:00Z,-12.5,120.0,-10.78218
2050-01-01T12:00:00Z,-12.5,121.875,-14.211826
2050-01-01T12:00:00Z,-12.5,123.75,-12.696281
2050-01-01T12:00:00Z,-12.5,125.625,-11.844993
2050-01-01T12:00:00Z,-12.5,127.5,-11.060379
2050-01-01T12:00:00Z,-12.5,129.375,-14.468693
2050-01-01T12:00:00Z,-12.5,131.25,-9.478968
2050-01-01T12:00:00Z,-12.5,133.125,-8.88536
2050-01-01T12:00:00Z,-12.5,135.0,-6.4364357
2050-01-01T12:00:00Z,-12.5,136.875,-7.824153
2050-01-01T12:00:00Z,-12.5,138.75,1.105934
2050-01-01T12:00:00Z,-12.5,140.625,3.2807963
2050-01-01T12:00:00Z,-12.5,142.5,-8.482776
2050-01-01T12:00:00Z,-12.5,144.375,-11.974583
2050-01-01T12:00:00Z,-12.5,146.25,-6.700925
2050-01-01T12:00:00Z,-12.5,148.125,-7.468594
2050-01-01T12:00:00Z,-12.5,150.0,-1.6010594
2050-01-01T12:00:00Z,-12.5,151.875,-4.959854
2050-01-01T12:00:00Z,-12.5,153.75,-14.902971
2050-01-01T12:00:00Z,-12.5,155.625,-18.297949
2050-01-01T12:00:00Z,-12.5,157.5,-13.341939
2050-01-01T12:00:00Z,-12.5,159.375,-14.452923
2050-01-01T12:00:00Z,-12.5,161.25,-12.923909
2050-01-01T12:00:00Z,-12.5,163.125,-13.54992
2050-01-01T12:00:00Z,-12.5,165.0,-10.1807995
2050-01-01T12:00:00Z,-12.5,166.875,-8.896631
2050-01-01T12:00:00Z,-12.5,168.75,-7.701584
2050-01-01T12:00:00Z,-12.5,170.625,-6.758572
2050-01-01T12:00:00Z,-12.5,172.5,-6.6977563
2050-01-01T12:00:00Z,-12.5,174.375,-5.0615835
2050-01-01T12:00:00Z,-12.5,176.25,-5.161351
2050-01-01T12:00:00Z,-12.5,178.125,-2.2753975
2050-01-01T12:00:00Z,-12.5,180.0,0.17553744
2050-01-01T12:00:00Z,-11.25,90.0,-12.74537
2050-01-01T12:00:00Z,-11.25,91.875,-11.474995
2050-01-01T12:00:00Z,-11.25,93.75,-13.716672
2050-01-01T12:00:00Z,-11.25,95.625,-14.387579
2050-01-01T12:00:00Z,-11.25,97.5,-12.17329
2050-01-01T12:00:00Z,-11.25,99.375,-12.931531
2050-01-01T12:00:00Z,-11.25,101.25,-14.693474
2050-01-01T12:00:00Z,-11.25,103.125,-12.297633
2050-01-01T12:00:00Z,-11.25,105.0,-8.090852
2050-01-01T12:00:00Z,-11.25,106.875,-11.036235
2050-01-01T12:00:00Z,-11.25,108.75,-10.1621
2050-01-01T12:00:00Z,-11.25,110.625,-4.406477
2050-01-01T12:00:00Z,-11.25,112.5,-2.4894848
2050-01-01T12:00:00Z,-11.25,114.375,-6.891947
2050-01-01T12:00:00Z,-11.25,116.25,-14.610697
2050-01-01T12:00:00Z,-11.25,118.125,-14.904319
2050-01-01T12:00:00Z,-11.25,120.0,-8.080829
2050-01-01T12:00:00Z,-11.25,121.875,-10.330109
2050-01-01T12:00:00Z,-11.25,123.75,-11.360571
2050-01-01T12:00:00Z,-11.25,125.625,-8.970224
2050-01-01T12:00:00Z,-11.25,127.5,-10.286494
2050-01-01T12:00:00Z,-11.25,129.375,-10.574511
2050-01-01T12:00:00Z,-11.25,131.25,-14.2156105
2050-01-01T12:00:00Z,-11.25,133.125,-17.633518
2050-01-01T12:00:00Z,-11.25,135.0,-9.743402
2050-01-01T12:00:00Z,-11.25,136.875,-2.4363136
2050-01-01T12:00:00Z,-11.25,138.75,-0.99106395
2050-01-01T12:00:00Z,-11.25,140.625,1.3151538
2050-01-01T12:00:00Z,-11.25,142.5,-0.9314613
2050-01-01T12:00:00Z,-11.25,144.375,-8.265749
2050-01-01T12:00:00Z,-11.25,146.25,-12.868138
2050-01-01T12:00:00Z,-11.25,148.125,-15.393601
2050-01-01T12:00:00Z,-11.25,150.0,-19.330294
2050-01-01T12:00:00Z,-11.25,151.875,-14.352429
2050-01-01T12:00:00Z,-11.25,153.75,-16.685373
2050-01-01T12:00:00Z,-11.25,155.625,-18.005405
2050-01-01T12:00:00Z,-11.25,157.5,-13.278783
2050-01-01T12:00:00Z,-11.25,159.375,-10.631841
2050-01-01T12:00:00Z,-11.25,161.25,-10.812121
2050-01-01T12:00:00Z,-11.25,163.125,-11.3067
2050-01-01T12:00:00Z,-11.25,165.0,-7.989727
2050-01-01T12:00:00Z,-11.25,166.875,-7.058098
2050-01-01T12:00:00Z,-11.25,168.75,-7.4876256
2050-01-01T12:00:00Z,-11.25,170.625,-9.875936
2050-01-01T12:00:00Z,-11.25,172.5,-8.282269
2050-01-01T12:00:00Z,-11.25,174.375,-4.7930527
2050-01-01T12:00:00Z,-11.25,176.25,-0.5978327
2050-01-01T12:00:00Z,-11.25,178.125,0.4316574
2050-01-01T12:00:00Z,-11.25,180.0,-0.68165326
2050-01-01T12:00:00Z,-10.0,90.0,-8.417734
2050-01-01T12:00:00Z,-10.0,91.875,-8.877617
2050-01-01T12:00:00Z,-10.0,93.75,-9.830097
2050-01-01T12:00:00Z,-10.0,95.625,-10.810636
2050-01-01T12:00:00Z,-10.0,97.5,-11.145641
2050-01-01T12:00:00Z,-10.0,99.375,-11.450366
2050-01-01T12:00:00Z,-10.0,101.25,-8.689315
2050-01-01T12:00:00Z,-10.0,103.125,-9.6714
2050-01-01T12:00:00Z,-10.0,105.0,-10.81675
2050-01-01T12:00:00Z,-10.0,106.875,-7.488778
2050-01-01T12:00:00Z,-10.0,108.75,-8.016532
2050-01-01T12:00:00Z,-10.0,110.625,-9.248639
2050-01-01T12:00:00Z,-10.0,112.5,-6.4045854
2050-01-01T12:00:00Z,-10.0,114.375,-7.755578
2050-01-01T12:00:00Z,-10.0,116.25,-6.7749906
2050-01-01T12:00:00Z,-10.0,118.125,-5.278746
2050-01-01T12:00:00Z,-10.0,120.0,-5.9428344
2050-01-01T12:00:00Z,-10.0,121.875,-7.783739
2050-01-01T12:00:00Z,-10.0,123.75,-10.059306
2050-01-01T12:00:00Z,-10.0,125.625,-12.715705
2050-01-01T12:00:00Z,-10.0,127.5,-6.350532
2050-01-01T12:00:00Z,-10.0,129.375,-5.038524
2050-01-01T12:00:00Z,-10.0,131.25,-3.5231261
2050-01-01T12:00:00Z,-10.0,133.125,-6.06824
2050-01-01T12:00:00Z,-10.0,135.0,-2.4597487
2050-01-01T12:00:00Z,-10.0,136.875,1.5091827
2050-01-01T12:00:00Z,-10.0,138.75,-0.6048379
2050-01-01T12:00:00Z,-10.0,140.625,-3.985983
2050-01-01T12:00:00Z,-10.0,142.5,-3.7686043
2050-01-01T12:00:00Z,-10.0,144.375,-9.489046
2050-01-01T12:00:00Z,-10.0,146.25,-14.471341
2050-01-01T12:00:00Z,-10.0,148.125,-5.6277814
2050-01-01T12:00:00Z,-10.0,150.0,-12.149992
2050-01-01T12:00:00Z,-10.0,151.875,-12.277004
2050-01-01T12:00:00Z,-10.0,153.75,-8.923872
2050-01-01T12:00:00Z,-10.0,155.625,-12.425936
2050-01-01T12:00:00Z,-10.0,157.5,-9.400091
2050-01-01T12:00:00Z,-10.0,159.375,-9.930542
2050-01-01T12:00:00Z,-10.0,161.25,-10.704696
2050-01-01T12:00:00Z,-10.0,163.125,-9.186684
2050-01-01T12:00:00Z,-10.0,165.0,-6.2536764
2050-01-01T12:00:00Z,-10.0,166.875,-4.2581596
2050-01-01T12:00:00Z,-10.0,168.75,-5.501017
2050-01-01T12:00:00Z,-10.0,170.625,-6.102809
2050-01-01T12:00:00Z,-10.0,172.5,-3.5129163
2050-01-01T12:00:00Z,-10.0,174.375,-0.9853967
2050-01-01T12:00:00Z,-10.0,176.25,-0.72676677
2050-01-01T12:00:00Z,-10.0,178.125,-1.9072526
2050-01-01T12:00:00Z,-10.0,180.0,-1.5460382
2050-01-01T12:00:00Z,-8.75,90.0,0.315386
2050-01-01T12:00:00Z,-8.75,91.875,-5.4406843
2050-01-01T12:00:00Z,-8.75,93.75,-8.611073
2050-01-01T12:00:00Z,-8.75,95.625,-11.514172
2050-01-01T12:00:00Z,-8.75,97.5,-14.0275955
2050-01-01T12:00:00Z,-8.75,99.375,-12.153772
2050-01-01T12:00:00Z,-8.75,101.25,-11.14409
2050-01-01T12:00:00Z,-8.75,103.125,-12.071517
2050-01-01T12:00:00Z,-8.75,105.0,-11.570104
2050-01-01T12:00:00Z,-8.75,106.875,-7.6514387
2050-01-01T12:00:00Z,-8.75,108.75,-7.452781
2050-01-01T12:00:00Z,-8.75,110.625,-13.40459
2050-01-01T12:00:00Z,-8.75,112.5,-10.424054
2050-01-01T12:00:00Z,-8.75,114.375,-6.8051925
2050-01-01T12:00:00Z,-8.75,116.25,-8.41297
2050-01-01T12:00:00Z,-8.75,118.125,-1.5817903
2050-01-01T12:00:00Z,-8.75,120.0,-12.473294
2050-01-01T12:00:00Z,-8.75,121.875,-8.85887
2050-01-01T12:00:00Z,-8.75,123.75,-7.3558083
2050-01-01T12:00:00Z,-8.75,125.625,-11.898816
2050-01-01T12:00:00Z,-8.75,127.5,-12.608583
2050-01-01T12:00:00Z,-8.75,129.375,-5.629681
2050-01-01T12:00:00Z,-8.75,131.25,-5.2434735
2050-01-01T12:00:00Z,-8.75,133.125,-3.8689022
2050-01-01T12:00:00Z,-8.75,135.0,-1.8448634
2050-01-01T12:00:00Z,-8.75,136.875,-3.2397604
2050-01-01T12:00:00Z,-8.75,138.75,-11.688358
2050-01-01T12:00:00Z,-8.75,140.625,-8.206294
2050-01-01T12:00:00Z,-8.75,142.5,-4.3181753
2050-01-01T12:00:00Z,-8.75,144.375,-7.45653
2050-01-01T12:00:00Z,-8.75,146.25,-5.0972643
2050-01-01T12:00:00Z,-8.75,148.125,-2.146861
2050-01-01T12:00:00Z,-8.75,150.0,-17.830328
2050-01-01T12:00:00Z,-8.75,151.875,-6.1233664
2050-01-01T12:00:00Z,-8.75,153.75,-1.9569504
2050-01-01T12:00:00Z,-8.75,155.625,-3.4011395
2050-01-01T12:00:00Z,-8.75,157.5,-5.4732256
2050-01-01T12:00:00Z,-8.75,159.375,-7.4871974
2050-01-01T12:00:00Z,-8.75,161.25,-6.1031313
2050-01-01T12:00:00Z,-8.75,163.125,-3.6262352
2050-01-01T12:00:00Z,-8.75,165.0,-0.6410007
2050-01-01T12:00:00Z,-8.75,166.875,1.9180226
2050-01-01T12:00:00Z,-8.75,168.75,2.3546863
2050-01-01T12:00:00Z,-8.75,170.625,0.9074746
2050-01-01T12:00:00Z,-8.75,172.5,0.1991517
2050-01-01T12:00:00Z,-8.75,174.375,-0.4370108
2050-01-01T12:00:00Z,-8.75,176.25,-2.177742
2050-01-01T12:00:00Z,-8.75,178.125,-2.7252853
2050-01-01T12:00:00Z,-8.75,180.0,-0.8843432
2050-01-01T12:00:00Z,-7.5,90.0,-3.787265
2050-01-01T12:00:00Z,-7.5,91.875,-6.592171
2050-01-01T12:00:00Z,-7.5,93.75,-9.494864
2050-01-01T12:00:00Z,-7.5,95.625,-12.939355
2050-01-01T12:00:00Z,-7.5,97.5,-12.9882145
2050-01-01T12:00:00Z,-7.5,99.375,-11.099184
2050-01-01T12:00:00Z,-7.5,101.25,-10.4467125
2050-01-01T12:00:00Z,-7.5,103.125,-8.25235
2050-01-01T12:00:00Z,-7.5,105.0,-4.700181
2050-01-01T12:00:00Z,-7.5,106.875,-3.5593362
2050-01-01T12:00:00Z,-7.5,108.75,1.8436469
2050-01-01T12:00:00Z,-7.5,110.625,-0.6501175
2050-01-01T12:00:00Z,-7.5,112.5,-0.84128183
2050-01-01T12:00:00Z,-7.5,114.375,-7.724909
2050-01-01T12:00:00Z,-7.5,116.25,-7.533587
2050-01-01T12:00:00Z,-7.5,118.125,-5.4771776
2050-01-01T12:00:00Z,-7.5,120.0,0.1339165
2050-01-01T12:00:00Z,-7.5,121.875,-0.7552245
2050-01-01T12:00:00Z,-7.5,123.75,1.7542802
2050-01-01T12:00:00Z,-7.5,125.625,-5.0313315
2050-01-01T12:00:00Z,-7.5,127.5,-10.718521
2050-01-01T12:00:00Z,-7.5,129.375,-4.418663
2050-01-01T12:00:00Z,-7.5,131.25,-7.673727
2050-01-01T12:00:00Z,-7.5,133.125,-1.5868694
2050-01-01T12:00:00Z,-7.5,135.0,-0.31917316
2050-01-01T12:00:00Z,-7.5,136.875,-3.582271
2050-01-01T12:00:00Z,-7.5,138.75,-2.47104
2050-01-01T12:00:00Z,-7.5,140.625,2.07427
2050-01-01T12:00:00Z,-7.5,142.5,5.553201
2050-01-01T12:00:00Z,-7.5,144.375,-2.2571142
2050-01-01T12:00:00Z,-7.5,146.25,-1.3544214
2050-01-01T12:00:00Z,-7.5,148.125,-7.5304875
2050-01-01T12:00:00Z,-7.5,150.0,-8.244485
2050-01-01T12:00:00Z,-7.5,151.875,4.005013
2050-01-01T12:00:00Z,-7.5,153.75,1.7590101
2050-01-01T12:00:00Z,-7.5,155.625,2.6486998
2050-01-01T12:00:00Z,-7.5,157.5,-0.22158116
2050-01-01T12:00:00Z,-7.5,159.375,-4.8204975
2050-01-01T12:00:00Z,-7.5,161.25,-0.64461845
2050-01-01T12:00:00Z,-7.5,163.125,2.2256727
2050-01-01T12:00:00Z,-7.5,165.0,4.880497
2050-01-01T12:00:00Z,-7.5,166.875,7.1695075
2050-01-01T12:00:00Z,-7.5,168.75,7.231974
2050-01-01T12:00:00Z,-7.5,170.625,5.6171694
2050-01-01T12:00:00Z,-7.5,172.5,2.2155998
2050-01-01T12:00:00Z,-7.5,174.375,0.59197426
2050-01-01T12:00:00Z,-7.5,176.25,0.18608809
2050-01-01T12:00:00Z,-7.5,178.125,0.6127796
2050-01-01T12:00:00Z,-7.5,180.0,1.8476982
2050-01-01T12:00:00Z,-6.25,90.0,-5.1047616
2050-01-01T12:00:00Z,-6.25,91.875,-7.3780622
2050-01-01T12:00:00Z,-6.25,93.75,-11.011361
2050-01-01T12:00:00Z,-6.25,95.625,-12.887258
2050-01-01T12:00:00Z,-6.25,97.5,-11.200111
2050-01-01T12:00:00Z,-6.25,99.375,-9.9270115
2050-01-01T12:00:00Z,-6.25,101.25,-8.850763
2050-01-01T12:00:00Z,-6.25,103.125,-5.4674544
2050-01-01T12:00:00Z,-6.25,105.0,-4.979105
2050-01-01T12:00:00Z,-6.25,106.875,1.5936469
2050-01-01T12:00:00Z,-6.25,108.75,-4.00721
2050-01-01T12:00:00Z,-6.25,110.625,-4.544006
2050-01-01T12:00:00Z,-6.25,112.5,-4.426165
2050-01-01T12:00:00Z,-6.25,114.375,-5.91136
2050-01-01T12:00:00Z,-6.25,116.25,-3.6041334
2050-01-01T12:00:00Z,-6.25,118.125,0.87989706
2050-01-01T12:00:00Z,-6.25,120.0,-2.9647632
2050-01-01T12:00:00Z,-6.25,121.875,-3.7219992
2050-01-01T12:00:00Z,-6.25,123.75,-0.8756257
2050-01-01T12:00:00Z,-6.25,125.625,-3.3090532
2050-01-01T12:00:00Z,-6.25,127.5,-7.8600125
2050-01-01T12:00:00Z,-6.25,129.375,-6.1341133
2050-01-01T12:00:00Z,-6.25,131.25,-1.5980912
2050-01-01T12:00:00Z,-6.25,133.125,-1.6836202
2050-01-01T12:00:00Z,-6.25,135.0,0.9175378
2050-01-01T12:00:00Z,-6.25,136.875,1.064496
2050-01-01T12:00:00Z,-6.25,138.75,8.505783
2050-01-01T12:00:00Z,-6.25,140.625,9.300762
2050-01-01T12:00:00Z,-6.25,142.5,4.988648
2050-01-01T12:00:00Z,-6.25,144.375,14.662042
2050-01-01T12:00:00Z,-6.25,146.25,-1.2004902
2050-01-01T12:00:00Z,-6.25,148.125,-8.615719
2050-01-01T12:00:00Z,-6.25,150.0,-7.8844295
2050-01-01T12:00:00Z,-6.25,151.875,4.4861693
2050-01-01T12:00:00Z,-6.25,153.75,5.124385
2050-01-01T12:00:00Z,-6.25,155.625,-0.47364944
2050-01-01T12:00:00Z,-6.25,157.5,0.6487181
2050-01-01T12:00:00Z,-6.25,159.375,1.3790916
2050-01-01T12:00:00Z,-6.25,161.25,5.430299
2050-01-01T12:00:00Z,-6.25,163.125,7.462298
2050-01-01T12:00:00Z,-6.25,165.0,9.71726
2050-01-01T12:00:00Z,-6.25,166.875,10.622874
2050-01-01T12:00:00Z,-6.25,168.75,11.040801
2050-01-01T12:00:00Z,-6.25,170.625,10.206964
2050-01-01T12:00:00Z,-6.25,172.5,9.017107
2050-01-01T12:00:00Z,-6.25,174.375,7.1295247
2050-01-01T12:00:00Z,-6.25,176.25,6.5748487
2050-01-01T12:00:00Z,-6.25,178.125,8.175061
2050-01-01T12:00:00Z,-6.25,180.0,10.708728
2050-01-01T12:00:00Z,-5.0,90.0,-2.3686965
2050-01-01T12:00:00Z,-5.0,91.875,-6.2722454
2050-01-01T12:00:00Z,-5.0,93.75,-10.228859
2050-01-01T12:00:00Z,-5.0,95.625,-12.698846
2050-01-01T12:00:00Z,-5.0,97.5,-11.930911
2050-01-01T12:00:00Z,-5.0,99.375,-6.7747693
2050-01-01T12:00:00Z,-5.0,101.25,-2.2468007
2050-01-01T12:00:00Z,-5.0,103.125,-2.8554304
2050-01-01T12:00:00Z,-5.0,105.0,0.6857739
2050-01-01T12:00:00Z,-5.0,106.875,-7.758933
2050-01-01T12:00:00Z,-5.0,108.75,-3.1848078
2050-01-01T12:00:00Z,-5.0,110.625,-3.8669004
2050-01-01T12:00:00Z,-5.0,112.5,-4.598412
2050-01-01T12:00:00Z,-5.0,114.375,-4.8619647
2050-01-01T12:00:00Z,-5.0,116.25,-0.59451354
2050-01-01T12:00:00Z,-5.0,118.125,1.6242927
2050-01-01T12:00:00Z,-5.0,120.0,-5.8891563
2050-01-01T12:00:00Z,-5.0,121.875,-9.694184
2050-01-01T12:00:00Z,-5.0,123.75,-8.737388
2050-01-01T12:00:00Z,-5.0,125.625,-7.315672
2050-01-01T12:00:00Z,-5.0,127.5,-6.770773
2050-01-01T12:00:00Z,-5.0,129.375,-3.9399939
2050-01-01T12:00:00Z,-5.0,131.25,0.73036265
2050-01-01T12:00:00Z,-5.0,133.125,4.9225483
2050-01-01T12:00:00Z,-5.0,135.0,2.961537
2050-01-01T12:00:00Z,-5.0,136.875,-2.4978132
2050-01-01T12:00:00Z,-5.0,138.75,-0.9271847
2050-01-01T12:00:00Z,-5.0,140.625,3.5365822
2050-01-01T12:00:00Z,-5.0,142.5,8.759261
2050-01-01T12:00:00Z,-5.0,144.375,6.510341
2050-01-01T12:00:00Z,-5.0,146.25,2.4564266
2050-01-01T12:00:00Z,-5.0,148.125,-0.53922397
2050-01-01T12:00:00Z,-5.0,150.0,-6.514303
2050-01-01T12:00:00Z,-5.0,151.875,8.520577
2050-01-01T12:00:00Z,-5.0,153.75,7.656679
2050-01-01T12:00:00Z,-5.0,155.625,3.7540197
2050-01-01T12:00:00Z,-5.0,157.5,4.546147
2050-01-01T12:00:00Z,-5.0,159.375,7.584252
2050-01-01T12:00:00Z,-5.0,161.25,9.5454855
2050-01-01T12:00:00Z,-5.0,163.125,12.874268
2050-01-01T12:00:00Z,-5.0,165.0,14.154475
2050-01-01T12:00:00Z,-5.0,166.875,15.557427
2050-01-01T12:00:00Z,-5.0,168.75,14.166771
2050-01-01T12:00:00Z,-5.0,170.625,15.398294
2050-01-01T12:00:00Z,-5.0,172.5,18.081417
2050-01-01T12:00:00Z,-5.0,174.375,17.16593
2050-01-01T12:00:00Z,-5.0,176.25,17.160358
2050-01-01T12:00:00Z,-5.0,178.125,18.777792
2050-01-01T12:00:00Z,-5.0,180.0,19.55052
2050-01-01T12:00:00Z,-3.75,90.0,-3.3094134
2050-01-01T12:00:00Z,-3.75,91.875,-6.53827
2050-01-01T12:00:00Z,-3.75,93.75,-6.3852596
2050-01-01T12:00:00Z,-3.75,95.625,-6.279897
2050-01-01T12:00:00Z,-3.75,97.5,-6.178581
2050-01-01T12:00:00Z,-3.75,99.375,-4.8351445
2050-01-01T12:00:00Z,-3.75,101.25,-0.056453187
2050-01-01T12:00:00Z,-3.75,103.125,2.548257
2050-01-01T12:00:00Z,-3.75,105.0,1.3062373
2050-01-01T12:00:00Z,-3.75,106.875,-11.495928
2050-01-01T12:00:00Z,-3.75,108.75,-6.6124177
2050-01-01T12:00:00Z,-3.75,110.625,-5.4678655
2050-01-01T12:00:00Z,-3.75,112.5,-3.5238173
2050-01-01T12:00:00Z,-3.75,114.375,-6.002625
2050-01-01T12:00:00Z,-3.75,116.25,0.841026
2050-01-01T12:00:00Z,-3.75,118.125,0.27981856
2050-01-01T12:00:00Z,-3.75,120.0,-7.67526
2050-01-01T12:00:00Z,-3.75,121.875,-9.423867
2050-01-01T12:00:00Z,-3.75,123.75,-6.20014
2050-01-01T12:00:00Z,-3.75,125.625,-5.1569576
2050-01-01T12:00:00Z,-3.75,127.5,4.3907123
2050-01-01T12:00:00Z,-3.75,129.375,4.248156
2050-01-01T12:00:00Z,-3.75,131.25,5.5733833
2050-01-01T12:00:00Z,-3.75,133.125,10.1745
2050-01-01T12:00:00Z,-3.75,135.0,0.22145662
2050-01-01T12:00:00Z,-3.75,136.875,7.292428
2050-01-01T12:00:00Z,-3.75,138.75,16.859007
2050-01-01T12:00:00Z,-3.75,140.625,6.865857
2050-01-01T12:00:00Z,-3.75,142.5,3.3311856
2050-01-01T12:00:00Z,-3.75,144.375,3.7382371
2050-01-01T12:00:00Z,-3.75,146.25,-3.4272177
2050-01-01T12:00:00Z,-3.75,148.125,-3.318114
2050-01-01T12:00:00Z,-3.75,150.0,-1.8894124
2050-01-01T12:00:00Z,-3.75,151.875,6.9552217
2050-01-01T12:00:00Z,-3.75,153.75,5.066978
2050-01-01T12:00:00Z,-3.75,155.625,6.8669777
2050-01-01T12:00:00Z,-3.75,157.5,7.307628
2050-01-01T12:00:00Z,-3.75,159.375,9.908348
2050-01-01T12:00:00Z,-3.75,161.25,10.624278
2050-01-01T12:00:00Z,-3.75,163.125,13.907308
2050-01-01T12:00:00Z,-3.75,165.0,15.522031
2050-01-01T12:00:00Z,-3.75,166.875,17.175947
2050-01-01T12:00:00Z,-3.75,168.75,19.555922
2050-01-01T12:00:00Z,-3.75,170.625,21.99838
2050-01-01T12:00:00Z,-3.75,172.5,23.712849
2050-01-01T12:00:00Z,-3.75,174.375,24.41188
2050-01-01T12:00:00Z,-3.75,176.25,24.324114
2050-01-01T12:00:00Z,-3.75,178.125,24.548218
2050-01-01T12:00:00Z,-3.75,180.0,22.034458
2050-01-01T12:00:00Z,-2.5,90.0,-1.3456625
2050-01-01T12:00:00Z,-2.5,91.875,-2.72679
2050-01-01T12:00:00Z,-2.5,93.75,-3.7117786
2050-01-01T12:00:00Z,-2.5,95.625,-5.367982
2050-01-01T12:00:00Z,-2.5,97.5,-2.7582347
2050-01-01T12:00:00Z,-2.5,99.375,1.2516817
2050-01-01T12:00:00Z,-2.5,101.25,7.380474
2050-01-01T12:00:00Z,-2.5,103.125,5.289444
2050-01-01T12:00:00Z,-2.5,105.0,3.9936745
2050-01-01T12:00:00Z,-2.5,106.875,-6.9823413
2050-01-01T12:00:00Z,-2.5,108.75,-0.6774451
2050-01-01T12:00:00Z,-2.5,110.625,2.4299667
2050-01-01T12:00:00Z,-2.5,112.5,3.3230255
2050-01-01T12:00:00Z,-2.5,114.375,3.2756946
2050-01-01T12:00:00Z,-2.5,116.25,2.5078318
2050-01-01T12:00:00Z,-2.5,118.125,0.33024397
2050-01-01T12:00:00Z,-2.5,120.0,-3.7315807
2050-01-01T12:00:00Z,-2.5,121.875,-4.2395153
2050-01-01T12:00:00Z,-2.5,123.75,-7.4609947
2050-01-01T12:00:00Z,-2.5,125.625,-5.8794546
2050-01-01T12:00:00Z,-2.5,127.5,-6.844288
2050-01-01T12:00:00Z,-2.5,129.375,-3.0979035
2050-01-01T12:00:00Z,-2.5,131.25,4.115269
2050-01-01T12:00:00Z,-2.5,133.125,6.1191144
2050-01-01T12:00:00Z,-2.5,135.0,4.16473
2050-01-01T12:00:00Z,-2.5,136.875,3.3589368
2050-01-01T12:00:00Z,-2.5,138.75,3.9991212
2050-01-01T12:00:00Z,-2.5,140.625,7.080416
2050-01-01T12:00:00Z,-2.5,142.5,-0.16853435
2050-01-01T12:00:00Z,-2.5,144.375,-2.6335697
2050-01-01T12:00:00Z,-2.5,146.25,-3.694133
2050-01-01T12:00:00Z,-2.5,148.125,-4.2704773
2050-01-01T12:00:00Z,-2.5,150.0,4.074127
2050-01-01T12:00:00Z,-2.5,151.875,1.9980694
2050-01-01T12:00:00Z,-2.5,153.75,6.7909036
2050-01-01T12:00:00Z,-2.5,155.625,7.71429
2050-01-01T12:00:00Z,-2.5,157.5,8.182621
2050-01-01T12:00:00Z,-2.5,159.375,9.15773
2050-01-01T12:00:00Z,-2.5,161.25,8.127183
2050-01-01T12:00:00Z,-2.5,163.125,12.166814
2050-01-01T12:00:00Z,-2.5,165.0,17.061903
2050-01-01T12:00:00Z,-2.5,166.875,19.031586
2050-01-01T12:00:00Z,-2.5,168.75,19.681261
2050-01-01T12:00:00Z,-2.5,170.625,21.95941
2050-01-01T12:00:00Z,-2.5,172.5,25.590302
2050-01-01T12:00:00Z,-2.5,174.375,29.953054
2050-01-01T12:00:00Z,-2.5,176.25,28.920797
2050-01-01T12:00:00Z,-2.5,178.125,31.350042
2050-01-01T12:00:00Z,-2.5,180.0,32.2075
2050-01-01T12:00:00Z,-1.25,90.0,3.6029623
2050-01-01T12:00:00Z,-1.25,91.875,2.7290967
2050-01-01T12:00:00Z,-1.25,93.75,0.77097183
2050-01-01T12:00:00Z,-1.25,95.625,-0.75105166
2050-01-01T12:00:00Z,-1.25,97.5,0.75784725
2050-01-01T12:00:00Z,-1.25,99.375,2.136742
2050-01-01T12:00:00Z,-1.25,101.25,4.8415675
2050-01-01T12:00:00Z,-1.25,103.125,3.000846
2050-01-01T12:00:00Z,-1.25,105.0,-2.1971452
2050-01-01T12:00:00Z,-1.25,106.875,-5.8429017
2050-01-01T12:00:00Z,-1.25,108.75,-1.96719
2050-01-01T12:00:00Z,-1.25,110.625,3.8794606
2050-01-01T12:00:00Z,-1.25,112.5,4.354756
2050-01-01T12:00:00Z,-1.25,114.375,9.139333
2050-01-01T12:00:00Z,-1.25,116.25,8.361779
2050-01-01T12:00:00Z,-1.25,118.125,4.031946
2050-01-01T12:00:00Z,-1.25,120.0,3.0674598
2050-01-01T12:00:00Z,-1.25,121.875,2.7870471
2050-01-01T12:00:00Z,-1.25,123.75,-2.885672
2050-01-01T12:00:00Z,-1.25,125.625,-3.5075386
2050-01-01T12:00:00Z,-1.25,127.5,-1.2764156
2050-01-01T12:00:00Z,-1.25,129.375,5.6203747
2050-01-01T12:00:00Z,-1.25,131.25,4.5596023
2050-01-01T12:00:00Z,-1.25,133.125,8.092213
2050-01-01T12:00:00Z,-1.25,135.0,3.0238628
2050-01-01T12:00:00Z,-1.25,136.875,7.28068
2050-01-01T12:00:00Z,-1.25,138.75,6.345658
2050-01-01T12:00:00Z,-1.25,140.625,0.8200001
2050-01-01T12:00:00Z,-1.25,142.5,-0.3620944
2050-01-01T12:00:00Z,-1.25,144.375,-0.22792453
2050-01-01T12:00:00Z,-1.25,146.25,-2.7581663
2050-01-01T12:00:00Z,-1.25,148.125,0.4541162
2050-01-01T12:00:00Z,-1.25,150.0,9.315558
2050-01-01T12:00:00Z,-1.25,151.875,7.567561
2050-01-01T12:00:00Z,-1.25,153.75,7.079359
2050-01-01T12:00:00Z,-1.25,155.625,8.008068
2050-01-01T12:00:00Z,-1.25,157.5,8.453238
2050-01-01T12:00:00Z,-1.25,159.375,7.763974
2050-01-01T12:00:00Z,-1.25,161.25,8.597602
2050-01-01T12:00:00Z,-1.25,163.125,11.321209
2050-01-01T12:00:00Z,-1.25,165.0,15.160092
2050-01-01T12:00:00Z,-1.25,166.875,16.779566
2050-01-01T12:00:00Z,-1.25,168.75,17.419783
2050-01-01T12:00:00Z,-1.25,170.625,17.900883
2050-01-01T12:00:00Z,-1.25,172.5,24.697376
2050-01-01T12:00:00Z,-1.25,174.375,30.523216
2050-01-01T12:00:00Z,-1.25,176.25,30.026384
2050-01-01T12:00:00Z,-1.25,178.125,32.30989
2050-01-01T12:00:00Z,-1.25,180.0,37.691372
2050-01-01T12:00:00Z,0.0,90.0,6.757216
2050-01-01T12:00:00Z,0.0,91.875,5.5145235
2050-01-01T12:00:00Z,0.0,93.75,3.103801
2050-01-01T12:00:00Z,0.0,95.625,3.15393
2050-01-01T12:00:00Z,0.0,97.5,2.2442632
2050-01-01T12:00:00Z,0.0,99.375,-3.7241619
2050-01-01T12:00:00Z,0.0,101.25,7.0291977
2050-01-01T12:00:00Z,0.0,103.125,6.767058
2050-01-01T12:00:00Z,0.0,105.0,-6.2709136
2050-01-01T12:00:00Z,0.0,106.875,-5.2162685
2050-01-01T12:00:00Z,0.0,108.75,2.4813569
2050-01-01T12:00:00Z,0.0,110.625,9.005588
2050-01-01T12:00:00Z,0.0,112.5,6.6352577
2050-01-01T12:00:00Z,0.0,114.375,8.553521
2050-01-01T12:00:00Z,0.0,116.25,8.843672
2050-01-01T12:00:00Z,0.0,118.125,4.9659142
2050-01-01T12:00:00Z,0.0,120.0,9.451929
2050-01-01T12:00:00Z,0.0,121.875,1.0219123
2050-01-01T12:00:00Z,0.0,123.75,-5.6335425
2050-01-01T12:00:00Z,0.0,125.625,1.2084448
2050-01-01T12:00:00Z,0.0,127.5,7.1193075
2050-01-01T12:00:00Z,0.0,129.375,3.6445289
2050-01-01T12:00:00Z,0.0,131.25,4.610818
2050-01-01T12:00:00Z,0.0,133.125,7.091299
2050-01-01T12:00:00Z,0.0,135.0,9.635316
2050-01-01T12:00:00Z,0.0,136.875,9.549278
2050-01-01T12:00:00Z,0.0,138.75,8.626116
2050-01-01T12:00:00Z,0.0,140.625,5.3999085
2050-01-01T12:00:00Z,0.0,142.5,7.007199
2050-01-01T12:00:00Z,0.0,144.375,5.3741355
2050-01-01T12:00:00Z,0.0,146.25,3.037873
2050-01-01T12:00:00Z,0.0,148.125,9.259173
2050-01-01T12:00:00Z,0.0,150.0,16.584587
2050-01-01T12:00:00Z,0.0,151.875,13.834614
2050-01-01T12:00:00Z,0.0,153.75,12.990691
2050-01-01T12:00:00Z,0.0,155.625,9.519577
2050-01-01T12:00:00Z,0.0,157.5,10.933026
2050-01-01T12:00:00Z,0.0,159.375,11.412166
2050-01-01T12:00:00Z,0.0,161.25,10.270303
2050-01-01T12:00:00Z,0.0,163.125,12.543954
2050-01-01T12:00:00Z,0.0,165.0,16.274921
2050-01-01T12:00:00Z,0.0,166.875,17.282993
2050-01-01T12:00:00Z,0.0,168.75,16.212997
2050-01-01T12:00:00Z,0.0,170.625,17.92828
2050-01-01T12:00:00Z,0.0,172.5,24.644407
2050-01-01T12:00:00Z,0.0,174.375,27.774069
2050-01-01T12:00:00Z,0.0,176.25,25.40149
2050-01-01T12:00:00Z,0.0,178.125,28.709913
2050-01-01T12:00:00Z,0.0,180.0,35.839077
