time,latitude,longitude,rsds_annual
UTC,degrees_north,degrees_east,Percent change
2090-01-01T12:00:00Z,-50.0,90.0,-4.066239
2090-01-01T12:00:00Z,-50.0,91.875,-4.0941796
2090-01-01T12:00:00Z,-50.0,93.75,-4.432492
2090-01-01T12:00:00Z,-50.0,95.625,-4.597659
2090-01-01T12:00:00Z,-50.0,97.5,-4.7486386
2090-01-01T12:00:00Z,-50.0,99.375,-4.5907364
2090-01-01T12:00:00Z,-50.0,101.25,-4.6925282
2090-01-01T12:00:00Z,-50.0,103.125,-4.8629217
2090-01-01T12:00:00Z,-50.0,105.0,-5.0510173
2090-01-01T12:00:00Z,-50.0,106.875,-5.0068407
2090-01-01T12:00:00Z,-50.0,108.75,-4.9613895
2090-01-01T12:00:00Z,-50.0,110.625,-4.693571
2090-01-01T12:00:00Z,-50.0,112.5,-4.307528
2090-01-01T12:00:00Z,-50.0,114.375,-4.1702156
2090-01-01T12:00:00Z,-50.0,116.25,-3.9437664
2090-01-01T12:00:00Z,-50.0,118.125,-3.8861353
2090-01-01T12:00:00Z,-50.0,120.0,-4.1567626
2090-01-01T12:00:00Z,-50.0,121.875,-4.02871
2090-01-01T12:00:00Z,-50.0,123.75,-4.163632
2090-01-01T12:00:00Z,-50.0,125.625,-3.916002
2090-01-01T12:00:00Z,-50.0,127.5,-3.5330317
2090-01-01T12:00:00Z,-50.0,129.375,-3.5574665
2090-01-01T12:00:00Z,-50.0,131.25,-3.7602189
2090-01-01T12:00:00Z,-50.0,133.125,-4.147878
2090-01-01T12:00:00Z,-50.0,135.0,-4.2174788
2090-01-01T12:00:00Z,-50.0,136.875,-4.565705
2090-01-01T12:00:00Z,-50.0,138.75,-4.592065
2090-01-01T12:00:00Z,-50.0,140.625,-4.3994894
2090-01-01T12:00:00Z,-50.0,142.5,-4.314955
2090-01-01T12:00:00Z,-50.0,144.375,-4.271558
2090-01-01T12:00:00Z,-50.0,146.25,-3.4109075
2090-01-01T12:00:00Z,-50.0,148.125,-2.186674
2090-01-01T12:00:00Z,-50.0,150.0,-1.6940984
2090-01-01T12:00:00Z,-50.0,151.875,-1.7715071
2090-01-01T12:00:00Z,-50.0,153.75,-2.106064
2090-01-01T12:00:00Z,-50.0,155.625,-2.5049648
2090-01-01T12:00:00Z,-50.0,157.5,-2.6590083
2090-01-01T12:00:00Z,-50.0,159.375,-2.6911783
2090-01-01T12:00:00Z,-50.0,161.25,-3.0488536
2090-01-01T12:00:00Z,-50.0,163.125,-3.7239058
2090-01-01T12:00:00Z,-50.0,165.0,-3.549701
2090-01-01T12:00:00Z,-50.0,166.875,-3.555479
2090-01-01T12:00:00Z,-50.0,168.75,-3.0141304
2090-01-01T12:00:00Z,-50.0,170.625,-3.2084148
2090-01-01T12:00:00Z,-50.0,172.5,-3.1799352
2090-01-01T12:00:00Z,-50.0,174.375,-3.6595042
2090-01-01T12:00:00Z,-50.0,176.25,-3.944549
2090-01-01T12:00:00Z,-50.0,178.125,-3.9945226
2090-01-01T12:00:00Z,-50.0,180.0,-3.8508246
2090-01-01T12:00:00Z,-48.75,90.0,-3.4940777
2090-01-01T12:00:00Z,-48.75,91.875,-3.499924
2090-01-01T12:00:00Z,-48.75,93.75,-3.6010144
2090-01-01T12:00:00Z,-48.75,95.625,-3.6125984
2090-01-01T12:00:00Z,-48.75,97.5,-3.7179618
2090-01-01T12:00:00Z,-48.75,99.375,-3.8849645
2090-01-01T12:00:00Z,-48.75,101.25,-3.7923574
2090-01-01T12:00:00Z,-48.75,103.125,-3.7725918
2090-01-01T12:00:00Z,-48.75,105.0,-4.034341
2090-01-01T12:00:00Z,-48.75,106.875,-4.338226
2090-01-01T12:00:00Z,-48.75,108.75,-4.2024994
2090-01-01T12:00:00Z,-48.75,110.625,-3.5262012
2090-01-01T12:00:00Z,-48.75,112.5,-3.3869486
2090-01-01T12:00:00Z,-48.75,114.375,-3.212089
2090-01-01T12:00:00Z,-48.75,116.25,-3.3503494
2090-01-01T12:00:00Z,-48.75,118.125,-3.8292942
2090-01-01T12:00:00Z,-48.75,120.0,-3.7057073
2090-01-01T12:00:00Z,-48.75,121.875,-3.833154
2090-01-01T12:00:00Z,-48.75,123.75,-3.6278646
2090-01-01T12:00:00Z,-48.75,125.625,-3.4126263
2090-01-01T12:00:00Z,-48.75,127.5,-3.1145837
2090-01-01T12:00:00Z,-48.75,129.375,-3.1080723
2090-01-01T12:00:00Z,-48.75,131.25,-3.5017807
2090-01-01T12:00:00Z,-48.75,133.125,-3.6721568
2090-01-01T12:00:00Z,-48.75,135.0,-3.8874137
2090-01-01T12:00:00Z,-48.75,136.875,-4.1525044
2090-01-01T12:00:00Z,-48.75,138.75,-4.0451765
2090-01-01T12:00:00Z,-48.75,140.625,-3.542425
2090-01-01T12:00:00Z,-48.75,142.5,-3.0156968
2090-01-01T12:00:00Z,-48.75,144.375,-2.5197697
2090-01-01T12:00:00Z,-48.75,146.25,-2.205558
2090-01-01T12:00:00Z,-48.75,148.125,-1.4473187
2090-01-01T12:00:00Z,-48.75,150.0,-1.0910088
2090-01-01T12:00:00Z,-48.75,151.875,-1.310579
2090-01-01T12:00:00Z,-48.75,153.75,-1.7255654
2090-01-01T12:00:00Z,-48.75,155.625,-1.5186671
2090-01-01T12:00:00Z,-48.75,157.5,-1.6050509
2090-01-01T12:00:00Z,-48.75,159.375,-1.5895165
2090-01-01T12:00:00Z,-48.75,161.25,-1.9392179
2090-01-01T12:00:00Z,-48.75,163.125,-2.429847
2090-01-01T12:00:00Z,-48.75,165.0,-2.996706
2090-01-01T12:00:00Z,-48.75,166.875,-3.2810245
2090-01-01T12:00:00Z,-48.75,168.75,-2.7360177
2090-01-01T12:00:00Z,-48.75,170.625,-2.169478
2090-01-01T12:00:00Z,-48.75,172.5,-2.0955427
2090-01-01T12:00:00Z,-48.75,174.375,-2.6978815
2090-01-01T12:00:00Z,-48.75,176.25,-2.938168
2090-01-01T12:00:00Z,-48.75,178.125,-3.355561
2090-01-01T12:00:00Z,-48.75,180.0,-2.8712826
2090-01-01T12:00:00Z,-47.5,90.0,-3.0301561
2090-01-01T12:00:00Z,-47.5,91.875,-2.9326603
2090-01-01T12:00:00Z,-47.5,93.75,-2.9847646
2090-01-01T12:00:00Z,-47.5,95.625,-3.123935
2090-01-01T12:00:00Z,-47.5,97.5,-3.6097143
2090-01-01T12:00:00Z,-47.5,99.375,-3.7142794
2090-01-01T12:00:00Z,-47.5,101.25,-3.2816653
2090-01-01T12:00:00Z,-47.5,103.125,-2.9347634
2090-01-01T12:00:00Z,-47.5,105.0,-3.0273645
2090-01-01T12:00:00Z,-47.5,106.875,-3.3003948
2090-01-01T12:00:00Z,-47.5,108.75,-2.830036
2090-01-01T12:00:00Z,-47.5,110.625,-2.5643299
2090-01-01T12:00:00Z,-47.5,112.5,-2.4441404
2090-01-01T12:00:00Z,-47.5,114.375,-2.5733519
2090-01-01T12:00:00Z,-47.5,116.25,-2.9819314
2090-01-01T12:00:00Z,-47.5,118.125,-3.3507237
2090-01-01T12:00:00Z,-47.5,120.0,-3.422841
2090-01-01T12:00:00Z,-47.5,121.875,-3.3654604
2090-01-01T12:00:00Z,-47.5,123.75,-3.1656206
2090-01-01T12:00:00Z,-47.5,125.625,-2.8124254
2090-01-01T12:00:00Z,-47.5,127.5,-2.6462
2090-01-01T12:00:00Z,-47.5,129.375,-2.7011135
2090-01-01T12:00:00Z,-47.5,131.25,-2.8029816
2090-01-01T12:00:00Z,-47.5,133.125,-3.0043082
2090-01-01T12:00:00Z,-47.5,135.0,-3.4768834
2090-01-01T12:00:00Z,-47.5,136.875,-3.6673265
2090-01-01T12:00:00Z,-47.5,138.75,-3.1306121
2090-01-01T12:00:00Z,-47.5,140.625,-2.3061895
2090-01-01T12:00:00Z,-47.5,142.5,-1.7185606
2090-01-01T12:00:00Z,-47.5,144.375,-1.8115342
2090-01-01T12:00:00Z,-47.5,146.25,-2.0167253
2090-01-01T12:00:00Z,-47.5,148.125,-1.7843778
2090-01-01T12:00:00Z,-47.5,150.0,-1.433867
2090-01-01T12:00:00Z,-47.5,151.875,-1.0132486
2090-01-01T12:00:00Z,-47.5,153.75,-0.7332933
2090-01-01T12:00:00Z,-47.5,155.625,-0.33831674
2090-01-01T12:00:00Z,-47.5,157.5,-0.19682088
2090-01-01T12:00:00Z,-47.5,159.375,-0.43108195
2090-01-01T12:00:00Z,-47.5,161.25,-0.9583158
2090-01-01T12:00:00Z,-47.5,163.125,-1.6213698
2090-01-01T12:00:00Z,-47.5,165.0,-2.3289144
2090-01-01T12:00:00Z,-47.5,166.875,-2.0585008
2090-01-01T12:00:00Z,-47.5,168.75,-0.7721482
2090-01-01T12:00:00Z,-47.5,170.625,-1.2129924
2090-01-01T12:00:00Z,-47.5,172.5,-1.5612506
2090-01-01T12:00:00Z,-47.5,174.375,-2.179631
2090-01-01T12:00:00Z,-47.5,176.25,-2.1899986
2090-01-01T12:00:00Z,-47.5,178.125,-2.21218
2090-01-01T12:00:00Z,-47.5,180.0,-2.2676773
2090-01-01T12:00:00Z,-46.25,90.0,-2.5321746
2090-01-01T12:00:00Z,-46.25,91.875,-2.3662255
2090-01-01T12:00:00Z,-46.25,93.75,-2.5778348
2090-01-01T12:00:00Z,-46.25,95.625,-2.8472679
2090-01-01T12:00:00Z,-46.25,97.5,-3.0286446
2090-01-01T12:00:00Z,-46.25,99.375,-3.1877584
2090-01-01T12:00:00Z,-46.25,101.25,-2.9555557
2090-01-01T12:00:00Z,-46.25,103.125,-2.6474955
2090-01-01T12:00:00Z,-46.25,105.0,-2.2771628
2090-01-01T12:00:00Z,-46.25,106.875,-2.1847897
2090-01-01T12:00:00Z,-46.25,108.75,-1.9306159
2090-01-01T12:00:00Z,-46.25,110.625,-1.7455287
2090-01-01T12:00:00Z,-46.25,112.5,-1.6927159
2090-01-01T12:00:00Z,-46.25,114.375,-2.196581
2090-01-01T12:00:00Z,-46.25,116.25,-2.682905
2090-01-01T12:00:00Z,-46.25,118.125,-2.821053
2090-01-01T12:00:00Z,-46.25,120.0,-2.729073
2090-01-01T12:00:00Z,-46.25,121.875,-2.3234115
2090-01-01T12:00:00Z,-46.25,123.75,-2.237561
2090-01-01T12:00:00Z,-46.25,125.625,-2.0927777
2090-01-01T12:00:00Z,-46.25,127.5,-1.7110437
2090-01-01T12:00:00Z,-46.25,129.375,-1.7615931
2090-01-01T12:00:00Z,-46.25,131.25,-1.7825625
2090-01-01T12:00:00Z,-46.25,133.125,-2.3932643
2090-01-01T12:00:00Z,-46.25,135.0,-2.5932028
2090-01-01T12:00:00Z,-46.25,136.875,-2.5110843
2090-01-01T12:00:00Z,-46.25,138.75,-1.8680921
2090-01-01T12:00:00Z,-46.25,140.625,-1.9549285
2090-01-01T12:00:00Z,-46.25,142.5,-2.294766
2090-01-01T12:00:00Z,-46.25,144.375,-2.56167
2090-01-01T12:00:00Z,-46.25,146.25,-3.0190182
2090-01-01T12:00:00Z,-46.25,148.125,-2.537442
2090-01-01T12:00:00Z,-46.25,150.0,-1.7106651
2090-01-01T12:00:00Z,-46.25,151.875,-0.043051414
2090-01-01T12:00:00Z,-46.25,153.75,0.70075774
2090-01-01T12:00:00Z,-46.25,155.625,1.0459106
2090-01-01T12:00:00Z,-46.25,157.5,0.7316295
2090-01-01T12:00:00Z,-46.25,159.375,0.54872817
2090-01-01T12:00:00Z,-46.25,161.25,0.27013004
2090-01-01T12:00:00Z,-46.25,163.125,-0.39620805
2090-01-01T12:00:00Z,-46.25,165.0,-0.7938131
2090-01-01T12:00:00Z,-46.25,166.875,0.343068
2090-01-01T12:00:00Z,-46.25,168.75,1.3283072
2090-01-01T12:00:00Z,-46.25,170.625,0.706642
2090-01-01T12:00:00Z,-46.25,172.5,-0.92055845
2090-01-01T12:00:00Z,-46.25,174.375,-1.4664485
2090-01-01T12:00:00Z,-46.25,176.25,-1.3911144
2090-01-01T12:00:00Z,-46.25,178.125,-1.7761871
2090-01-01T12:00:00Z,-46.25,180.0,-1.9248673
2090-01-01T12:00:00Z,-45.0,90.0,-2.6792123
2090-01-01T12:00:00Z,-45.0,91.875,-2.1937184
2090-01-01T12:00:00Z,-45.0,93.75,-2.2679057
2090-01-01T12:00:00Z,-45.0,95.625,-2.4718237
2090-01-01T12:00:00Z,-45.0,97.5,-2.8783734
2090-01-01T12:00:00Z,-45.0,99.375,-3.0896637
2090-01-01T12:00:00Z,-45.0,101.25,-2.9332492
2090-01-01T12:00:00Z,-45.0,103.125,-2.484532
2090-01-01T12:00:00Z,-45.0,105.0,-1.855889
2090-01-01T12:00:00Z,-45.0,106.875,-1.3399262
2090-01-01T12:00:00Z,-45.0,108.75,-1.2143009
2090-01-01T12:00:00Z,-45.0,110.625,-1.2075081
2090-01-01T12:00:00Z,-45.0,112.5,-1.5516243
2090-01-01T12:00:00Z,-45.0,114.375,-2.0493321
2090-01-01T12:00:00Z,-45.0,116.25,-2.3485675
2090-01-01T12:00:00Z,-45.0,118.125,-2.2096376
2090-01-01T12:00:00Z,-45.0,120.0,-1.8571446
2090-01-01T12:00:00Z,-45.0,121.875,-1.7848643
2090-01-01T12:00:00Z,-45.0,123.75,-1.51769
2090-01-01T12:00:00Z,-45.0,125.625,-1.1483638
2090-01-01T12:00:00Z,-45.0,127.5,-0.7046014
2090-01-01T12:00:00Z,-45.0,129.375,-1.165116
2090-01-01T12:00:00Z,-45.0,131.25,-1.3669835
2090-01-01T12:00:00Z,-45.0,133.125,-1.5421814
2090-01-01T12:00:00Z,-45.0,135.0,-1.7932682
2090-01-01T12:00:00Z,-45.0,136.875,-1.9312273
2090-01-01T12:00:00Z,-45.0,138.75,-1.6744207
2090-01-01T12:00:00Z,-45.0,140.625,-2.2396228
2090-01-01T12:00:00Z,-45.0,142.5,-2.4379632
2090-01-01T12:00:00Z,-45.0,144.375,-1.982973
2090-01-01T12:00:00Z,-45.0,146.25,-2.1255262
2090-01-01T12:00:00Z,-45.0,148.125,-1.7358522
2090-01-01T12:00:00Z,-45.0,150.0,-2.7092397
2090-01-01T12:00:00Z,-45.0,151.875,-1.0030006
2090-01-01T12:00:00Z,-45.0,153.75,1.1364212
2090-01-01T12:00:00Z,-45.0,155.625,1.2084769
2090-01-01T12:00:00Z,-45.0,157.5,1.0407988
2090-01-01T12:00:00Z,-45.0,159.375,0.86529756
2090-01-01T12:00:00Z,-45.0,161.25,0.587649
2090-01-01T12:00:00Z,-45.0,163.125,0.51994056
2090-01-01T12:00:00Z,-45.0,165.0,0.3235032
2090-01-01T12:00:00Z,-45.0,166.875,1.4043585
2090-01-01T12:00:00Z,-45.0,168.75,2.5746267
2090-01-01T12:00:00Z,-45.0,170.625,1.6615114
2090-01-01T12:00:00Z,-45.0,172.5,-0.34514946
2090-01-01T12:00:00Z,-45.0,174.375,-0.69906044
2090-01-01T12:00:00Z,-45.0,176.25,-1.2977799
2090-01-01T12:00:00Z,-45.0,178.125,-1.821418
2090-01-01T12:00:00Z,-45.0,180.0,-1.7100103
2090-01-01T12:00:00Z,-43.75,90.0,-2.2065833
2090-01-01T12:00:00Z,-43.75,91.875,-2.329518
2090-01-01T12:00:00Z,-43.75,93.75,-2.392183
2090-01-01T12:00:00Z,-43.75,95.625,-2.3593392
2090-01-01T12:00:00Z,-43.75,97.5,-2.7382991
2090-01-01T12:00:00Z,-43.75,99.375,-2.815813
2090-01-01T12:00:00Z,-43.75,101.25,-2.5211325
2090-01-01T12:00:00Z,-43.75,103.125,-1.7353938
2090-01-01T12:00:00Z,-43.75,105.0,-1.2517128
2090-01-01T12:00:00Z,-43.75,106.875,-1.1822901
2090-01-01T12:00:00Z,-43.75,108.75,-1.2577667
2090-01-01T12:00:00Z,-43.75,110.625,-1.4511814
2090-01-01T12:00:00Z,-43.75,112.5,-1.4320025
2090-01-01T12:00:00Z,-43.75,114.375,-1.6416665
2090-01-01T12:00:00Z,-43.75,116.25,-1.4759028
2090-01-01T12:00:00Z,-43.75,118.125,-1.4269058
2090-01-01T12:00:00Z,-43.75,120.0,-1.1405466
2090-01-01T12:00:00Z,-43.75,121.875,-0.95130575
2090-01-01T12:00:00Z,-43.75,123.75,-1.1457268
2090-01-01T12:00:00Z,-43.75,125.625,-0.74657315
2090-01-01T12:00:00Z,-43.75,127.5,-0.71802026
2090-01-01T12:00:00Z,-43.75,129.375,-0.7853595
2090-01-01T12:00:00Z,-43.75,131.25,-0.70562613
2090-01-01T12:00:00Z,-43.75,133.125,-0.5846588
2090-01-01T12:00:00Z,-43.75,135.0,-0.9846728
2090-01-01T12:00:00Z,-43.75,136.875,-0.98365974
2090-01-01T12:00:00Z,-43.75,138.75,-1.1963084
2090-01-01T12:00:00Z,-43.75,140.625,-1.86886
2090-01-01T12:00:00Z,-43.75,142.5,-1.2120442
2090-01-01T12:00:00Z,-43.75,144.375,0.35293934
2090-01-01T12:00:00Z,-43.75,146.25,1.9520317
2090-01-01T12:00:00Z,-43.75,148.125,0.63443863
2090-01-01T12:00:00Z,-43.75,150.0,-1.0973932
2090-01-01T12:00:00Z,-43.75,151.875,-1.2391992
2090-01-01T12:00:00Z,-43.75,153.75,0.71592325
2090-01-01T12:00:00Z,-43.75,155.625,1.6662087
2090-01-01T12:00:00Z,-43.75,157.5,1.5018549
2090-01-01T12:00:00Z,-43.75,159.375,1.2835668
2090-01-01T12:00:00Z,-43.75,161.25,1.165849
2090-01-01T12:00:00Z,-43.75,163.125,1.2107034
2090-01-01T12:00:00Z,-43.75,165.0,0.9958559
2090-01-01T12:00:00Z,-43.75,166.875,0.73170674
2090-01-01T12:00:00Z,-43.75,168.75,1.8210219
2090-01-01T12:00:00Z,-43.75,170.625,1.462225
2090-01-01T12:00:00Z,-43.75,172.5,0.12450273
2090-01-01T12:00:00Z,-43.75,174.375,-0.81913364
2090-01-01T12:00:00Z,-43.75,176.25,-1.188116
2090-01-01T12:00:00Z,-43.75,178.125,-1.6342483
2090-01-01T12:00:00Z,-43.75,180.0,-1.5511621
2090-01-01T12:00:00Z,-42.5,90.0,-2.102486
2090-01-01T12:00:00Z,-42.5,91.875,-2.211274
2090-01-01T12:00:00Z,-42.5,93.75,-2.4657161
2090-01-01T12:00:00Z,-42.5,95.625,-2.8918593
2090-01-01T12:00:00Z,-42.5,97.5,-2.8615675
2090-01-01T12:00:00Z,-42.5,99.375,-2.2966223
2090-01-01T12:00:00Z,-42.5,101.25,-1.7340808
2090-01-01T12:00:00Z,-42.5,103.125,-1.3976672
2090-01-01T12:00:00Z,-42.5,105.0,-1.0636744
2090-01-01T12:00:00Z,-42.5,106.875,-1.2104626
2090-01-01T12:00:00Z,-42.5,108.75,-1.2758393
2090-01-01T12:00:00Z,-42.5,110.625,-1.3439639
2090-01-01T12:00:00Z,-42.5,112.5,-1.0489055
2090-01-01T12:00:00Z,-42.5,114.375,-1.0479188
2090-01-01T12:00:00Z,-42.5,116.25,-0.9865292
2090-01-01T12:00:00Z,-42.5,118.125,-0.88800144
2090-01-01T12:00:00Z,-42.5,120.0,-0.8510044
2090-01-01T12:00:00Z,-42.5,121.875,-0.875094
2090-01-01T12:00:00Z,-42.5,123.75,-0.9816952
2090-01-01T12:00:00Z,-42.5,125.625,-0.585026
2090-01-01T12:00:00Z,-42.5,127.5,-0.39650798
2090-01-01T12:00:00Z,-42.5,129.375,-0.53451043
2090-01-01T12:00:00Z,-42.5,131.25,-0.6349205
2090-01-01T12:00:00Z,-42.5,133.125,-0.68677723
2090-01-01T12:00:00Z,-42.5,135.0,-0.32460523
2090-01-01T12:00:00Z,-42.5,136.875,0.045359764
2090-01-01T12:00:00Z,-42.5,138.75,-0.42981297
2090-01-01T12:00:00Z,-42.5,140.625,-0.5299671
2090-01-01T12:00:00Z,-42.5,142.5,0.046228155
2090-01-01T12:00:00Z,-42.5,144.375,1.7305863
2090-01-01T12:00:00Z,-42.5,146.25,4.364738
2090-01-01T12:00:00Z,-42.5,148.125,6.5048156
2090-01-01T12:00:00Z,-42.5,150.0,2.501991
2090-01-01T12:00:00Z,-42.5,151.875,1.0214617
2090-01-01T12:00:00Z,-42.5,153.75,1.9170748
2090-01-01T12:00:00Z,-42.5,155.625,2.899275
2090-01-01T12:00:00Z,-42.5,157.5,2.5631173
2090-01-01T12:00:00Z,-42.5,159.375,1.774462
2090-01-01T12:00:00Z,-42.5,161.25,1.4331151
2090-01-01T12:00:00Z,-42.5,163.125,1.3038241
2090-01-01T12:00:00Z,-42.5,165.0,0.8983487
2090-01-01T12:00:00Z,-42.5,166.875,0.6085821
2090-01-01T12:00:00Z,-42.5,168.75,0.45010412
2090-01-01T12:00:00Z,-42.5,170.625,1.2127235
2090-01-01T12:00:00Z,-42.5,172.5,0.9843023
2090-01-01T12:00:00Z,-42.5,174.375,-0.4756479
2090-01-01T12:00:00Z,-42.5,176.25,-1.1310532
2090-01-01T12:00:00Z,-42.5,178.125,-1.1508976
2090-01-01T12:00:00Z,-42.5,180.0,-0.7049436
2090-01-01T12:00:00Z,-41.25,90.0,-2.2820969
2090-01-01T12:00:00Z,-41.25,91.875,-2.3065386
2090-01-01T12:00:00Z,-41.25,93.75,-2.3799717
2090-01-01T12:00:00Z,-41.25,95.625,-2.243341
2090-01-01T12:00:00Z,-41.25,97.5,-1.9747013
2090-01-01T12:00:00Z,-41.25,99.375,-1.5840557
2090-01-01T12:00:00Z,-41.25,101.25,-1.1900052
2090-01-01T12:00:00Z,-41.25,103.125,-1.1272
2090-01-01T12:00:00Z,-41.25,105.0,-1.0711565
2090-01-01T12:00:00Z,-41.25,106.875,-1.1564677
2090-01-01T12:00:00Z,-41.25,108.75,-1.2697417
2090-01-01T12:00:00Z,-41.25,110.625,-1.2085158
2090-01-01T12:00:00Z,-41.25,112.5,-1.0373353
2090-01-01T12:00:00Z,-41.25,114.375,-0.8829021
2090-01-01T12:00:00Z,-41.25,116.25,-0.7989097
2090-01-01T12:00:00Z,-41.25,118.125,-0.8763974
2090-01-01T12:00:00Z,-41.25,120.0,-0.99793386
2090-01-01T12:00:00Z,-41.25,121.875,-1.1668024
2090-01-01T12:00:00Z,-41.25,123.75,-1.4705349
2090-01-01T12:00:00Z,-41.25,125.625,-1.3149773
2090-01-01T12:00:00Z,-41.25,127.5,-1.1735371
2090-01-01T12:00:00Z,-41.25,129.375,-0.8133109
2090-01-01T12:00:00Z,-41.25,131.25,-0.691856
2090-01-01T12:00:00Z,-41.25,133.125,-0.24388845
2090-01-01T12:00:00Z,-41.25,135.0,0.37569204
2090-01-01T12:00:00Z,-41.25,136.875,0.46324483
2090-01-01T12:00:00Z,-41.25,138.75,0.8580618
2090-01-01T12:00:00Z,-41.25,140.625,0.84697753
2090-01-01T12:00:00Z,-41.25,142.5,1.1838009
2090-01-01T12:00:00Z,-41.25,144.375,2.7382562
2090-01-01T12:00:00Z,-41.25,146.25,4.412893
2090-01-01T12:00:00Z,-41.25,148.125,4.1499133
2090-01-01T12:00:00Z,-41.25,150.0,0.85764444
2090-01-01T12:00:00Z,-41.25,151.875,0.2597283
2090-01-01T12:00:00Z,-41.25,153.75,1.1292077
2090-01-01T12:00:00Z,-41.25,155.625,2.7532306
2090-01-01T12:00:00Z,-41.25,157.5,2.5884497
2090-01-01T12:00:00Z,-41.25,159.375,1.0144274
2090-01-01T12:00:00Z,-41.25,161.25,0.44344097
2090-01-01T12:00:00Z,-41.25,163.125,0.5658972
2090-01-01T12:00:00Z,-41.25,165.0,0.32255012
2090-01-01T12:00:00Z,-41.25,166.875,0.026611546
2090-01-01T12:00:00Z,-41.25,168.75,0.13452747
2090-01-01T12:00:00Z,-41.25,170.625,0.26932952
2090-01-01T12:00:00Z,-41.25,172.5,0.6396767
2090-01-01T12:00:00Z,-41.25,174.375,1.146303
2090-01-01T12:00:00Z,-41.25,176.25,-0.2228973
2090-01-01T12:00:00Z,-41.25,178.125,-0.7761346
2090-01-01T12:00:00Z,-41.25,180.0,-0.19112343
2090-01-01T12:00:00Z,-40.0,90.0,-2.31585
2090-01-01T12:00:00Z,-40.0,91.875,-2.3718648
2090-01-01T12:00:00Z,-40.0,93.75,-2.2000904
2090-01-01T12:00:00Z,-40.0,95.625,-1.9317493
2090-01-01T12:00:00Z,-40.0,97.5,-1.7239027
2090-01-01T12:00:00Z,-40.0,99.375,-1.2482716
2090-01-01T12:00:00Z,-40.0,101.25,-1.0702865
2090-01-01T12:00:00Z,-40.0,103.125,-1.1320488
2090-01-01T12:00:00Z,-40.0,105.0,-1.2022942
2090-01-01T12:00:00Z,-40.0,106.875,-1.0953809
2090-01-01T12:00:00Z,-40.0,108.75,-1.5268692
2090-01-01T12:00:00Z,-40.0,110.625,-1.4845382
2090-01-01T12:00:00Z,-40.0,112.5,-1.2087862
2090-01-01T12:00:00Z,-40.0,114.375,-1.5267878
2090-01-01T12:00:00Z,-40.0,116.25,-1.5118747
2090-01-01T12:00:00Z,-40.0,118.125,-1.6250015
2090-01-01T12:00:00Z,-40.0,120.0,-1.5457884
2090-01-01T12:00:00Z,-40.0,121.875,-1.2355659
2090-01-01T12:00:00Z,-40.0,123.75,-1.3129534
2090-01-01T12:00:00Z,-40.0,125.625,-1.1640404
2090-01-01T12:00:00Z,-40.0,127.5,-1.1147842
2090-01-01T12:00:00Z,-40.0,129.375,-0.60495204
2090-01-01T12:00:00Z,-40.0,131.25,-0.20711549
2090-01-01T12:00:00Z,-40.0,133.125,0.16484125
2090-01-01T12:00:00Z,-40.0,135.0,0.43990582
2090-01-01T12:00:00Z,-40.0,136.875,0.5955305
2090-01-01T12:00:00Z,-40.0,138.75,0.69136447
2090-01-01T12:00:00Z,-40.0,140.625,0.7301243
2090-01-01T12:00:00Z,-40.0,142.5,0.6263764
2090-01-01T12:00:00Z,-40.0,144.375,0.9015527
2090-01-01T12:00:00Z,-40.0,146.25,2.0177274
2090-01-01T12:00:00Z,-40.0,148.125,2.82832
2090-01-01T12:00:00Z,-40.0,150.0,0.44287694
2090-01-01T12:00:00Z,-40.0,151.875,0.21928874
2090-01-01T12:00:00Z,-40.0,153.75,1.3755915
2090-01-01T12:00:00Z,-40.0,155.625,2.713455
2090-01-01T12:00:00Z,-40.0,157.5,2.6943033
2090-01-01T12:00:00Z,-40.0,159.375,1.705522
2090-01-01T12:00:00Z,-40.0,161.25,0.8726645
2090-01-01T12:00:00Z,-40.0,163.125,0.5358058
2090-01-01T12:00:00Z,-40.0,165.0,0.5843246
2090-01-01T12:00:00Z,-40.0,166.875,0.2919633
2090-01-01T12:00:00Z,-40.0,168.75,0.7900792
2090-01-01T12:00:00Z,-40.0,170.625,0.49911094
2090-01-01T12:00:00Z,-40.0,172.5,0.012013701
2090-01-01T12:00:00Z,-40.0,174.375,1.2053219
2090-01-01T12:00:00Z,-40.0,176.25,0.3984192
2090-01-01T12:00:00Z,-40.0,178.125,-0.38940597
2090-01-01T12:00:00Z,-40.0,180.0,0.23735613
2090-01-01T12:00:00Z,-38.75,90.0,-2.3142602
2090-01-01T12:00:00Z,-38.75,91.875,-2.3236406
2090-01-01T12:00:00Z,-38.75,93.75,-1.9332815
2090-01-01T12:00:00Z,-38.75,95.625,-1.658962
2090-01-01T12:00:00Z,-38.75,97.5,-1.3486793
2090-01-01T12:00:00Z,-38.75,99.375,-1.4645524
2090-01-01T12:00:00Z,-38.75,101.25,-1.5731841
2090-01-01T12:00:00Z,-38.75,103.125,-1.1489912
2090-01-01T12:00:00Z,-38.75,105.0,-1.1981943
2090-01-01T12:00:00Z,-38.75,106.875,-1.741427
2090-01-01T12:00:00Z,-38.75,108.75,-1.7841718
2090-01-01T12:00:00Z,-38.75,110.625,-1.4523962
2090-01-01T12:00:00Z,-38.75,112.5,-1.5704286
2090-01-01T12:00:00Z,-38.75,114.375,-1.8049451
2090-01-01T12:00:00Z,-38.75,116.25,-2.0545275
2090-01-01T12:00:00Z,-38.75,118.125,-1.8851087
2090-01-01T12:00:00Z,-38.75,120.0,-1.958749
2090-01-01T12:00:00Z,-38.75,121.875,-1.3241026
2090-01-01T12:00:00Z,-38.75,123.75,-1.2413366
2090-01-01T12:00:00Z,-38.75,125.625,-1.0769464
2090-01-01T12:00:00Z,-38.75,127.5,-0.70760536
2090-01-01T12:00:00Z,-38.75,129.375,-0.51035196
2090-01-01T12:00:00Z,-38.75,131.25,-0.09529994
2090-01-01T12:00:00Z,-38.75,133.125,0.013746102
2090-01-01T12:00:00Z,-38.75,135.0,0.13651943
2090-01-01T12:00:00Z,-38.75,136.875,0.36305773
2090-01-01T12:00:00Z,-38.75,138.75,0.04094986
2090-01-01T12:00:00Z,-38.75,140.625,-0.01388831
2090-01-01T12:00:00Z,-38.75,142.5,1.3235792
2090-01-01T12:00:00Z,-38.75,144.375,1.5781279
2090-01-01T12:00:00Z,-38.75,146.25,2.3481147
2090-01-01T12:00:00Z,-38.75,148.125,1.7119105
2090-01-01T12:00:00Z,-38.75,150.0,0.69847554
2090-01-01T12:00:00Z,-38.75,151.875,0.061139524
2090-01-01T12:00:00Z,-38.75,153.75,1.184652
2090-01-01T12:00:00Z,-38.75,155.625,2.2601233
2090-01-01T12:00:00Z,-38.75,157.5,2.4000502
2090-01-01T12:00:00Z,-38.75,159.375,1.4601375
2090-01-01T12:00:00Z,-38.75,161.25,0.49789184
2090-01-01T12:00:00Z,-38.75,163.125,0.6791887
2090-01-01T12:00:00Z,-38.75,165.0,0.50308585
2090-01-01T12:00:00Z,-38.75,166.875,0.58460677
2090-01-01T12:00:00Z,-38.75,168.75,1.1123846
2090-01-01T12:00:00Z,-38.75,170.625,1.3753632
2090-01-01T12:00:00Z,-38.75,172.5,1.0472336
2090-01-01T12:00:00Z,-38.75,174.375,1.6844673
2090-01-01T12:00:00Z,-38.75,176.25,1.1040646
2090-01-01T12:00:00Z,-38.75,178.125,0.10680825
2090-01-01T12:00:00Z,-38.75,180.0,0.124696754
2090-01-01T12:00:00Z,-37.5,90.0,-2.4651833
2090-01-01T12:00:00Z,-37.5,91.875,-2.3188372
2090-01-01T12:00:00Z,-37.5,93.75,-2.1211395
2090-01-01T12:00:00Z,-37.5,95.625,-1.7450961
2090-01-01T12:00:00Z,-37.5,97.5,-2.1274807
2090-01-01T12:00:00Z,-37.5,99.375,-2.062382
2090-01-01T12:00:00Z,-37.5,101.25,-2.0285165
2090-01-01T12:00:00Z,-37.5,103.125,-1.9620717
2090-01-01T12:00:00Z,-37.5,105.0,-1.8988619
2090-01-01T12:00:00Z,-37.5,106.875,-1.9540113
2090-01-01T12:00:00Z,-37.5,108.75,-1.6413441
2090-01-01T12:00:00Z,-37.5,110.625,-1.3193443
2090-01-01T12:00:00Z,-37.5,112.5,-1.1643295
2090-01-01T12:00:00Z,-37.5,114.375,-1.7090261
2090-01-01T12:00:00Z,-37.5,116.25,-1.9016722
2090-01-01T12:00:00Z,-37.5,118.125,-1.9569254
2090-01-01T12:00:00Z,-37.5,120.0,-1.4912546
2090-01-01T12:00:00Z,-37.5,121.875,-1.2015069
2090-01-01T12:00:00Z,-37.5,123.75,-1.0854089
2090-01-01T12:00:00Z,-37.5,125.625,-0.7340986
2090-01-01T12:00:00Z,-37.5,127.5,-0.21629731
2090-01-01T12:00:00Z,-37.5,129.375,-0.2044641
2090-01-01T12:00:00Z,-37.5,131.25,-0.093634784
2090-01-01T12:00:00Z,-37.5,133.125,0.31138077
2090-01-01T12:00:00Z,-37.5,135.0,0.39321202
2090-01-01T12:00:00Z,-37.5,136.875,0.49873498
2090-01-01T12:00:00Z,-37.5,138.75,1.2783189
2090-01-01T12:00:00Z,-37.5,140.625,2.2484255
2090-01-01T12:00:00Z,-37.5,142.5,2.8567092
2090-01-01T12:00:00Z,-37.5,144.375,3.9821515
2090-01-01T12:00:00Z,-37.5,146.25,4.6939917
2090-01-01T12:00:00Z,-37.5,148.125,3.1683874
2090-01-01T12:00:00Z,-37.5,150.0,1.5119799
2090-01-01T12:00:00Z,-37.5,151.875,0.55011314
2090-01-01T12:00:00Z,-37.5,153.75,0.4448507
2090-01-01T12:00:00Z,-37.5,155.625,1.5410982
2090-01-01T12:00:00Z,-37.5,157.5,1.6486768
2090-01-01T12:00:00Z,-37.5,159.375,0.94215596
2090-01-01T12:00:00Z,-37.5,161.25,0.41502294
2090-01-01T12:00:00Z,-37.5,163.125,0.436464
2090-01-01T12:00:00Z,-37.5,165.0,0.3647986
2090-01-01T12:00:00Z,-37.5,166.875,1.1091
2090-01-01T12:00:00Z,-37.5,168.75,1.6697265
2090-01-01T12:00:00Z,-37.5,170.625,2.2197263
2090-01-01T12:00:00Z,-37.5,172.5,1.8442513
2090-01-01T12:00:00Z,-37.5,174.375,1.5799632
2090-01-01T12:00:00Z,-37.5,176.25,1.2158772
2090-01-01T12:00:00Z,-37.5,178.125,-0.002892233
2090-01-01T12:00:00Z,-37.5,180.0,0.46505395
2090-01-01T12:00:00Z,-36.25,90.0,-2.700029
2090-01-01T12:00:00Z,-36.25,91.875,-2.4492624
2090-01-01T12:00:00Z,-36.25,93.75,-2.1309035
2090-01-01T12:00:00Z,-36.25,95.625,-2.0361266
2090-01-01T12:00:00Z,-36.25,97.5,-2.2507088
2090-01-01T12:00:00Z,-36.25,99.375,-2.3618317
2090-01-01T12:00:00Z,-36.25,101.25,-2.2085226
2090-01-01T12:00:00Z,-36.25,103.125,-2.1461196
2090-01-01T12:00:00Z,-36.25,105.0,-2.006862
2090-01-01T12:00:00Z,-36.25,106.875,-1.8102868
2090-01-01T12:00:00Z,-36.25,108.75,-1.2891326
2090-01-01T12:00:00Z,-36.25,110.625,-0.77377325
2090-01-01T12:00:00Z,-36.25,112.5,-0.059573725
2090-01-01T12:00:00Z,-36.25,114.375,0.19109769
2090-01-01T12:00:00Z,-36.25,116.25,-0.8270072
2090-01-01T12:00:00Z,-36.25,118.125,-0.8834872
2090-01-01T12:00:00Z,-36.25,120.0,-0.6137944
2090-01-01T12:00:00Z,-36.25,121.875,-0.5796692
2090-01-01T12:00:00Z,-36.25,123.75,-0.5905182
2090-01-01T12:00:00Z,-36.25,125.625,-0.35286385
2090-01-01T12:00:00Z,-36.25,127.5,-0.22993183
2090-01-01T12:00:00Z,-36.25,129.375,-0.19891757
2090-01-01T12:00:00Z,-36.25,131.25,-0.37169757
2090-01-01T12:00:00Z,-36.25,133.125,-0.03641315
2090-01-01T12:00:00Z,-36.25,135.0,-0.03982142
2090-01-01T12:00:00Z,-36.25,136.875,0.409066
2090-01-01T12:00:00Z,-36.25,138.75,1.804278
2090-01-01T12:00:00Z,-36.25,140.625,2.2249277
2090-01-01T12:00:00Z,-36.25,142.5,2.251085
2090-01-01T12:00:00Z,-36.25,144.375,3.0102456
2090-01-01T12:00:00Z,-36.25,146.25,3.5478036
2090-01-01T12:00:00Z,-36.25,148.125,2.4966195
2090-01-01T12:00:00Z,-36.25,150.0,0.6674761
2090-01-01T12:00:00Z,-36.25,151.875,-0.05469949
2090-01-01T12:00:00Z,-36.25,153.75,-0.010394757
2090-01-01T12:00:00Z,-36.25,155.625,1.3320137
2090-01-01T12:00:00Z,-36.25,157.5,1.0840133
2090-01-01T12:00:00Z,-36.25,159.375,0.49692732
2090-01-01T12:00:00Z,-36.25,161.25,0.43923444
2090-01-01T12:00:00Z,-36.25,163.125,0.8486015
2090-01-01T12:00:00Z,-36.25,165.0,0.72433156
2090-01-01T12:00:00Z,-36.25,166.875,1.404581
2090-01-01T12:00:00Z,-36.25,168.75,2.1724167
2090-01-01T12:00:00Z,-36.25,170.625,2.4990675
2090-01-01T12:00:00Z,-36.25,172.5,2.100071
2090-01-01T12:00:00Z,-36.25,174.375,2.524013
2090-01-01T12:00:00Z,-36.25,176.25,1.2487669
2090-01-01T12:00:00Z,-36.25,178.125,0.9321828
2090-01-01T12:00:00Z,-36.25,180.0,1.7258129
2090-01-01T12:00:00Z,-35.0,90.0,-2.707127
2090-01-01T12:00:00Z,-35.0,91.875,-2.3094716
2090-01-01T12:00:00Z,-35.0,93.75,-1.8757621
2090-01-01T12:00:00Z,-35.0,95.625,-1.8969307
2090-01-01T12:00:00Z,-35.0,97.5,-2.1848583
2090-01-01T12:00:00Z,-35.0,99.375,-2.2238767
2090-01-01T12:00:00Z,-35.0,101.25,-2.0414248
2090-01-01T12:00:00Z,-35.0,103.125,-2.172658
2090-01-01T12:00:00Z,-35.0,105.0,-2.0358784
2090-01-01T12:00:00Z,-35.0,106.875,-1.7325749
2090-01-01T12:00:00Z,-35.0,108.75,-0.8947727
2090-01-01T12:00:00Z,-35.0,110.625,-0.51599413
2090-01-01T12:00:00Z,-35.0,112.5,-0.04127217
2090-01-01T12:00:00Z,-35.0,114.375,0.7455061
2090-01-01T12:00:00Z,-35.0,116.25,1.286122
2090-01-01T12:00:00Z,-35.0,118.125,0.7105653
2090-01-01T12:00:00Z,-35.0,120.0,-1.1774476
2090-01-01T12:00:00Z,-35.0,121.875,-0.3761461
2090-01-01T12:00:00Z,-35.0,123.75,-0.43418705
2090-01-01T12:00:00Z,-35.0,125.625,-0.71796924
2090-01-01T12:00:00Z,-35.0,127.5,-0.58265215
2090-01-01T12:00:00Z,-35.0,129.375,-0.4762016
2090-01-01T12:00:00Z,-35.0,131.25,-0.41594002
2090-01-01T12:00:00Z,-35.0,133.125,0.3719856
2090-01-01T12:00:00Z,-35.0,135.0,0.97128946
2090-01-01T12:00:00Z,-35.0,136.875,1.1360217
2090-01-01T12:00:00Z,-35.0,138.75,2.8414152
2090-01-01T12:00:00Z,-35.0,140.625,1.7209758
2090-01-01T12:00:00Z,-35.0,142.5,1.5852506
2090-01-01T12:00:00Z,-35.0,144.375,1.8821585
2090-01-01T12:00:00Z,-35.0,146.25,2.2800977
2090-01-01T12:00:00Z,-35.0,148.125,1.5436853
2090-01-01T12:00:00Z,-35.0,150.0,0.6421137
2090-01-01T12:00:00Z,-35.0,151.875,-0.5887002
2090-01-01T12:00:00Z,-35.0,153.75,0.01894994
2090-01-01T12:00:00Z,-35.0,155.625,0.8545404
2090-01-01T12:00:00Z,-35.0,157.5,1.1477098
2090-01-01T12:00:00Z,-35.0,159.375,1.1652944
2090-01-01T12:00:00Z,-35.0,161.25,0.6844204
2090-01-01T12:00:00Z,-35.0,163.125,0.97660685
2090-01-01T12:00:00Z,-35.0,165.0,1.2889262
2090-01-01T12:00:00Z,-35.0,166.875,1.9005957
2090-01-01T12:00:00Z,-35.0,168.75,2.57741
2090-01-01T12:00:00Z,-35.0,170.625,2.788101
2090-01-01T12:00:00Z,-35.0,172.5,2.5141418
2090-01-01T12:00:00Z,-35.0,174.375,2.5896306
2090-01-01T12:00:00Z,-35.0,176.25,1.9213375
2090-01-01T12:00:00Z,-35.0,178.125,2.7966332
2090-01-01T12:00:00Z,-35.0,180.0,3.091306
2090-01-01T12:00:00Z,-33.75,90.0,-2.3420134
2090-01-01T12:00:00Z,-33.75,91.875,-1.8696266
2090-01-01T12:00:00Z,-33.75,93.75,-1.7072657
2090-01-01T12:00:00Z,-33.75,95.625,-1.6884581
2090-01-01T12:00:00Z,-33.75,97.5,-1.675427
2090-01-01T12:00:00Z,-33.75,99.375,-1.6437833
2090-01-01T12:00:00Z,-33.75,101.25,-1.6597129
2090-01-01T12:00:00Z,-33.75,103.125,-1.9972569
2090-01-01T12:00:00Z,-33.75,105.0,-2.0569763
2090-01-01T12:00:00Z,-33.75,106.875,-1.5486935
2090-01-01T12:00:00Z,-33.75,108.75,-0.802454
2090-01-01T12:00:00Z,-33.75,110.625,-0.79376334
2090-01-01T12:00:00Z,-33.75,112.5,-0.4943023
2090-01-01T12:00:00Z,-33.75,114.375,0.5417746
2090-01-01T12:00:00Z,-33.75,116.25,1.3544794
2090-01-01T12:00:00Z,-33.75,118.125,0.7458701
2090-01-01T12:00:00Z,-33.75,120.0,0.29032144
2090-01-01T12:00:00Z,-33.75,121.875,-0.11389838
2090-01-01T12:00:00Z,-33.75,123.75,-0.49110693
2090-01-01T12:00:00Z,-33.75,125.625,-1.6412932
2090-01-01T12:00:00Z,-33.75,127.5,-1.19243
2090-01-01T12:00:00Z,-33.75,129.375,-0.4579626
2090-01-01T12:00:00Z,-33.75,131.25,0.2843877
2090-01-01T12:00:00Z,-33.75,133.125,1.4126331
2090-01-01T12:00:00Z,-33.75,135.0,1.2148303
2090-01-01T12:00:00Z,-33.75,136.875,1.4993938
2090-01-01T12:00:00Z,-33.75,138.75,1.6754117
2090-01-01T12:00:00Z,-33.75,140.625,1.14373
2090-01-01T12:00:00Z,-33.75,142.5,0.7626227
2090-01-01T12:00:00Z,-33.75,144.375,0.93794453
2090-01-01T12:00:00Z,-33.75,146.25,1.307861
2090-01-01T12:00:00Z,-33.75,148.125,1.2554086
2090-01-01T12:00:00Z,-33.75,150.0,0.5436306
2090-01-01T12:00:00Z,-33.75,151.875,0.6035595
2090-01-01T12:00:00Z,-33.75,153.75,0.10728407
2090-01-01T12:00:00Z,-33.75,155.625,0.5896625
2090-01-01T12:00:00Z,-33.75,157.5,1.4198542
2090-01-01T12:00:00Z,-33.75,159.375,2.3571203
2090-01-01T12:00:00Z,-33.75,161.25,1.730122
2090-01-01T12:00:00Z,-33.75,163.125,1.8786055
2090-01-01T12:00:00Z,-33.75,165.0,2.6112626
2090-01-01T12:00:00Z,-33.75,166.875,2.7415204
2090-01-01T12:00:00Z,-33.75,168.75,2.8459816
2090-01-01T12:00:00Z,-33.75,170.625,3.4108992
2090-01-01T12:00:00Z,-33.75,172.5,3.2501316
2090-01-01T12:00:00Z,-33.75,174.375,3.0811088
2090-01-01T12:00:00Z,-33.75,176.25,3.346722
2090-01-01T12:00:00Z,-33.75,178.125,4.08691
2090-01-01T12:00:00Z,-33.75,180.0,4.183832
2090-01-01T12:00:00Z,-32.5,90.0,-1.6294551
2090-01-01T12:00:00Z,-32.5,91.875,-1.7338659
2090-01-01T12:00:00Z,-32.5,93.75,-1.9064043
2090-01-01T12:00:00Z,-32.5,95.625,-1.5386629
2090-01-01T12:00:00Z,-32.5,97.5,-1.2730198
2090-01-01T12:00:00Z,-32.5,99.375,-1.6828699
2090-01-01T12:00:00Z,-32.5,101.25,-1.585187
2090-01-01T12:00:00Z,-32.5,103.125,-1.8698844
2090-01-01T12:00:00Z,-32.5,105.0,-2.1690333
2090-01-01T12:00:00Z,-32.5,106.875,-1.5869311
2090-01-01T12:00:00Z,-32.5,108.75,-1.0301747
2090-01-01T12:00:00Z,-32.5,110.625,-0.8438277
2090-01-01T12:00:00Z,-32.5,112.5,-0.57515377
2090-01-01T12:00:00Z,-32.5,114.375,0.52651113
2090-01-01T12:00:00Z,-32.5,116.25,0.9152709
2090-01-01T12:00:00Z,-32.5,118.125,0.46989644
2090-01-01T12:00:00Z,-32.5,120.0,0.14894399
2090-01-01T12:00:00Z,-32.5,121.875,-0.2681548
2090-01-01T12:00:00Z,-32.5,123.75,-0.4898973
2090-01-01T12:00:00Z,-32.5,125.625,-0.76560616
2090-01-01T12:00:00Z,-32.5,127.5,-2.1237445
2090-01-01T12:00:00Z,-32.5,129.375,-1.2258883
2090-01-01T12:00:00Z,-32.5,131.25,-0.27787742
2090-01-01T12:00:00Z,-32.5,133.125,0.97866553
2090-01-01T12:00:00Z,-32.5,135.0,0.89935726
2090-01-01T12:00:00Z,-32.5,136.875,1.1484203
2090-01-01T12:00:00Z,-32.5,138.75,0.807103
2090-01-01T12:00:00Z,-32.5,140.625,0.30966124
2090-01-01T12:00:00Z,-32.5,142.5,0.18122712
2090-01-01T12:00:00Z,-32.5,144.375,0.54631346
2090-01-01T12:00:00Z,-32.5,146.25,0.99165404
2090-01-01T12:00:00Z,-32.5,148.125,0.9928206
2090-01-01T12:00:00Z,-32.5,150.0,0.7955132
2090-01-01T12:00:00Z,-32.5,151.875,0.5009408
2090-01-01T12:00:00Z,-32.5,153.75,0.43498442
2090-01-01T12:00:00Z,-32.5,155.625,1.4107385
2090-01-01T12:00:00Z,-32.5,157.5,1.5836328
2090-01-01T12:00:00Z,-32.5,159.375,3.015759
2090-01-01T12:00:00Z,-32.5,161.25,3.502035
2090-01-01T12:00:00Z,-32.5,163.125,3.7517326
2090-01-01T12:00:00Z,-32.5,165.0,4.1735077
2090-01-01T12:00:00Z,-32.5,166.875,4.288681
2090-01-01T12:00:00Z,-32.5,168.75,4.1890283
2090-01-01T12:00:00Z,-32.5,170.625,4.3439517
2090-01-01T12:00:00Z,-32.5,172.5,4.190522
2090-01-01T12:00:00Z,-32.5,174.375,4.1303415
2090-01-01T12:00:00Z,-32.5,176.25,4.8077564
2090-01-01T12:00:00Z,-32.5,178.125,4.8705797
2090-01-01T12:00:00Z,-32.5,180.0,4.539465
2090-01-01T12:00:00Z,-31.25,90.0,-1.3107835
2090-01-01T12:00:00Z,-31.25,91.875,-1.6377265
2090-01-01T12:00:00Z,-31.25,93.75,-1.6328387
2090-01-01T12:00:00Z,-31.25,95.625,-1.8971108
2090-01-01T12:00:00Z,-31.25,97.5,-1.5734158
2090-01-01T12:00:00Z,-31.25,99.375,-1.6908723
2090-01-01T12:00:00Z,-31.25,101.25,-1.7469026
2090-01-01T12:00:00Z,-31.25,103.125,-1.6520084
2090-01-01T12:00:00Z,-31.25,105.0,-1.9335998
2090-01-01T12:00:00Z,-31.25,106.875,-1.4902234
2090-01-01T12:00:00Z,-31.25,108.75,-1.0550293
2090-01-01T12:00:00Z,-31.25,110.625,-0.73181385
2090-01-01T12:00:00Z,-31.25,112.5,-0.1651242
2090-01-01T12:00:00Z,-31.25,114.375,0.18913598
2090-01-01T12:00:00Z,-31.25,116.25,0.4744592
2090-01-01T12:00:00Z,-31.25,118.125,0.04243078
2090-01-01T12:00:00Z,-31.25,120.0,-0.12617886
2090-01-01T12:00:00Z,-31.25,121.875,-0.47725964
2090-01-01T12:00:00Z,-31.25,123.75,-0.6798124
2090-01-01T12:00:00Z,-31.25,125.625,-0.69595987
2090-01-01T12:00:00Z,-31.25,127.5,-0.5728286
2090-01-01T12:00:00Z,-31.25,129.375,-0.45411846
2090-01-01T12:00:00Z,-31.25,131.25,-0.28176826
2090-01-01T12:00:00Z,-31.25,133.125,0.19156167
2090-01-01T12:00:00Z,-31.25,135.0,0.24782743
2090-01-01T12:00:00Z,-31.25,136.875,0.3773681
2090-01-01T12:00:00Z,-31.25,138.75,0.15586255
2090-01-01T12:00:00Z,-31.25,140.625,-0.040425055
2090-01-01T12:00:00Z,-31.25,142.5,0.008865379
2090-01-01T12:00:00Z,-31.25,144.375,0.40767124
2090-01-01T12:00:00Z,-31.25,146.25,0.84007883
2090-01-01T12:00:00Z,-31.25,148.125,0.9627041
2090-01-01T12:00:00Z,-31.25,150.0,1.3122127
2090-01-01T12:00:00Z,-31.25,151.875,1.8913094
2090-01-01T12:00:00Z,-31.25,153.75,0.741965
2090-01-01T12:00:00Z,-31.25,155.625,1.5444641
2090-01-01T12:00:00Z,-31.25,157.5,1.9404719
2090-01-01T12:00:00Z,-31.25,159.375,3.0194972
2090-01-01T12:00:00Z,-31.25,161.25,3.577296
2090-01-01T12:00:00Z,-31.25,163.125,4.211707
2090-01-01T12:00:00Z,-31.25,165.0,4.403775
2090-01-01T12:00:00Z,-31.25,166.875,4.7235227
2090-01-01T12:00:00Z,-31.25,168.75,4.8638344
2090-01-01T12:00:00Z,-31.25,170.625,4.8872447
2090-01-01T12:00:00Z,-31.25,172.5,4.712184
2090-01-01T12:00:00Z,-31.25,174.375,4.7005444
2090-01-01T12:00:00Z,-31.25,176.25,5.299549
2090-01-01T12:00:00Z,-31.25,178.125,4.7593637
2090-01-01T12:00:00Z,-31.25,180.0,4.3766775
2090-01-01T12:00:00Z,-30.0,90.0,-1.23401
2090-01-01T12:00:00Z,-30.0,91.875,-1.386626
2090-01-01T12:00:00Z,-30.0,93.75,-1.6766735
2090-01-01T12:00:00Z,-30.0,95.625,-1.7148875
2090-01-01T12:00:00Z,-30.0,97.5,-1.5461993
2090-01-01T12:00:00Z,-30.0,99.375,-1.5850459
2090-01-01T12:00:00Z,-30.0,101.25,-1.7458149
2090-01-01T12:00:00Z,-30.0,103.125,-1.6845185
2090-01-01T12:00:00Z,-30.0,105.0,-1.6097614
2090-01-01T12:00:00Z,-30.0,106.875,-1.0929669
2090-01-01T12:00:00Z,-30.0,108.75,-0.94662213
2090-01-01T12:00:00Z,-30.0,110.625,-1.0013858
2090-01-01T12:00:00Z,-30.0,112.5,-0.63680774
2090-01-01T12:00:00Z,-30.0,114.375,-0.13732617
2090-01-01T12:00:00Z,-30.0,116.25,-0.26759788
2090-01-01T12:00:00Z,-30.0,118.125,-0.2681331
2090-01-01T12:00:00Z,-30.0,120.0,-0.41677657
2090-01-01T12:00:00Z,-30.0,121.875,-0.6753184
2090-01-01T12:00:00Z,-30.0,123.75,-0.90438557
2090-01-01T12:00:00Z,-30.0,125.625,-0.9639338
2090-01-01T12:00:00Z,-30.0,127.5,-0.81083274
2090-01-01T12:00:00Z,-30.0,129.375,-0.716656
2090-01-01T12:00:00Z,-30.0,131.25,-0.38331276
2090-01-01T12:00:00Z,-30.0,133.125,3.8859018E-4
2090-01-01T12:00:00Z,-30.0,135.0,0.08155568
2090-01-01T12:00:00Z,-30.0,136.875,0.005061178
2090-01-01T12:00:00Z,-30.0,138.75,-0.22958851
2090-01-01T12:00:00Z,-30.0,140.625,-0.39848787
2090-01-01T12:00:00Z,-30.0,142.5,-0.08293076
2090-01-01T12:00:00Z,-30.0,144.375,0.21974483
2090-01-01T12:00:00Z,-30.0,146.25,0.41850394
2090-01-01T12:00:00Z,-30.0,148.125,0.9188746
2090-01-01T12:00:00Z,-30.0,150.0,1.4493387
2090-01-01T12:00:00Z,-30.0,151.875,1.4427607
2090-01-01T12:00:00Z,-30.0,153.75,1.0882977
2090-01-01T12:00:00Z,-30.0,155.625,2.033207
2090-01-01T12:00:00Z,-30.0,157.5,1.7477401
2090-01-01T12:00:00Z,-30.0,159.375,2.3061156
2090-01-01T12:00:00Z,-30.0,161.25,3.1058981
2090-01-01T12:00:00Z,-30.0,163.125,3.4836564
2090-01-01T12:00:00Z,-30.0,165.0,3.7400517
2090-01-01T12:00:00Z,-30.0,166.875,4.087875
2090-01-01T12:00:00Z,-30.0,168.75,4.5065856
2090-01-01T12:00:00Z,-30.0,170.625,4.7357564
2090-01-01T12:00:00Z,-30.0,172.5,4.523742
2090-01-01T12:00:00Z,-30.0,174.375,4.408108
2090-01-01T12:00:00Z,-30.0,176.25,4.5697007
2090-01-01T12:00:00Z,-30.0,178.125,3.9302566
2090-01-01T12:00:00Z,-30.0,180.0,3.5857542
2090-01-01T12:00:00Z,-28.75,90.0,-1.6907855
2090-01-01T12:00:00Z,-28.75,91.875,-2.0081563
2090-01-01T12:00:00Z,-28.75,93.75,-1.962651
2090-01-01T12:00:00Z,-28.75,95.625,-1.870157
2090-01-01T12:00:00Z,-28.75,97.5,-1.6729543
2090-01-01T12:00:00Z,-28.75,99.375,-1.3494178
2090-01-01T12:00:00Z,-28.75,101.25,-1.286419
2090-01-01T12:00:00Z,-28.75,103.125,-1.0091374
2090-01-01T12:00:00Z,-28.75,105.0,-0.82895124
2090-01-01T12:00:00Z,-28.75,106.875,-0.77908933
2090-01-01T12:00:00Z,-28.75,108.75,-0.87711716
2090-01-01T12:00:00Z,-28.75,110.625,-1.1577537
2090-01-01T12:00:00Z,-28.75,112.5,-0.8967522
2090-01-01T12:00:00Z,-28.75,114.375,-0.3927444
2090-01-01T12:00:00Z,-28.75,116.25,-0.51735896
2090-01-01T12:00:00Z,-28.75,118.125,-0.47460634
2090-01-01T12:00:00Z,-28.75,120.0,-0.6951136
2090-01-01T12:00:00Z,-28.75,121.875,-0.96516365
2090-01-01T12:00:00Z,-28.75,123.75,-1.0245163
2090-01-01T12:00:00Z,-28.75,125.625,-0.9289383
2090-01-01T12:00:00Z,-28.75,127.5,-0.8694561
2090-01-01T12:00:00Z,-28.75,129.375,-0.71189874
2090-01-01T12:00:00Z,-28.75,131.25,-0.4755292
2090-01-01T12:00:00Z,-28.75,133.125,-0.3181984
2090-01-01T12:00:00Z,-28.75,135.0,-0.20566264
2090-01-01T12:00:00Z,-28.75,136.875,-0.12738389
2090-01-01T12:00:00Z,-28.75,138.75,-0.20056184
2090-01-01T12:00:00Z,-28.75,140.625,-0.30811056
2090-01-01T12:00:00Z,-28.75,142.5,-0.08344157
2090-01-01T12:00:00Z,-28.75,144.375,0.09693541
2090-01-01T12:00:00Z,-28.75,146.25,0.40762535
2090-01-01T12:00:00Z,-28.75,148.125,0.82917887
2090-01-01T12:00:00Z,-28.75,150.0,1.4429252
2090-01-01T12:00:00Z,-28.75,151.875,1.674163
2090-01-01T12:00:00Z,-28.75,153.75,1.6230123
2090-01-01T12:00:00Z,-28.75,155.625,2.0580528
2090-01-01T12:00:00Z,-28.75,157.5,1.4728378
2090-01-01T12:00:00Z,-28.75,159.375,2.0498488
2090-01-01T12:00:00Z,-28.75,161.25,2.506868
2090-01-01T12:00:00Z,-28.75,163.125,2.8583767
2090-01-01T12:00:00Z,-28.75,165.0,2.965421
2090-01-01T12:00:00Z,-28.75,166.875,3.6762984
2090-01-01T12:00:00Z,-28.75,168.75,4.0823693
2090-01-01T12:00:00Z,-28.75,170.625,4.1763644
2090-01-01T12:00:00Z,-28.75,172.5,3.8644888
2090-01-01T12:00:00Z,-28.75,174.375,3.6565278
2090-01-01T12:00:00Z,-28.75,176.25,3.7528188
2090-01-01T12:00:00Z,-28.75,178.125,3.444286
2090-01-01T12:00:00Z,-28.75,180.0,3.3516386
2090-01-01T12:00:00Z,-27.5,90.0,-2.1792417
2090-01-01T12:00:00Z,-27.5,91.875,-2.2796803
2090-01-01T12:00:00Z,-27.5,93.75,-2.1156354
2090-01-01T12:00:00Z,-27.5,95.625,-1.8562639
2090-01-01T12:00:00Z,-27.5,97.5,-1.3401872
2090-01-01T12:00:00Z,-27.5,99.375,-1.0570707
2090-01-01T12:00:00Z,-27.5,101.25,-1.0120934
2090-01-01T12:00:00Z,-27.5,103.125,-0.71055424
2090-01-01T12:00:00Z,-27.5,105.0,-0.73311085
2090-01-01T12:00:00Z,-27.5,106.875,-1.1064959
2090-01-01T12:00:00Z,-27.5,108.75,-1.2214102
2090-01-01T12:00:00Z,-27.5,110.625,-1.2455821
2090-01-01T12:00:00Z,-27.5,112.5,-0.8967608
2090-01-01T12:00:00Z,-27.5,114.375,-0.681507
2090-01-01T12:00:00Z,-27.5,116.25,-0.9056598
2090-01-01T12:00:00Z,-27.5,118.125,-0.9791024
2090-01-01T12:00:00Z,-27.5,120.0,-1.0048298
2090-01-01T12:00:00Z,-27.5,121.875,-1.1723155
2090-01-01T12:00:00Z,-27.5,123.75,-0.9811897
2090-01-01T12:00:00Z,-27.5,125.625,-0.84771246
2090-01-01T12:00:00Z,-27.5,127.5,-0.69698095
2090-01-01T12:00:00Z,-27.5,129.375,-0.70203036
2090-01-01T12:00:00Z,-27.5,131.25,-0.5872515
2090-01-01T12:00:00Z,-27.5,133.125,-0.30882066
2090-01-01T12:00:00Z,-27.5,135.0,-0.26971865
2090-01-01T12:00:00Z,-27.5,136.875,-0.19218482
2090-01-01T12:00:00Z,-27.5,138.75,-0.24848399
2090-01-01T12:00:00Z,-27.5,140.625,-0.11739901
2090-01-01T12:00:00Z,-27.5,142.5,0.099139005
2090-01-01T12:00:00Z,-27.5,144.375,0.21133481
2090-01-01T12:00:00Z,-27.5,146.25,0.49936053
2090-01-01T12:00:00Z,-27.5,148.125,0.8692069
2090-01-01T12:00:00Z,-27.5,150.0,1.5981828
2090-01-01T12:00:00Z,-27.5,151.875,2.0282686
2090-01-01T12:00:00Z,-27.5,153.75,2.357499
2090-01-01T12:00:00Z,-27.5,155.625,2.150913
2090-01-01T12:00:00Z,-27.5,157.5,1.7284787
2090-01-01T12:00:00Z,-27.5,159.375,2.0100427
2090-01-01T12:00:00Z,-27.5,161.25,2.2264538
2090-01-01T12:00:00Z,-27.5,163.125,2.7869723
2090-01-01T12:00:00Z,-27.5,165.0,2.701588
2090-01-01T12:00:00Z,-27.5,166.875,3.2529674
2090-01-01T12:00:00Z,-27.5,168.75,3.570007
2090-01-01T12:00:00Z,-27.5,170.625,3.7646601
2090-01-01T12:00:00Z,-27.5,172.5,3.9321623
2090-01-01T12:00:00Z,-27.5,174.375,3.5623085
2090-01-01T12:00:00Z,-27.5,176.25,3.5677533
2090-01-01T12:00:00Z,-27.5,178.125,3.9248073
2090-01-01T12:00:00Z,-27.5,180.0,3.8344529
2090-01-01T12:00:00Z,-26.25,90.0,-2.0358918
2090-01-01T12:00:00Z,-26.25,91.875,-1.9403096
2090-01-01T12:00:00Z,-26.25,93.75,-1.6334803
2090-01-01T12:00:00Z,-26.25,95.625,-1.4552138
2090-01-01T12:00:00Z,-26.25,97.5,-1.251675
2090-01-01T12:00:00Z,-26.25,99.375,-0.83142537
2090-01-01T12:00:00Z,-26.25,101.25,-0.8775929
2090-01-01T12:00:00Z,-26.25,103.125,-1.2751263
2090-01-01T12:00:00Z,-26.25,105.0,-1.089115
2090-01-01T12:00:00Z,-26.25,106.875,-0.97219634
2090-01-01T12:00:00Z,-26.25,108.75,-1.0747439
2090-01-01T12:00:00Z,-26.25,110.625,-1.047228
2090-01-01T12:00:00Z,-26.25,112.5,-1.0103418
2090-01-01T12:00:00Z,-26.25,114.375,-1.0442523
2090-01-01T12:00:00Z,-26.25,116.25,-1.0599118
2090-01-01T12:00:00Z,-26.25,118.125,-1.1664366
2090-01-01T12:00:00Z,-26.25,120.0,-1.3269788
2090-01-01T12:00:00Z,-26.25,121.875,-1.1554463
2090-01-01T12:00:00Z,-26.25,123.75,-0.891965
2090-01-01T12:00:00Z,-26.25,125.625,-0.71864957
2090-01-01T12:00:00Z,-26.25,127.5,-0.91474175
2090-01-01T12:00:00Z,-26.25,129.375,-0.79601187
2090-01-01T12:00:00Z,-26.25,131.25,-0.7545647
2090-01-01T12:00:00Z,-26.25,133.125,-0.5181763
2090-01-01T12:00:00Z,-26.25,135.0,-0.27526006
2090-01-01T12:00:00Z,-26.25,136.875,-0.0724208
2090-01-01T12:00:00Z,-26.25,138.75,-0.07526198
2090-01-01T12:00:00Z,-26.25,140.625,-0.0019694967
2090-01-01T12:00:00Z,-26.25,142.5,0.059716478
2090-01-01T12:00:00Z,-26.25,144.375,0.29977545
2090-01-01T12:00:00Z,-26.25,146.25,0.5712277
2090-01-01T12:00:00Z,-26.25,148.125,1.1136737
2090-01-01T12:00:00Z,-26.25,150.0,2.0433424
2090-01-01T12:00:00Z,-26.25,151.875,2.2256691
2090-01-01T12:00:00Z,-26.25,153.75,2.3429189
2090-01-01T12:00:00Z,-26.25,155.625,2.7117794
2090-01-01T12:00:00Z,-26.25,157.5,2.0471559
2090-01-01T12:00:00Z,-26.25,159.375,2.1963556
2090-01-01T12:00:00Z,-26.25,161.25,2.2358396
2090-01-01T12:00:00Z,-26.25,163.125,2.3964336
2090-01-01T12:00:00Z,-26.25,165.0,2.5651531
2090-01-01T12:00:00Z,-26.25,166.875,3.259998
2090-01-01T12:00:00Z,-26.25,168.75,3.501268
2090-01-01T12:00:00Z,-26.25,170.625,3.5986872
2090-01-01T12:00:00Z,-26.25,172.5,3.6784506
2090-01-01T12:00:00Z,-26.25,174.375,3.501536
2090-01-01T12:00:00Z,-26.25,176.25,3.668038
2090-01-01T12:00:00Z,-26.25,178.125,3.8817623
2090-01-01T12:00:00Z,-26.25,180.0,4.171242
2090-01-01T12:00:00Z,-25.0,90.0,-1.3214593
2090-01-01T12:00:00Z,-25.0,91.875,-1.1454924
2090-01-01T12:00:00Z,-25.0,93.75,-0.9207247
2090-01-01T12:00:00Z,-25.0,95.625,-1.0629222
2090-01-01T12:00:00Z,-25.0,97.5,-1.2140658
2090-01-01T12:00:00Z,-25.0,99.375,-1.0096198
2090-01-01T12:00:00Z,-25.0,101.25,-1.0647584
2090-01-01T12:00:00Z,-25.0,103.125,-1.3952987
2090-01-01T12:00:00Z,-25.0,105.0,-1.3961238
2090-01-01T12:00:00Z,-25.0,106.875,-0.994205
2090-01-01T12:00:00Z,-25.0,108.75,-0.8206843
2090-01-01T12:00:00Z,-25.0,110.625,-0.94015956
2090-01-01T12:00:00Z,-25.0,112.5,-1.0506315
2090-01-01T12:00:00Z,-25.0,114.375,-1.1536036
2090-01-01T12:00:00Z,-25.0,116.25,-1.2949511
2090-01-01T12:00:00Z,-25.0,118.125,-1.4876395
2090-01-01T12:00:00Z,-25.0,120.0,-1.4094232
2090-01-01T12:00:00Z,-25.0,121.875,-1.2965494
2090-01-01T12:00:00Z,-25.0,123.75,-1.3258032
2090-01-01T12:00:00Z,-25.0,125.625,-1.1671494
2090-01-01T12:00:00Z,-25.0,127.5,-1.1960372
2090-01-01T12:00:00Z,-25.0,129.375,-0.81671536
2090-01-01T12:00:00Z,-25.0,131.25,-0.62953955
2090-01-01T12:00:00Z,-25.0,133.125,-0.34074157
2090-01-01T12:00:00Z,-25.0,135.0,-0.15996934
2090-01-01T12:00:00Z,-25.0,136.875,-0.124504164
2090-01-01T12:00:00Z,-25.0,138.75,-0.014357484
2090-01-01T12:00:00Z,-25.0,140.625,0.074446574
2090-01-01T12:00:00Z,-25.0,142.5,0.1617479
2090-01-01T12:00:00Z,-25.0,144.375,0.5218172
2090-01-01T12:00:00Z,-25.0,146.25,0.9642014
2090-01-01T12:00:00Z,-25.0,148.125,1.7104541
2090-01-01T12:00:00Z,-25.0,150.0,2.553579
2090-01-01T12:00:00Z,-25.0,151.875,2.4003754
2090-01-01T12:00:00Z,-25.0,153.75,2.0320032
2090-01-01T12:00:00Z,-25.0,155.625,2.9026825
2090-01-01T12:00:00Z,-25.0,157.5,2.3567383
2090-01-01T12:00:00Z,-25.0,159.375,2.3500922
2090-01-01T12:00:00Z,-25.0,161.25,2.275888
2090-01-01T12:00:00Z,-25.0,163.125,2.3455558
2090-01-01T12:00:00Z,-25.0,165.0,2.711296
2090-01-01T12:00:00Z,-25.0,166.875,3.1434393
2090-01-01T12:00:00Z,-25.0,168.75,3.1370049
2090-01-01T12:00:00Z,-25.0,170.625,3.268851
2090-01-01T12:00:00Z,-25.0,172.5,3.449801
2090-01-01T12:00:00Z,-25.0,174.375,3.483975
2090-01-01T12:00:00Z,-25.0,176.25,4.0406923
2090-01-01T12:00:00Z,-25.0,178.125,4.4027
2090-01-01T12:00:00Z,-25.0,180.0,4.7043786
2090-01-01T12:00:00Z,-23.75,90.0,-1.0434445
2090-01-01T12:00:00Z,-23.75,91.875,-1.280612
2090-01-01T12:00:00Z,-23.75,93.75,-1.4471831
2090-01-01T12:00:00Z,-23.75,95.625,-1.7009133
2090-01-01T12:00:00Z,-23.75,97.5,-1.423952
2090-01-01T12:00:00Z,-23.75,99.375,-1.3424563
2090-01-01T12:00:00Z,-23.75,101.25,-1.2896286
2090-01-01T12:00:00Z,-23.75,103.125,-1.4571046
2090-01-01T12:00:00Z,-23.75,105.0,-1.4575241
2090-01-01T12:00:00Z,-23.75,106.875,-0.8201951
2090-01-01T12:00:00Z,-23.75,108.75,-0.7688232
2090-01-01T12:00:00Z,-23.75,110.625,-0.9567448
2090-01-01T12:00:00Z,-23.75,112.5,-1.2562312
2090-01-01T12:00:00Z,-23.75,114.375,-1.3584874
2090-01-01T12:00:00Z,-23.75,116.25,-1.5503724
2090-01-01T12:00:00Z,-23.75,118.125,-1.7155225
2090-01-01T12:00:00Z,-23.75,120.0,-1.6138655
2090-01-01T12:00:00Z,-23.75,121.875,-1.5813315
2090-01-01T12:00:00Z,-23.75,123.75,-1.4605905
2090-01-01T12:00:00Z,-23.75,125.625,-1.3419276
2090-01-01T12:00:00Z,-23.75,127.5,-1.251651
2090-01-01T12:00:00Z,-23.75,129.375,-0.9132335
2090-01-01T12:00:00Z,-23.75,131.25,-0.7956832
2090-01-01T12:00:00Z,-23.75,133.125,-0.42304707
2090-01-01T12:00:00Z,-23.75,135.0,6.148422E-4
2090-01-01T12:00:00Z,-23.75,136.875,0.19374113
2090-01-01T12:00:00Z,-23.75,138.75,0.20556048
2090-01-01T12:00:00Z,-23.75,140.625,0.03259413
2090-01-01T12:00:00Z,-23.75,142.5,0.14833717
2090-01-01T12:00:00Z,-23.75,144.375,0.55826634
2090-01-01T12:00:00Z,-23.75,146.25,1.3351263
2090-01-01T12:00:00Z,-23.75,148.125,2.0377705
2090-01-01T12:00:00Z,-23.75,150.0,2.365178
2090-01-01T12:00:00Z,-23.75,151.875,1.8605363
2090-01-01T12:00:00Z,-23.75,153.75,2.040193
2090-01-01T12:00:00Z,-23.75,155.625,2.7878537
2090-01-01T12:00:00Z,-23.75,157.5,2.701011
2090-01-01T12:00:00Z,-23.75,159.375,2.1362607
2090-01-01T12:00:00Z,-23.75,161.25,2.103387
2090-01-01T12:00:00Z,-23.75,163.125,2.1841054
2090-01-01T12:00:00Z,-23.75,165.0,2.768416
2090-01-01T12:00:00Z,-23.75,166.875,2.7911162
2090-01-01T12:00:00Z,-23.75,168.75,2.613709
2090-01-01T12:00:00Z,-23.75,170.625,2.8423705
2090-01-01T12:00:00Z,-23.75,172.5,3.321291
2090-01-01T12:00:00Z,-23.75,174.375,3.4771152
2090-01-01T12:00:00Z,-23.75,176.25,4.1496525
2090-01-01T12:00:00Z,-23.75,178.125,4.3273067
2090-01-01T12:00:00Z,-23.75,180.0,4.5103383
2090-01-01T12:00:00Z,-22.5,90.0,-2.0096085
2090-01-01T12:00:00Z,-22.5,91.875,-2.4867773
2090-01-01T12:00:00Z,-22.5,93.75,-2.749302
2090-01-01T12:00:00Z,-22.5,95.625,-2.4620402
2090-01-01T12:00:00Z,-22.5,97.5,-2.0151076
2090-01-01T12:00:00Z,-22.5,99.375,-1.4992557
2090-01-01T12:00:00Z,-22.5,101.25,-1.655294
2090-01-01T12:00:00Z,-22.5,103.125,-1.4244808
2090-01-01T12:00:00Z,-22.5,105.0,-1.04052
2090-01-01T12:00:00Z,-22.5,106.875,-0.54283404
2090-01-01T12:00:00Z,-22.5,108.75,-0.59780097
2090-01-01T12:00:00Z,-22.5,110.625,-1.0650479
2090-01-01T12:00:00Z,-22.5,112.5,-1.4803405
2090-01-01T12:00:00Z,-22.5,114.375,-1.5859717
2090-01-01T12:00:00Z,-22.5,116.25,-1.6451361
2090-01-01T12:00:00Z,-22.5,118.125,-1.7558228
2090-01-01T12:00:00Z,-22.5,120.0,-1.8201519
2090-01-01T12:00:00Z,-22.5,121.875,-1.6850145
2090-01-01T12:00:00Z,-22.5,123.75,-1.4571946
2090-01-01T12:00:00Z,-22.5,125.625,-1.4060215
2090-01-01T12:00:00Z,-22.5,127.5,-1.3318
2090-01-01T12:00:00Z,-22.5,129.375,-1.1454997
2090-01-01T12:00:00Z,-22.5,131.25,-0.8317881
2090-01-01T12:00:00Z,-22.5,133.125,-0.35370123
2090-01-01T12:00:00Z,-22.5,135.0,0.2713535
2090-01-01T12:00:00Z,-22.5,136.875,0.3133274
2090-01-01T12:00:00Z,-22.5,138.75,0.43170974
2090-01-01T12:00:00Z,-22.5,140.625,0.16898459
2090-01-01T12:00:00Z,-22.5,142.5,0.36388686
2090-01-01T12:00:00Z,-22.5,144.375,0.7021282
2090-01-01T12:00:00Z,-22.5,146.25,1.102169
2090-01-01T12:00:00Z,-22.5,148.125,1.6876515
2090-01-01T12:00:00Z,-22.5,150.0,2.018092
2090-01-01T12:00:00Z,-22.5,151.875,1.6792107
2090-01-01T12:00:00Z,-22.5,153.75,1.9627316
2090-01-01T12:00:00Z,-22.5,155.625,2.4713717
2090-01-01T12:00:00Z,-22.5,157.5,2.4621985
2090-01-01T12:00:00Z,-22.5,159.375,2.070736
2090-01-01T12:00:00Z,-22.5,161.25,1.8887007
2090-01-01T12:00:00Z,-22.5,163.125,2.1114542
2090-01-01T12:00:00Z,-22.5,165.0,2.6992817
2090-01-01T12:00:00Z,-22.5,166.875,2.6778796
2090-01-01T12:00:00Z,-22.5,168.75,1.8625013
2090-01-01T12:00:00Z,-22.5,170.625,2.1013052
2090-01-01T12:00:00Z,-22.5,172.5,2.6729975
2090-01-01T12:00:00Z,-22.5,174.375,3.3592002
2090-01-01T12:00:00Z,-22.5,176.25,3.5393693
2090-01-01T12:00:00Z,-22.5,178.125,3.8400218
2090-01-01T12:00:00Z,-22.5,180.0,4.0767574
2090-01-01T12:00:00Z,-21.25,90.0,-2.8228788
2090-01-01T12:00:00Z,-21.25,91.875,-3.0854666
2090-01-01T12:00:00Z,-21.25,93.75,-3.1692703
2090-01-01T12:00:00Z,-21.25,95.625,-2.507618
2090-01-01T12:00:00Z,-21.25,97.5,-1.6307867
2090-01-01T12:00:00Z,-21.25,99.375,-1.5236015
2090-01-01T12:00:00Z,-21.25,101.25,-1.110392
2090-01-01T12:00:00Z,-21.25,103.125,-1.0930841
2090-01-01T12:00:00Z,-21.25,105.0,-1.0994372
2090-01-01T12:00:00Z,-21.25,106.875,-0.72389096
2090-01-01T12:00:00Z,-21.25,108.75,-0.65054566
2090-01-01T12:00:00Z,-21.25,110.625,-0.87847686
2090-01-01T12:00:00Z,-21.25,112.5,-1.5346102
2090-01-01T12:00:00Z,-21.25,114.375,-1.7710457
2090-01-01T12:00:00Z,-21.25,116.25,-1.8086685
2090-01-01T12:00:00Z,-21.25,118.125,-1.8211327
2090-01-01T12:00:00Z,-21.25,120.0,-1.7543914
2090-01-01T12:00:00Z,-21.25,121.875,-1.6787724
2090-01-01T12:00:00Z,-21.25,123.75,-1.4036309
2090-01-01T12:00:00Z,-21.25,125.625,-1.3311555
2090-01-01T12:00:00Z,-21.25,127.5,-1.3115476
2090-01-01T12:00:00Z,-21.25,129.375,-1.2373788
2090-01-01T12:00:00Z,-21.25,131.25,-0.6352705
2090-01-01T12:00:00Z,-21.25,133.125,-0.16167758
2090-01-01T12:00:00Z,-21.25,135.0,0.48121282
2090-01-01T12:00:00Z,-21.25,136.875,0.63603085
2090-01-01T12:00:00Z,-21.25,138.75,0.6230413
2090-01-01T12:00:00Z,-21.25,140.625,0.19720483
2090-01-01T12:00:00Z,-21.25,142.5,0.50311804
2090-01-01T12:00:00Z,-21.25,144.375,0.76150286
2090-01-01T12:00:00Z,-21.25,146.25,1.0635841
2090-01-01T12:00:00Z,-21.25,148.125,1.7189353
2090-01-01T12:00:00Z,-21.25,150.0,1.4066409
2090-01-01T12:00:00Z,-21.25,151.875,1.8077457
2090-01-01T12:00:00Z,-21.25,153.75,2.0389936
2090-01-01T12:00:00Z,-21.25,155.625,2.0733492
2090-01-01T12:00:00Z,-21.25,157.5,2.0757415
2090-01-01T12:00:00Z,-21.25,159.375,1.6381197
2090-01-01T12:00:00Z,-21.25,161.25,1.8551377
2090-01-01T12:00:00Z,-21.25,163.125,1.9419831
2090-01-01T12:00:00Z,-21.25,165.0,2.3073764
2090-01-01T12:00:00Z,-21.25,166.875,2.6711411
2090-01-01T12:00:00Z,-21.25,168.75,1.8744282
2090-01-01T12:00:00Z,-21.25,170.625,1.9101999
2090-01-01T12:00:00Z,-21.25,172.5,2.2545033
2090-01-01T12:00:00Z,-21.25,174.375,2.698644
2090-01-01T12:00:00Z,-21.25,176.25,3.094816
2090-01-01T12:00:00Z,-21.25,178.125,3.2058444
2090-01-01T12:00:00Z,-21.25,180.0,3.1685643
2090-01-01T12:00:00Z,-20.0,90.0,-3.508106
2090-01-01T12:00:00Z,-20.0,91.875,-3.242754
2090-01-01T12:00:00Z,-20.0,93.75,-2.8078144
2090-01-01T12:00:00Z,-20.0,95.625,-1.9422694
2090-01-01T12:00:00Z,-20.0,97.5,-1.602195
2090-01-01T12:00:00Z,-20.0,99.375,-1.1493328
2090-01-01T12:00:00Z,-20.0,101.25,-1.4854214
2090-01-01T12:00:00Z,-20.0,103.125,-1.3522879
2090-01-01T12:00:00Z,-20.0,105.0,-1.0879027
2090-01-01T12:00:00Z,-20.0,106.875,-0.5859016
2090-01-01T12:00:00Z,-20.0,108.75,-0.2746662
2090-01-01T12:00:00Z,-20.0,110.625,-0.49120843
2090-01-01T12:00:00Z,-20.0,112.5,-1.1857435
2090-01-01T12:00:00Z,-20.0,114.375,-1.5683361
2090-01-01T12:00:00Z,-20.0,116.25,-1.9179271
2090-01-01T12:00:00Z,-20.0,118.125,-2.2457664
2090-01-01T12:00:00Z,-20.0,120.0,-2.0538433
2090-01-01T12:00:00Z,-20.0,121.875,-1.8503343
2090-01-01T12:00:00Z,-20.0,123.75,-1.4400862
2090-01-01T12:00:00Z,-20.0,125.625,-1.3891999
2090-01-01T12:00:00Z,-20.0,127.5,-1.2890472
2090-01-01T12:00:00Z,-20.0,129.375,-1.0827361
2090-01-01T12:00:00Z,-20.0,131.25,-0.46813965
2090-01-01T12:00:00Z,-20.0,133.125,-0.16718467
2090-01-01T12:00:00Z,-20.0,135.0,0.4413318
2090-01-01T12:00:00Z,-20.0,136.875,0.40592265
2090-01-01T12:00:00Z,-20.0,138.75,0.209306
2090-01-01T12:00:00Z,-20.0,140.625,-0.3253746
2090-01-01T12:00:00Z,-20.0,142.5,0.50611
2090-01-01T12:00:00Z,-20.0,144.375,0.6936078
2090-01-01T12:00:00Z,-20.0,146.25,1.143227
2090-01-01T12:00:00Z,-20.0,148.125,1.2204092
2090-01-01T12:00:00Z,-20.0,150.0,1.4217362
2090-01-01T12:00:00Z,-20.0,151.875,1.810658
2090-01-01T12:00:00Z,-20.0,153.75,1.6962582
2090-01-01T12:00:00Z,-20.0,155.625,1.8074158
2090-01-01T12:00:00Z,-20.0,157.5,1.5256921
2090-01-01T12:00:00Z,-20.0,159.375,1.3180959
2090-01-01T12:00:00Z,-20.0,161.25,1.2863401
2090-01-01T12:00:00Z,-20.0,163.125,1.4546858
2090-01-01T12:00:00Z,-20.0,165.0,1.7214181
2090-01-01T12:00:00Z,-20.0,166.875,1.9214703
2090-01-01T12:00:00Z,-20.0,168.75,1.5387919
2090-01-01T12:00:00Z,-20.0,170.625,1.4333452
2090-01-01T12:00:00Z,-20.0,172.5,1.581872
2090-01-01T12:00:00Z,-20.0,174.375,1.9052604
2090-01-01T12:00:00Z,-20.0,176.25,2.419409
2090-01-01T12:00:00Z,-20.0,178.125,2.2570024
2090-01-01T12:00:00Z,-20.0,180.0,2.062112
2090-01-01T12:00:00Z,-18.75,90.0,-3.0853539
2090-01-01T12:00:00Z,-18.75,91.875,-2.9217744
2090-01-01T12:00:00Z,-18.75,93.75,-2.4109857
2090-01-01T12:00:00Z,-18.75,95.625,-1.6765778
2090-01-01T12:00:00Z,-18.75,97.5,-1.2896731
2090-01-01T12:00:00Z,-18.75,99.375,-1.2318748
2090-01-01T12:00:00Z,-18.75,101.25,-1.2954096
2090-01-01T12:00:00Z,-18.75,103.125,-1.1313195
2090-01-01T12:00:00Z,-18.75,105.0,-0.70446384
2090-01-01T12:00:00Z,-18.75,106.875,0.21155277
2090-01-01T12:00:00Z,-18.75,108.75,-0.1275503
2090-01-01T12:00:00Z,-18.75,110.625,-0.673375
2090-01-01T12:00:00Z,-18.75,112.5,-0.97074246
2090-01-01T12:00:00Z,-18.75,114.375,-1.2977409
2090-01-01T12:00:00Z,-18.75,116.25,-1.4777954
2090-01-01T12:00:00Z,-18.75,118.125,-1.8076205
2090-01-01T12:00:00Z,-18.75,120.0,-2.67899
2090-01-01T12:00:00Z,-18.75,121.875,-1.9509686
2090-01-01T12:00:00Z,-18.75,123.75,-1.5779192
2090-01-01T12:00:00Z,-18.75,125.625,-1.3618724
2090-01-01T12:00:00Z,-18.75,127.5,-1.1981539
2090-01-01T12:00:00Z,-18.75,129.375,-0.7368065
2090-01-01T12:00:00Z,-18.75,131.25,-0.4242744
2090-01-01T12:00:00Z,-18.75,133.125,-0.3220112
2090-01-01T12:00:00Z,-18.75,135.0,-0.17985807
2090-01-01T12:00:00Z,-18.75,136.875,-0.0952616
2090-01-01T12:00:00Z,-18.75,138.75,-0.14328232
2090-01-01T12:00:00Z,-18.75,140.625,-0.17074738
2090-01-01T12:00:00Z,-18.75,142.5,0.9968241
2090-01-01T12:00:00Z,-18.75,144.375,1.0422927
2090-01-01T12:00:00Z,-18.75,146.25,0.8740967
2090-01-01T12:00:00Z,-18.75,148.125,0.97334784
2090-01-01T12:00:00Z,-18.75,150.0,1.4824712
2090-01-01T12:00:00Z,-18.75,151.875,1.4042716
2090-01-01T12:00:00Z,-18.75,153.75,1.2315677
2090-01-01T12:00:00Z,-18.75,155.625,1.0221424
2090-01-01T12:00:00Z,-18.75,157.5,1.0390002
2090-01-01T12:00:00Z,-18.75,159.375,0.88859034
2090-01-01T12:00:00Z,-18.75,161.25,0.84139174
2090-01-01T12:00:00Z,-18.75,163.125,1.0923117
2090-01-01T12:00:00Z,-18.75,165.0,1.198862
2090-01-01T12:00:00Z,-18.75,166.875,1.0760682
2090-01-01T12:00:00Z,-18.75,168.75,0.7741491
2090-01-01T12:00:00Z,-18.75,170.625,0.91969734
2090-01-01T12:00:00Z,-18.75,172.5,0.8903093
2090-01-01T12:00:00Z,-18.75,174.375,1.4296185
2090-01-01T12:00:00Z,-18.75,176.25,1.126423
2090-01-01T12:00:00Z,-18.75,178.125,0.9783185
2090-01-01T12:00:00Z,-18.75,180.0,0.64656955
2090-01-01T12:00:00Z,-17.5,90.0,-2.486174
2090-01-01T12:00:00Z,-17.5,91.875,-2.2643325
2090-01-01T12:00:00Z,-17.5,93.75,-1.7423365
2090-01-01T12:00:00Z,-17.5,95.625,-1.3870555
2090-01-01T12:00:00Z,-17.5,97.5,-1.3835775
2090-01-01T12:00:00Z,-17.5,99.375,-1.3219784
2090-01-01T12:00:00Z,-17.5,101.25,-0.66341513
2090-01-01T12:00:00Z,-17.5,103.125,-0.22572042
2090-01-01T12:00:00Z,-17.5,105.0,-0.04015842
2090-01-01T12:00:00Z,-17.5,106.875,0.13773642
2090-01-01T12:00:00Z,-17.5,108.75,-0.0728844
2090-01-01T12:00:00Z,-17.5,110.625,-0.17847371
2090-01-01T12:00:00Z,-17.5,112.5,-0.7267312
2090-01-01T12:00:00Z,-17.5,114.375,-0.7814187
2090-01-01T12:00:00Z,-17.5,116.25,-1.2059174
2090-01-01T12:00:00Z,-17.5,118.125,-1.3303956
2090-01-01T12:00:00Z,-17.5,120.0,-2.2930043
2090-01-01T12:00:00Z,-17.5,121.875,-1.9739277
2090-01-01T12:00:00Z,-17.5,123.75,-1.7543352
2090-01-01T12:00:00Z,-17.5,125.625,-1.5941489
2090-01-01T12:00:00Z,-17.5,127.5,-1.338879
2090-01-01T12:00:00Z,-17.5,129.375,-0.9696081
2090-01-01T12:00:00Z,-17.5,131.25,-0.4378142
2090-01-01T12:00:00Z,-17.5,133.125,-0.31764677
2090-01-01T12:00:00Z,-17.5,135.0,0.042581182
2090-01-01T12:00:00Z,-17.5,136.875,0.05659587
2090-01-01T12:00:00Z,-17.5,138.75,0.18653236
2090-01-01T12:00:00Z,-17.5,140.625,0.26474556
2090-01-01T12:00:00Z,-17.5,142.5,1.1146449
2090-01-01T12:00:00Z,-17.5,144.375,0.7678188
2090-01-01T12:00:00Z,-17.5,146.25,0.6526866
2090-01-01T12:00:00Z,-17.5,148.125,1.003526
2090-01-01T12:00:00Z,-17.5,150.0,1.0169059
2090-01-01T12:00:00Z,-17.5,151.875,0.852339
2090-01-01T12:00:00Z,-17.5,153.75,0.5563592
2090-01-01T12:00:00Z,-17.5,155.625,0.7464479
2090-01-01T12:00:00Z,-17.5,157.5,0.6041107
2090-01-01T12:00:00Z,-17.5,159.375,0.4841432
2090-01-01T12:00:00Z,-17.5,161.25,0.5806009
2090-01-01T12:00:00Z,-17.5,163.125,0.5545765
2090-01-01T12:00:00Z,-17.5,165.0,0.24198575
2090-01-01T12:00:00Z,-17.5,166.875,0.33247182
2090-01-01T12:00:00Z,-17.5,168.75,0.326643
2090-01-01T12:00:00Z,-17.5,170.625,0.4935095
2090-01-01T12:00:00Z,-17.5,172.5,0.14148764
2090-01-01T12:00:00Z,-17.5,174.375,0.0908436
2090-01-01T12:00:00Z,-17.5,176.25,0.17572704
2090-01-01T12:00:00Z,-17.5,178.125,-0.5908003
2090-01-01T12:00:00Z,-17.5,180.0,-0.89290935
2090-01-01T12:00:00Z,-16.25,90.0,-1.6688379
2090-01-01T12:00:00Z,-16.25,91.875,-1.6407903
2090-01-01T12:00:00Z,-16.25,93.75,-1.5626814
2090-01-01T12:00:00Z,-16.25,95.625,-1.1548986
2090-01-01T12:00:00Z,-16.25,97.5,-1.2400628
2090-01-01T12:00:00Z,-16.25,99.375,-0.750909
2090-01-01T12:00:00Z,-16.25,101.25,-0.37209094
2090-01-01T12:00:00Z,-16.25,103.125,0.17023347
2090-01-01T12:00:00Z,-16.25,105.0,0.04477103
2090-01-01T12:00:00Z,-16.25,106.875,0.27029875
2090-01-01T12:00:00Z,-16.25,108.75,0.6041871
2090-01-01T12:00:00Z,-16.25,110.625,0.3269859
2090-01-01T12:00:00Z,-16.25,112.5,-0.36505663
2090-01-01T12:00:00Z,-16.25,114.375,-0.44727457
2090-01-01T12:00:00Z,-16.25,116.25,-0.7996858
2090-01-01T12:00:00Z,-16.25,118.125,-1.0823666
2090-01-01T12:00:00Z,-16.25,120.0,-1.7134349
2090-01-01T12:00:00Z,-16.25,121.875,-2.6317015
2090-01-01T12:00:00Z,-16.25,123.75,-1.7746166
2090-01-01T12:00:00Z,-16.25,125.625,-1.7957243
2090-01-01T12:00:00Z,-16.25,127.5,-1.2677101
2090-01-01T12:00:00Z,-16.25,129.375,-1.2211002
2090-01-01T12:00:00Z,-16.25,131.25,-0.31768185
2090-01-01T12:00:00Z,-16.25,133.125,-0.06224052
2090-01-01T12:00:00Z,-16.25,135.0,0.18010788
2090-01-01T12:00:00Z,-16.25,136.875,0.25980973
2090-01-01T12:00:00Z,-16.25,138.75,0.3424152
2090-01-01T12:00:00Z,-16.25,140.625,0.28137523
2090-01-01T12:00:00Z,-16.25,142.5,1.0081811
2090-01-01T12:00:00Z,-16.25,144.375,0.48096386
2090-01-01T12:00:00Z,-16.25,146.25,0.67490387
2090-01-01T12:00:00Z,-16.25,148.125,0.7712183
2090-01-01T12:00:00Z,-16.25,150.0,0.6628666
2090-01-01T12:00:00Z,-16.25,151.875,0.3452128
2090-01-01T12:00:00Z,-16.25,153.75,0.57028
2090-01-01T12:00:00Z,-16.25,155.625,0.5719667
2090-01-01T12:00:00Z,-16.25,157.5,0.6835098
2090-01-01T12:00:00Z,-16.25,159.375,0.62649846
2090-01-01T12:00:00Z,-16.25,161.25,0.56132674
2090-01-01T12:00:00Z,-16.25,163.125,0.29586896
2090-01-01T12:00:00Z,-16.25,165.0,0.08036509
2090-01-01T12:00:00Z,-16.25,166.875,0.36119023
2090-01-01T12:00:00Z,-16.25,168.75,-0.04223343
2090-01-01T12:00:00Z,-16.25,170.625,-0.32366344
2090-01-01T12:00:00Z,-16.25,172.5,-0.8250528
2090-01-01T12:00:00Z,-16.25,174.375,-1.0585068
2090-01-01T12:00:00Z,-16.25,176.25,-1.4007759
2090-01-01T12:00:00Z,-16.25,178.125,-1.56561
2090-01-01T12:00:00Z,-16.25,180.0,-1.5767007
2090-01-01T12:00:00Z,-15.0,90.0,-1.5130354
2090-01-01T12:00:00Z,-15.0,91.875,-1.2391512
2090-01-01T12:00:00Z,-15.0,93.75,-1.2587414
2090-01-01T12:00:00Z,-15.0,95.625,-1.1143614
2090-01-01T12:00:00Z,-15.0,97.5,-0.5988364
2090-01-01T12:00:00Z,-15.0,99.375,-0.65112877
2090-01-01T12:00:00Z,-15.0,101.25,-0.49210486
2090-01-01T12:00:00Z,-15.0,103.125,0.17832822
2090-01-01T12:00:00Z,-15.0,105.0,0.083541736
2090-01-01T12:00:00Z,-15.0,106.875,0.16485216
2090-01-01T12:00:00Z,-15.0,108.75,0.4756192
2090-01-01T12:00:00Z,-15.0,110.625,0.34130272
2090-01-01T12:00:00Z,-15.0,112.5,0.05233901
2090-01-01T12:00:00Z,-15.0,114.375,-0.10818851
2090-01-01T12:00:00Z,-15.0,116.25,-0.45147377
2090-01-01T12:00:00Z,-15.0,118.125,-0.742095
2090-01-01T12:00:00Z,-15.0,120.0,-1.179341
2090-01-01T12:00:00Z,-15.0,121.875,-1.4388043
2090-01-01T12:00:00Z,-15.0,123.75,-2.262678
2090-01-01T12:00:00Z,-15.0,125.625,-1.3405558
2090-01-01T12:00:00Z,-15.0,127.5,-1.1198541
2090-01-01T12:00:00Z,-15.0,129.375,-1.1916001
2090-01-01T12:00:00Z,-15.0,131.25,-0.29063833
2090-01-01T12:00:00Z,-15.0,133.125,0.20984009
2090-01-01T12:00:00Z,-15.0,135.0,0.42928123
2090-01-01T12:00:00Z,-15.0,136.875,0.29991537
2090-01-01T12:00:00Z,-15.0,138.75,0.22168235
2090-01-01T12:00:00Z,-15.0,140.625,-0.12436428
2090-01-01T12:00:00Z,-15.0,142.5,0.610747
2090-01-01T12:00:00Z,-15.0,144.375,0.15568751
2090-01-01T12:00:00Z,-15.0,146.25,0.4094046
2090-01-01T12:00:00Z,-15.0,148.125,0.11132533
2090-01-01T12:00:00Z,-15.0,150.0,-0.20078823
2090-01-01T12:00:00Z,-15.0,151.875,0.062889256
2090-01-01T12:00:00Z,-15.0,153.75,0.13807839
2090-01-01T12:00:00Z,-15.0,155.625,0.39620942
2090-01-01T12:00:00Z,-15.0,157.5,0.15540713
2090-01-01T12:00:00Z,-15.0,159.375,0.29289418
2090-01-01T12:00:00Z,-15.0,161.25,-0.015269348
2090-01-01T12:00:00Z,-15.0,163.125,-0.2762783
2090-01-01T12:00:00Z,-15.0,165.0,-0.21767023
2090-01-01T12:00:00Z,-15.0,166.875,-0.58312696
2090-01-01T12:00:00Z,-15.0,168.75,-1.3979478
2090-01-01T12:00:00Z,-15.0,170.625,-1.9365908
2090-01-01T12:00:00Z,-15.0,172.5,-2.3393588
2090-01-01T12:00:00Z,-15.0,174.375,-2.7226284
2090-01-01T12:00:00Z,-15.0,176.25,-2.411025
2090-01-01T12:00:00Z,-15.0,178.125,-2.436266
2090-01-01T12:00:00Z,-15.0,180.0,-2.3114414
2090-01-01T12:00:00Z,-13.75,90.0,-1.2882638
2090-01-01T12:00:00Z,-13.75,91.875,-0.8597672
2090-01-01T12:00:00Z,-13.75,93.75,-0.76619154
2090-01-01T12:00:00Z,-13.75,95.625,-0.6636228
2090-01-01T12:00:00Z,-13.75,97.5,-0.7129009
2090-01-01T12:00:00Z,-13.75,99.375,-0.44707608
2090-01-01T12:00:00Z,-13.75,101.25,-0.3238219
2090-01-01T12:00:00Z,-13.75,103.125,-0.10605896
2090-01-01T12:00:00Z,-13.75,105.0,0.28548765
2090-01-01T12:00:00Z,-13.75,106.875,0.6196715
2090-01-01T12:00:00Z,-13.75,108.75,0.6377375
2090-01-01T12:00:00Z,-13.75,110.625,0.4404229
2090-01-01T12:00:00Z,-13.75,112.5,0.19580065
2090-01-01T12:00:00Z,-13.75,114.375,0.1299078
2090-01-01T12:00:00Z,-13.75,116.25,-0.038117923
2090-01-01T12:00:00Z,-13.75,118.125,-0.27438068
2090-01-01T12:00:00Z,-13.75,120.0,-0.5167399
2090-01-01T12:00:00Z,-13.75,121.875,-0.7120958
2090-01-01T12:00:00Z,-13.75,123.75,-1.3246808
2090-01-01T12:00:00Z,-13.75,125.625,-1.2390172
2090-01-01T12:00:00Z,-13.75,127.5,-1.0901783
2090-01-01T12:00:00Z,-13.75,129.375,-1.4173459
2090-01-01T12:00:00Z,-13.75,131.25,-0.16220793
2090-01-01T12:00:00Z,-13.75,133.125,0.44995078
2090-01-01T12:00:00Z,-13.75,135.0,0.37644163
2090-01-01T12:00:00Z,-13.75,136.875,0.7053074
2090-01-01T12:00:00Z,-13.75,138.75,0.1422774
2090-01-01T12:00:00Z,-13.75,140.625,-0.1942729
2090-01-01T12:00:00Z,-13.75,142.5,0.05193046
2090-01-01T12:00:00Z,-13.75,144.375,-0.12971036
2090-01-01T12:00:00Z,-13.75,146.25,-0.36774546
2090-01-01T12:00:00Z,-13.75,148.125,-0.23608342
2090-01-01T12:00:00Z,-13.75,150.0,-0.6857482
2090-01-01T12:00:00Z,-13.75,151.875,-0.3796289
2090-01-01T12:00:00Z,-13.75,153.75,0.09252301
2090-01-01T12:00:00Z,-13.75,155.625,0.112087235
2090-01-01T12:00:00Z,-13.75,157.5,0.04470419
2090-01-01T12:00:00Z,-13.75,159.375,-0.24202353
2090-01-01T12:00:00Z,-13.75,161.25,-0.6046313
2090-01-01T12:00:00Z,-13.75,163.125,-0.6292196
2090-01-01T12:00:00Z,-13.75,165.0,-1.2916279
2090-01-01T12:00:00Z,-13.75,166.875,-1.6734686
2090-01-01T12:00:00Z,-13.75,168.75,-2.5652711
2090-01-01T12:00:00Z,-13.75,170.625,-3.0174632
2090-01-01T12:00:00Z,-13.75,172.5,-3.631158
2090-01-01T12:00:00Z,-13.75,174.375,-4.3134704
2090-01-01T12:00:00Z,-13.75,176.25,-3.8941665
2090-01-01T12:00:00Z,-13.75,178.125,-3.8756776
2090-01-01T12:00:00Z,-13.75,180.0,-3.5377598
2090-01-01T12:00:00Z,-12.5,90.0,-0.4280093
2090-01-01T12:00:00Z,-12.5,91.875,-0.20656025
2090-01-01T12:00:00Z,-12.5,93.75,-0.45462695
2090-01-01T12:00:00Z,-12.5,95.625,-0.36989513
2090-01-01T12:00:00Z,-12.5,97.5,-0.19340181
2090-01-01T12:00:00Z,-12.5,99.375,0.10021632
2090-01-01T12:00:00Z,-12.5,101.25,0.2608149
2090-01-01T12:00:00Z,-12.5,103.125,0.30236048
2090-01-01T12:00:00Z,-12.5,105.0,0.7553418
2090-01-01T12:00:00Z,-12.5,106.875,1.1215162
2090-01-01T12:00:00Z,-12.5,108.75,0.94550353
2090-01-01T12:00:00Z,-12.5,110.625,0.92414486
2090-01-01T12:00:00Z,-12.5,112.5,0.5025204
2090-01-01T12:00:00Z,-12.5,114.375,0.39694056
2090-01-01T12:00:00Z,-12.5,116.25,0.451366
2090-01-01T12:00:00Z,-12.5,118.125,0.6368838
2090-01-01T12:00:00Z,-12.5,120.0,0.5116685
2090-01-01T12:00:00Z,-12.5,121.875,0.41919845
2090-01-01T12:00:00Z,-12.5,123.75,0.048381854
2090-01-01T12:00:00Z,-12.5,125.625,-0.33754256
2090-01-01T12:00:00Z,-12.5,127.5,-0.6541305
2090-01-01T12:00:00Z,-12.5,129.375,-0.7957469
2090-01-01T12:00:00Z,-12.5,131.25,0.2016317
2090-01-01T12:00:00Z,-12.5,133.125,0.41036248
2090-01-01T12:00:00Z,-12.5,135.0,0.58643204
2090-01-01T12:00:00Z,-12.5,136.875,0.6087239
2090-01-01T12:00:00Z,-12.5,138.75,0.22061867
2090-01-01T12:00:00Z,-12.5,140.625,-0.4711278
2090-01-01T12:00:00Z,-12.5,142.5,-0.6538508
2090-01-01T12:00:00Z,-12.5,144.375,-0.83149886
2090-01-01T12:00:00Z,-12.5,146.25,-0.45477265
2090-01-01T12:00:00Z,-12.5,148.125,0.052937638
2090-01-01T12:00:00Z,-12.5,150.0,-0.46337694
2090-01-01T12:00:00Z,-12.5,151.875,-0.24561825
2090-01-01T12:00:00Z,-12.5,153.75,0.076927036
2090-01-01T12:00:00Z,-12.5,155.625,0.0022515813
2090-01-01T12:00:00Z,-12.5,157.5,-0.14658226
2090-01-01T12:00:00Z,-12.5,159.375,-0.73689824
2090-01-01T12:00:00Z,-12.5,161.25,-1.2192519
2090-01-01T12:00:00Z,-12.5,163.125,-1.4219687
2090-01-01T12:00:00Z,-12.5,165.0,-2.3229074
2090-01-01T12:00:00Z,-12.5,166.875,-2.8474293
2090-01-01T12:00:00Z,-12.5,168.75,-3.3746085
2090-01-01T12:00:00Z,-12.5,170.625,-3.907778
2090-01-01T12:00:00Z,-12.5,172.5,-4.361928
2090-01-01T12:00:00Z,-12.5,174.375,-4.5204535
2090-01-01T12:00:00Z,-12.5,176.25,-4.3530674
2090-01-01T12:00:00Z,-12.5,178.125,-4.591952
2090-01-01T12:00:00Z,-12.5,180.0,-4.5291314
2090-01-01T12:00:00Z,-11.25,90.0,-0.11061248
2090-01-01T12:00:00Z,-11.25,91.875,0.40229422
2090-01-01T12:00:00Z,-11.25,93.75,0.18197322
2090-01-01T12:00:00Z,-11.25,95.625,0.08076805
2090-01-01T12:00:00Z,-11.25,97.5,0.2831522
2090-01-01T12:00:00Z,-11.25,99.375,0.6704185
2090-01-01T12:00:00Z,-11.25,101.25,0.619939
2090-01-01T12:00:00Z,-11.25,103.125,0.61149913
2090-01-01T12:00:00Z,-11.25,105.0,0.76553684
2090-01-01T12:00:00Z,-11.25,106.875,0.7527079
2090-01-01T12:00:00Z,-11.25,108.75,0.81262827
2090-01-01T12:00:00Z,-11.25,110.625,1.0118217
2090-01-01T12:00:00Z,-11.25,112.5,0.9402891
2090-01-01T12:00:00Z,-11.25,114.375,0.8397602
2090-01-01T12:00:00Z,-11.25,116.25,1.2049677
2090-01-01T12:00:00Z,-11.25,118.125,1.2144227
2090-01-01T12:00:00Z,-11.25,120.0,1.1237525
2090-01-01T12:00:00Z,-11.25,121.875,1.079268
2090-01-01T12:00:00Z,-11.25,123.75,0.85670197
2090-01-01T12:00:00Z,-11.25,125.625,0.5708939
2090-01-01T12:00:00Z,-11.25,127.5,-0.18763547
2090-01-01T12:00:00Z,-11.25,129.375,-0.0563444
2090-01-01T12:00:00Z,-11.25,131.25,0.06421905
2090-01-01T12:00:00Z,-11.25,133.125,0.4172505
2090-01-01T12:00:00Z,-11.25,135.0,0.0769919
2090-01-01T12:00:00Z,-11.25,136.875,0.095563434
2090-01-01T12:00:00Z,-11.25,138.75,-0.09056707
2090-01-01T12:00:00Z,-11.25,140.625,-0.5171007
2090-01-01T12:00:00Z,-11.25,142.5,-0.725821
2090-01-01T12:00:00Z,-11.25,144.375,-1.089521
2090-01-01T12:00:00Z,-11.25,146.25,-0.15088788
2090-01-01T12:00:00Z,-11.25,148.125,-0.32014593
2090-01-01T12:00:00Z,-11.25,150.0,-0.59473157
2090-01-01T12:00:00Z,-11.25,151.875,-0.026745088
2090-01-01T12:00:00Z,-11.25,153.75,-0.2581181
2090-01-01T12:00:00Z,-11.25,155.625,-0.7618561
2090-01-01T12:00:00Z,-11.25,157.5,-1.033159
2090-01-01T12:00:00Z,-11.25,159.375,-1.8575732
2090-01-01T12:00:00Z,-11.25,161.25,-2.2447317
2090-01-01T12:00:00Z,-11.25,163.125,-2.6487644
2090-01-01T12:00:00Z,-11.25,165.0,-3.7972243
2090-01-01T12:00:00Z,-11.25,166.875,-4.137739
2090-01-01T12:00:00Z,-11.25,168.75,-4.8832903
2090-01-01T12:00:00Z,-11.25,170.625,-5.217432
2090-01-01T12:00:00Z,-11.25,172.5,-5.2982717
2090-01-01T12:00:00Z,-11.25,174.375,-5.2103276
2090-01-01T12:00:00Z,-11.25,176.25,-5.1974173
2090-01-01T12:00:00Z,-11.25,178.125,-5.1178946
2090-01-01T12:00:00Z,-11.25,180.0,-4.9275184
2090-01-01T12:00:00Z,-10.0,90.0,0.40797603
2090-01-01T12:00:00Z,-10.0,91.875,0.8167601
2090-01-01T12:00:00Z,-10.0,93.75,0.9364035
2090-01-01T12:00:00Z,-10.0,95.625,0.5335099
2090-01-01T12:00:00Z,-10.0,97.5,0.79209524
2090-01-01T12:00:00Z,-10.0,99.375,1.0948672
2090-01-01T12:00:00Z,-10.0,101.25,0.7467827
2090-01-01T12:00:00Z,-10.0,103.125,0.7784985
2090-01-01T12:00:00Z,-10.0,105.0,0.95431954
2090-01-01T12:00:00Z,-10.0,106.875,1.0865809
2090-01-01T12:00:00Z,-10.0,108.75,0.99317056
2090-01-01T12:00:00Z,-10.0,110.625,0.7327141
2090-01-01T12:00:00Z,-10.0,112.5,0.9478424
2090-01-01T12:00:00Z,-10.0,114.375,0.86606866
2090-01-01T12:00:00Z,-10.0,116.25,1.0191464
2090-01-01T12:00:00Z,-10.0,118.125,0.9636663
2090-01-01T12:00:00Z,-10.0,120.0,1.4370333
2090-01-01T12:00:00Z,-10.0,121.875,1.0760541
2090-01-01T12:00:00Z,-10.0,123.75,1.4525176
2090-01-01T12:00:00Z,-10.0,125.625,0.72949445
2090-01-01T12:00:00Z,-10.0,127.5,0.020375514
2090-01-01T12:00:00Z,-10.0,129.375,0.26077926
2090-01-01T12:00:00Z,-10.0,131.25,-0.13874254
2090-01-01T12:00:00Z,-10.0,133.125,0.4498855
2090-01-01T12:00:00Z,-10.0,135.0,0.68166333
2090-01-01T12:00:00Z,-10.0,136.875,0.21176465
2090-01-01T12:00:00Z,-10.0,138.75,0.2233003
2090-01-01T12:00:00Z,-10.0,140.625,-0.25551587
2090-01-01T12:00:00Z,-10.0,142.5,-0.9276934
2090-01-01T12:00:00Z,-10.0,144.375,-1.3337905
2090-01-01T12:00:00Z,-10.0,146.25,-1.1578442
2090-01-01T12:00:00Z,-10.0,148.125,-0.9940306
2090-01-01T12:00:00Z,-10.0,150.0,-1.7179711
2090-01-01T12:00:00Z,-10.0,151.875,-1.0047747
2090-01-01T12:00:00Z,-10.0,153.75,-1.5514936
2090-01-01T12:00:00Z,-10.0,155.625,-2.23882
2090-01-01T12:00:00Z,-10.0,157.5,-2.9885943
2090-01-01T12:00:00Z,-10.0,159.375,-2.9808717
2090-01-01T12:00:00Z,-10.0,161.25,-3.4197395
2090-01-01T12:00:00Z,-10.0,163.125,-4.803529
2090-01-01T12:00:00Z,-10.0,165.0,-5.2634034
2090-01-01T12:00:00Z,-10.0,166.875,-5.35513
2090-01-01T12:00:00Z,-10.0,168.75,-5.6941056
2090-01-01T12:00:00Z,-10.0,170.625,-6.0446825
2090-01-01T12:00:00Z,-10.0,172.5,-5.86302
2090-01-01T12:00:00Z,-10.0,174.375,-5.7305384
2090-01-01T12:00:00Z,-10.0,176.25,-5.7350755
2090-01-01T12:00:00Z,-10.0,178.125,-5.6408167
2090-01-01T12:00:00Z,-10.0,180.0,-5.199172
2090-01-01T12:00:00Z,-8.75,90.0,1.1503583
2090-01-01T12:00:00Z,-8.75,91.875,1.3996509
2090-01-01T12:00:00Z,-8.75,93.75,1.7055362
2090-01-01T12:00:00Z,-8.75,95.625,1.8124979
2090-01-01T12:00:00Z,-8.75,97.5,1.7675933
2090-01-01T12:00:00Z,-8.75,99.375,1.7003684
2090-01-01T12:00:00Z,-8.75,101.25,1.3685402
2090-01-01T12:00:00Z,-8.75,103.125,1.2089272
2090-01-01T12:00:00Z,-8.75,105.0,1.3056736
2090-01-01T12:00:00Z,-8.75,106.875,1.3194476
2090-01-01T12:00:00Z,-8.75,108.75,1.3355001
2090-01-01T12:00:00Z,-8.75,110.625,1.2352672
2090-01-01T12:00:00Z,-8.75,112.5,1.4122713
2090-01-01T12:00:00Z,-8.75,114.375,0.8443353
2090-01-01T12:00:00Z,-8.75,116.25,1.1864631
2090-01-01T12:00:00Z,-8.75,118.125,1.2986628
2090-01-01T12:00:00Z,-8.75,120.0,1.9649657
2090-01-01T12:00:00Z,-8.75,121.875,1.5346662
2090-01-01T12:00:00Z,-8.75,123.75,1.1465802
2090-01-01T12:00:00Z,-8.75,125.625,1.9640033
2090-01-01T12:00:00Z,-8.75,127.5,1.16021
2090-01-01T12:00:00Z,-8.75,129.375,0.96477276
2090-01-01T12:00:00Z,-8.75,131.25,0.6803696
2090-01-01T12:00:00Z,-8.75,133.125,0.5825627
2090-01-01T12:00:00Z,-8.75,135.0,0.608928
2090-01-01T12:00:00Z,-8.75,136.875,0.59227425
2090-01-01T12:00:00Z,-8.75,138.75,0.590204
2090-01-01T12:00:00Z,-8.75,140.625,-0.0012237843
2090-01-01T12:00:00Z,-8.75,142.5,-1.3556978
2090-01-01T12:00:00Z,-8.75,144.375,-3.3326914
2090-01-01T12:00:00Z,-8.75,146.25,-1.8753899
2090-01-01T12:00:00Z,-8.75,148.125,-0.9297794
2090-01-01T12:00:00Z,-8.75,150.0,-0.118018135
2090-01-01T12:00:00Z,-8.75,151.875,-1.4492638
2090-01-01T12:00:00Z,-8.75,153.75,-2.7903552
2090-01-01T12:00:00Z,-8.75,155.625,-3.0962622
2090-01-01T12:00:00Z,-8.75,157.5,-3.365551
2090-01-01T12:00:00Z,-8.75,159.375,-3.5116217
2090-01-01T12:00:00Z,-8.75,161.25,-5.488055
2090-01-01T12:00:00Z,-8.75,163.125,-6.337701
2090-01-01T12:00:00Z,-8.75,165.0,-6.7996635
2090-01-01T12:00:00Z,-8.75,166.875,-7.02707
2090-01-01T12:00:00Z,-8.75,168.75,-7.325994
2090-01-01T12:00:00Z,-8.75,170.625,-6.8469133
2090-01-01T12:00:00Z,-8.75,172.5,-6.3803205
2090-01-01T12:00:00Z,-8.75,174.375,-6.6574836
2090-01-01T12:00:00Z,-8.75,176.25,-5.6471386
2090-01-01T12:00:00Z,-8.75,178.125,-5.320586
2090-01-01T12:00:00Z,-8.75,180.0,-5.3849025
2090-01-01T12:00:00Z,-7.5,90.0,1.9461411
2090-01-01T12:00:00Z,-7.5,91.875,2.1111083
2090-01-01T12:00:00Z,-7.5,93.75,2.2849946
2090-01-01T12:00:00Z,-7.5,95.625,2.1122878
2090-01-01T12:00:00Z,-7.5,97.5,2.1248245
2090-01-01T12:00:00Z,-7.5,99.375,1.9638524
2090-01-01T12:00:00Z,-7.5,101.25,1.9309678
2090-01-01T12:00:00Z,-7.5,103.125,1.6484742
2090-01-01T12:00:00Z,-7.5,105.0,1.192528
2090-01-01T12:00:00Z,-7.5,106.875,1.377747
2090-01-01T12:00:00Z,-7.5,108.75,1.2555978
2090-01-01T12:00:00Z,-7.5,110.625,1.4521146
2090-01-01T12:00:00Z,-7.5,112.5,2.536861
2090-01-01T12:00:00Z,-7.5,114.375,1.3412889
2090-01-01T12:00:00Z,-7.5,116.25,1.8436799
2090-01-01T12:00:00Z,-7.5,118.125,1.438557
2090-01-01T12:00:00Z,-7.5,120.0,1.6954954
2090-01-01T12:00:00Z,-7.5,121.875,0.7855601
2090-01-01T12:00:00Z,-7.5,123.75,0.83208925
2090-01-01T12:00:00Z,-7.5,125.625,1.3820556
2090-01-01T12:00:00Z,-7.5,127.5,1.87627
2090-01-01T12:00:00Z,-7.5,129.375,1.0820115
2090-01-01T12:00:00Z,-7.5,131.25,1.3585768
2090-01-01T12:00:00Z,-7.5,133.125,0.5378327
2090-01-01T12:00:00Z,-7.5,135.0,0.42681843
2090-01-01T12:00:00Z,-7.5,136.875,0.9691805
2090-01-01T12:00:00Z,-7.5,138.75,1.9119585
2090-01-01T12:00:00Z,-7.5,140.625,0.21610261
2090-01-01T12:00:00Z,-7.5,142.5,-1.5601801
2090-01-01T12:00:00Z,-7.5,144.375,-3.0766814
2090-01-01T12:00:00Z,-7.5,146.25,-1.5218668
2090-01-01T12:00:00Z,-7.5,148.125,-1.464437
2090-01-01T12:00:00Z,-7.5,150.0,-1.0659692
2090-01-01T12:00:00Z,-7.5,151.875,-2.9647431
2090-01-01T12:00:00Z,-7.5,153.75,-3.168125
2090-01-01T12:00:00Z,-7.5,155.625,-3.6620135
2090-01-01T12:00:00Z,-7.5,157.5,-4.443583
2090-01-01T12:00:00Z,-7.5,159.375,-5.03076
2090-01-01T12:00:00Z,-7.5,161.25,-7.1171627
2090-01-01T12:00:00Z,-7.5,163.125,-8.171828
2090-01-01T12:00:00Z,-7.5,165.0,-8.527093
2090-01-01T12:00:00Z,-7.5,166.875,-8.40491
2090-01-01T12:00:00Z,-7.5,168.75,-8.136029
2090-01-01T12:00:00Z,-7.5,170.625,-7.9277997
2090-01-01T12:00:00Z,-7.5,172.5,-7.139173
2090-01-01T12:00:00Z,-7.5,174.375,-6.9729767
2090-01-01T12:00:00Z,-7.5,176.25,-6.653759
2090-01-01T12:00:00Z,-7.5,178.125,-5.646713
2090-01-01T12:00:00Z,-7.5,180.0,-5.3083515
2090-01-01T12:00:00Z,-6.25,90.0,2.6191518
2090-01-01T12:00:00Z,-6.25,91.875,2.7428565
2090-01-01T12:00:00Z,-6.25,93.75,2.6620824
2090-01-01T12:00:00Z,-6.25,95.625,2.7558281
2090-01-01T12:00:00Z,-6.25,97.5,2.5648508
2090-01-01T12:00:00Z,-6.25,99.375,2.254088
2090-01-01T12:00:00Z,-6.25,101.25,2.0379698
2090-01-01T12:00:00Z,-6.25,103.125,1.7710168
2090-01-01T12:00:00Z,-6.25,105.0,1.957637
2090-01-01T12:00:00Z,-6.25,106.875,3.6287742
2090-01-01T12:00:00Z,-6.25,108.75,2.217825
2090-01-01T12:00:00Z,-6.25,110.625,1.9727143
2090-01-01T12:00:00Z,-6.25,112.5,2.4157999
2090-01-01T12:00:00Z,-6.25,114.375,2.3186142
2090-01-01T12:00:00Z,-6.25,116.25,1.912716
2090-01-01T12:00:00Z,-6.25,118.125,1.1441314
2090-01-01T12:00:00Z,-6.25,120.0,1.4607247
2090-01-01T12:00:00Z,-6.25,121.875,1.5435557
2090-01-01T12:00:00Z,-6.25,123.75,1.768592
2090-01-01T12:00:00Z,-6.25,125.625,1.9278942
2090-01-01T12:00:00Z,-6.25,127.5,2.1757703
2090-01-01T12:00:00Z,-6.25,129.375,1.286671
2090-01-01T12:00:00Z,-6.25,131.25,0.8707091
2090-01-01T12:00:00Z,-6.25,133.125,0.4296311
2090-01-01T12:00:00Z,-6.25,135.0,-0.54752594
2090-01-01T12:00:00Z,-6.25,136.875,-1.3243207
2090-01-01T12:00:00Z,-6.25,138.75,0.07677173
2090-01-01T12:00:00Z,-6.25,140.625,0.690033
2090-01-01T12:00:00Z,-6.25,142.5,0.16411716
2090-01-01T12:00:00Z,-6.25,144.375,-2.7908828
2090-01-01T12:00:00Z,-6.25,146.25,-2.6656687
2090-01-01T12:00:00Z,-6.25,148.125,-1.9433734
2090-01-01T12:00:00Z,-6.25,150.0,0.022966588
2090-01-01T12:00:00Z,-6.25,151.875,-2.3071985
2090-01-01T12:00:00Z,-6.25,153.75,-3.4800513
2090-01-01T12:00:00Z,-6.25,155.625,-3.7998393
2090-01-01T12:00:00Z,-6.25,157.5,-5.566146
2090-01-01T12:00:00Z,-6.25,159.375,-7.649075
2090-01-01T12:00:00Z,-6.25,161.25,-8.949966
2090-01-01T12:00:00Z,-6.25,163.125,-9.462978
2090-01-01T12:00:00Z,-6.25,165.0,-9.128104
2090-01-01T12:00:00Z,-6.25,166.875,-9.143358
2090-01-01T12:00:00Z,-6.25,168.75,-8.712874
2090-01-01T12:00:00Z,-6.25,170.625,-8.568957
2090-01-01T12:00:00Z,-6.25,172.5,-7.914173
2090-01-01T12:00:00Z,-6.25,174.375,-7.244722
2090-01-01T12:00:00Z,-6.25,176.25,-6.554166
2090-01-01T12:00:00Z,-6.25,178.125,-6.0671487
2090-01-01T12:00:00Z,-6.25,180.0,-5.577181
2090-01-01T12:00:00Z,-5.0,90.0,2.1953797
2090-01-01T12:00:00Z,-5.0,91.875,2.3934102
2090-01-01T12:00:00Z,-5.0,93.75,2.2391596
2090-01-01T12:00:00Z,-5.0,95.625,2.6981187
2090-01-01T12:00:00Z,-5.0,97.5,2.5680633
2090-01-01T12:00:00Z,-5.0,99.375,2.0298073
2090-01-01T12:00:00Z,-5.0,101.25,1.270755
2090-01-01T12:00:00Z,-5.0,103.125,1.7716725
2090-01-01T12:00:00Z,-5.0,105.0,3.8306255
2090-01-01T12:00:00Z,-5.0,106.875,2.467225
2090-01-01T12:00:00Z,-5.0,108.75,3.2140093
2090-01-01T12:00:00Z,-5.0,110.625,2.3206937
2090-01-01T12:00:00Z,-5.0,112.5,2.8940268
2090-01-01T12:00:00Z,-5.0,114.375,2.5065134
2090-01-01T12:00:00Z,-5.0,116.25,1.0882323
2090-01-01T12:00:00Z,-5.0,118.125,0.6249065
2090-01-01T12:00:00Z,-5.0,120.0,2.1848137
2090-01-01T12:00:00Z,-5.0,121.875,2.5969515
2090-01-01T12:00:00Z,-5.0,123.75,1.8231487
2090-01-01T12:00:00Z,-5.0,125.625,2.1611829
2090-01-01T12:00:00Z,-5.0,127.5,2.05995
2090-01-01T12:00:00Z,-5.0,129.375,1.5099463
2090-01-01T12:00:00Z,-5.0,131.25,1.3890907
2090-01-01T12:00:00Z,-5.0,133.125,1.0484622
2090-01-01T12:00:00Z,-5.0,135.0,-0.30308855
2090-01-01T12:00:00Z,-5.0,136.875,-3.488846
2090-01-01T12:00:00Z,-5.0,138.75,-0.618001
2090-01-01T12:00:00Z,-5.0,140.625,0.36211935
2090-01-01T12:00:00Z,-5.0,142.5,-3.193605
2090-01-01T12:00:00Z,-5.0,144.375,-1.851957
2090-01-01T12:00:00Z,-5.0,146.25,-3.3233306
2090-01-01T12:00:00Z,-5.0,148.125,-1.9584155
2090-01-01T12:00:00Z,-5.0,150.0,-1.689644
2090-01-01T12:00:00Z,-5.0,151.875,-3.309588
2090-01-01T12:00:00Z,-5.0,153.75,-3.6676595
2090-01-01T12:00:00Z,-5.0,155.625,-5.3954782
2090-01-01T12:00:00Z,-5.0,157.5,-7.4897614
2090-01-01T12:00:00Z,-5.0,159.375,-9.100842
2090-01-01T12:00:00Z,-5.0,161.25,-9.60654
2090-01-01T12:00:00Z,-5.0,163.125,-9.674193
2090-01-01T12:00:00Z,-5.0,165.0,-9.334057
2090-01-01T12:00:00Z,-5.0,166.875,-9.432852
2090-01-01T12:00:00Z,-5.0,168.75,-9.041861
2090-01-01T12:00:00Z,-5.0,170.625,-8.769778
2090-01-01T12:00:00Z,-5.0,172.5,-8.580128
2090-01-01T12:00:00Z,-5.0,174.375,-7.802135
2090-01-01T12:00:00Z,-5.0,176.25,-7.4969535
2090-01-01T12:00:00Z,-5.0,178.125,-6.7711587
2090-01-01T12:00:00Z,-5.0,180.0,-6.503954
2090-01-01T12:00:00Z,-3.75,90.0,2.3249424
2090-01-01T12:00:00Z,-3.75,91.875,2.3226027
2090-01-01T12:00:00Z,-3.75,93.75,2.177258
2090-01-01T12:00:00Z,-3.75,95.625,1.9750667
2090-01-01T12:00:00Z,-3.75,97.5,2.332625
2090-01-01T12:00:00Z,-3.75,99.375,2.2455263
2090-01-01T12:00:00Z,-3.75,101.25,0.5452809
2090-01-01T12:00:00Z,-3.75,103.125,2.2034645
2090-01-01T12:00:00Z,-3.75,105.0,5.067916
2090-01-01T12:00:00Z,-3.75,106.875,2.9496968
2090-01-01T12:00:00Z,-3.75,108.75,3.842965
2090-01-01T12:00:00Z,-3.75,110.625,3.1424992
2090-01-01T12:00:00Z,-3.75,112.5,3.0165632
2090-01-01T12:00:00Z,-3.75,114.375,2.6085474
2090-01-01T12:00:00Z,-3.75,116.25,0.07573717
2090-01-01T12:00:00Z,-3.75,118.125,0.12930383
2090-01-01T12:00:00Z,-3.75,120.0,1.3516381
2090-01-01T12:00:00Z,-3.75,121.875,1.7363783
2090-01-01T12:00:00Z,-3.75,123.75,0.14989656
2090-01-01T12:00:00Z,-3.75,125.625,1.0782664
2090-01-01T12:00:00Z,-3.75,127.5,0.4799825
2090-01-01T12:00:00Z,-3.75,129.375,-0.13927135
2090-01-01T12:00:00Z,-3.75,131.25,-0.5121441
2090-01-01T12:00:00Z,-3.75,133.125,-1.2498534
2090-01-01T12:00:00Z,-3.75,135.0,-1.7764748
2090-01-01T12:00:00Z,-3.75,136.875,-0.60004985
2090-01-01T12:00:00Z,-3.75,138.75,-4.26668
2090-01-01T12:00:00Z,-3.75,140.625,-2.8664722
2090-01-01T12:00:00Z,-3.75,142.5,-4.864593
2090-01-01T12:00:00Z,-3.75,144.375,-1.5966786
2090-01-01T12:00:00Z,-3.75,146.25,-1.888982
2090-01-01T12:00:00Z,-3.75,148.125,-1.5602043
2090-01-01T12:00:00Z,-3.75,150.0,-2.0908618
2090-01-01T12:00:00Z,-3.75,151.875,-3.846007
2090-01-01T12:00:00Z,-3.75,153.75,-5.2408476
2090-01-01T12:00:00Z,-3.75,155.625,-7.4331822
2090-01-01T12:00:00Z,-3.75,157.5,-8.87221
2090-01-01T12:00:00Z,-3.75,159.375,-9.705346
2090-01-01T12:00:00Z,-3.75,161.25,-9.710967
2090-01-01T12:00:00Z,-3.75,163.125,-9.8599415
2090-01-01T12:00:00Z,-3.75,165.0,-9.273441
2090-01-01T12:00:00Z,-3.75,166.875,-9.365122
2090-01-01T12:00:00Z,-3.75,168.75,-9.494675
2090-01-01T12:00:00Z,-3.75,170.625,-9.328307
2090-01-01T12:00:00Z,-3.75,172.5,-9.22942
2090-01-01T12:00:00Z,-3.75,174.375,-8.788539
2090-01-01T12:00:00Z,-3.75,176.25,-8.193889
2090-01-01T12:00:00Z,-3.75,178.125,-8.038699
2090-01-01T12:00:00Z,-3.75,180.0,-7.574122
2090-01-01T12:00:00Z,-2.5,90.0,2.0986757
2090-01-01T12:00:00Z,-2.5,91.875,1.8463767
2090-01-01T12:00:00Z,-2.5,93.75,1.8670223
2090-01-01T12:00:00Z,-2.5,95.625,1.7619044
2090-01-01T12:00:00Z,-2.5,97.5,1.6787779
2090-01-01T12:00:00Z,-2.5,99.375,1.2055117
2090-01-01T12:00:00Z,-2.5,101.25,0.39048818
2090-01-01T12:00:00Z,-2.5,103.125,2.410278
2090-01-01T12:00:00Z,-2.5,105.0,6.7679133
2090-01-01T12:00:00Z,-2.5,106.875,4.664839
2090-01-01T12:00:00Z,-2.5,108.75,3.0605526
2090-01-01T12:00:00Z,-2.5,110.625,3.892569
2090-01-01T12:00:00Z,-2.5,112.5,6.0915003
2090-01-01T12:00:00Z,-2.5,114.375,8.025615
2090-01-01T12:00:00Z,-2.5,116.25,2.1606522
2090-01-01T12:00:00Z,-2.5,118.125,-0.42132846
2090-01-01T12:00:00Z,-2.5,120.0,0.9016644
2090-01-01T12:00:00Z,-2.5,121.875,1.0445807
2090-01-01T12:00:00Z,-2.5,123.75,0.31582788
2090-01-01T12:00:00Z,-2.5,125.625,0.5901894
2090-01-01T12:00:00Z,-2.5,127.5,-0.3247663
2090-01-01T12:00:00Z,-2.5,129.375,-0.97990906
2090-01-01T12:00:00Z,-2.5,131.25,-2.3383987
2090-01-01T12:00:00Z,-2.5,133.125,-2.191807
2090-01-01T12:00:00Z,-2.5,135.0,-2.434155
2090-01-01T12:00:00Z,-2.5,136.875,-2.2813199
2090-01-01T12:00:00Z,-2.5,138.75,-4.9836473
2090-01-01T12:00:00Z,-2.5,140.625,-3.73427
2090-01-01T12:00:00Z,-2.5,142.5,-0.5973765
2090-01-01T12:00:00Z,-2.5,144.375,-1.5202502
2090-01-01T12:00:00Z,-2.5,146.25,-2.0722485
2090-01-01T12:00:00Z,-2.5,148.125,-1.4760126
2090-01-01T12:00:00Z,-2.5,150.0,-3.0765214
2090-01-01T12:00:00Z,-2.5,151.875,-4.713454
2090-01-01T12:00:00Z,-2.5,153.75,-6.0264945
2090-01-01T12:00:00Z,-2.5,155.625,-8.605352
2090-01-01T12:00:00Z,-2.5,157.5,-9.3197975
2090-01-01T12:00:00Z,-2.5,159.375,-9.669503
2090-01-01T12:00:00Z,-2.5,161.25,-9.697654
2090-01-01T12:00:00Z,-2.5,163.125,-9.351515
2090-01-01T12:00:00Z,-2.5,165.0,-9.325057
2090-01-01T12:00:00Z,-2.5,166.875,-9.335239
2090-01-01T12:00:00Z,-2.5,168.75,-9.093528
2090-01-01T12:00:00Z,-2.5,170.625,-9.247115
2090-01-01T12:00:00Z,-2.5,172.5,-8.801304
2090-01-01T12:00:00Z,-2.5,174.375,-8.604078
2090-01-01T12:00:00Z,-2.5,176.25,-8.042919
2090-01-01T12:00:00Z,-2.5,178.125,-8.2403
2090-01-01T12:00:00Z,-2.5,180.0,-8.042065
2090-01-01T12:00:00Z,-1.25,90.0,1.3157074
2090-01-01T12:00:00Z,-1.25,91.875,1.4052814
2090-01-01T12:00:00Z,-1.25,93.75,1.2201421
2090-01-01T12:00:00Z,-1.25,95.625,1.5584064
2090-01-01T12:00:00Z,-1.25,97.5,1.243447
2090-01-01T12:00:00Z,-1.25,99.375,0.07808179
2090-01-01T12:00:00Z,-1.25,101.25,2.194831
2090-01-01T12:00:00Z,-1.25,103.125,3.6487226
2090-01-01T12:00:00Z,-1.25,105.0,4.785437
2090-01-01T12:00:00Z,-1.25,106.875,3.5233707
2090-01-01T12:00:00Z,-1.25,108.75,2.4026651
2090-01-01T12:00:00Z,-1.25,110.625,1.235308
2090-01-01T12:00:00Z,-1.25,112.5,2.3537152
2090-01-01T12:00:00Z,-1.25,114.375,4.515849
2090-01-01T12:00:00Z,-1.25,116.25,3.268839
2090-01-01T12:00:00Z,-1.25,118.125,0.120147236
2090-01-01T12:00:00Z,-1.25,120.0,-2.9282606
2090-01-01T12:00:00Z,-1.25,121.875,-0.3874165
2090-01-01T12:00:00Z,-1.25,123.75,0.4356219
2090-01-01T12:00:00Z,-1.25,125.625,-0.28320903
2090-01-01T12:00:00Z,-1.25,127.5,-0.66764647
2090-01-01T12:00:00Z,-1.25,129.375,-2.3311367
2090-01-01T12:00:00Z,-1.25,131.25,-2.781372
2090-01-01T12:00:00Z,-1.25,133.125,-2.7322276
2090-01-01T12:00:00Z,-1.25,135.0,-0.9481241
2090-01-01T12:00:00Z,-1.25,136.875,-2.795026
2090-01-01T12:00:00Z,-1.25,138.75,-2.3448532
2090-01-01T12:00:00Z,-1.25,140.625,-1.03269
2090-01-01T12:00:00Z,-1.25,142.5,-2.1845443
2090-01-01T12:00:00Z,-1.25,144.375,-2.9242032
2090-01-01T12:00:00Z,-1.25,146.25,-2.2660446
2090-01-01T12:00:00Z,-1.25,148.125,-2.8216643
2090-01-01T12:00:00Z,-1.25,150.0,-4.878288
2090-01-01T12:00:00Z,-1.25,151.875,-5.705306
2090-01-01T12:00:00Z,-1.25,153.75,-7.1107535
2090-01-01T12:00:00Z,-1.25,155.625,-8.869575
2090-01-01T12:00:00Z,-1.25,157.5,-9.22077
2090-01-01T12:00:00Z,-1.25,159.375,-9.426768
2090-01-01T12:00:00Z,-1.25,161.25,-9.411279
2090-01-01T12:00:00Z,-1.25,163.125,-9.443567
2090-01-01T12:00:00Z,-1.25,165.0,-9.181455
2090-01-01T12:00:00Z,-1.25,166.875,-8.804142
2090-01-01T12:00:00Z,-1.25,168.75,-8.786612
2090-01-01T12:00:00Z,-1.25,170.625,-8.883308
2090-01-01T12:00:00Z,-1.25,172.5,-8.360774
2090-01-01T12:00:00Z,-1.25,174.375,-8.126239
2090-01-01T12:00:00Z,-1.25,176.25,-7.892779
2090-01-01T12:00:00Z,-1.25,178.125,-8.04168
2090-01-01T12:00:00Z,-1.25,180.0,-8.323891
2090-01-01T12:00:00Z,0.0,90.0,-0.11653578
2090-01-01T12:00:00Z,0.0,91.875,-0.26018503
2090-01-01T12:00:00Z,0.0,93.75,0.32126373
2090-01-01T12:00:00Z,0.0,95.625,0.8558935
2090-01-01T12:00:00Z,0.0,97.5,1.2400799
2090-01-01T12:00:00Z,0.0,99.375,1.6161258
2090-01-01T12:00:00Z,0.0,101.25,3.1185908
2090-01-01T12:00:00Z,0.0,103.125,5.168992
2090-01-01T12:00:00Z,0.0,105.0,4.3471756
2090-01-01T12:00:00Z,0.0,106.875,2.4388654
2090-01-01T12:00:00Z,0.0,108.75,1.9282986
2090-01-01T12:00:00Z,0.0,110.625,0.5510758
2090-01-01T12:00:00Z,0.0,112.5,1.209496
2090-01-01T12:00:00Z,0.0,114.375,1.6951332
2090-01-01T12:00:00Z,0.0,116.25,1.9282663
2090-01-01T12:00:00Z,0.0,118.125,1.769577
2090-01-01T12:00:00Z,0.0,120.0,-2.2765856
2090-01-01T12:00:00Z,0.0,121.875,-0.53402716
2090-01-01T12:00:00Z,0.0,123.75,0.20573376
2090-01-01T12:00:00Z,0.0,125.625,-0.4851996
2090-01-01T12:00:00Z,0.0,127.5,-1.1822908
2090-01-01T12:00:00Z,0.0,129.375,-2.4512594
2090-01-01T12:00:00Z,0.0,131.25,-2.1741288
2090-01-01T12:00:00Z,0.0,133.125,-2.0318437
2090-01-01T12:00:00Z,0.0,135.0,-2.1656036
2090-01-01T12:00:00Z,0.0,136.875,-2.9699545
2090-01-01T12:00:00Z,0.0,138.75,-3.1876042
2090-01-01T12:00:00Z,0.0,140.625,-3.3683484
2090-01-01T12:00:00Z,0.0,142.5,-3.5174232
2090-01-01T12:00:00Z,0.0,144.375,-3.9385762
2090-01-01T12:00:00Z,0.0,146.25,-4.103232
2090-01-01T12:00:00Z,0.0,148.125,-5.643681
2090-01-01T12:00:00Z,0.0,150.0,-6.8824573
2090-01-01T12:00:00Z,0.0,151.875,-7.2014394
2090-01-01T12:00:00Z,0.0,153.75,-8.276558
2090-01-01T12:00:00Z,0.0,155.625,-9.002732
2090-01-01T12:00:00Z,0.0,157.5,-8.883088
2090-01-01T12:00:00Z,0.0,159.375,-9.210671
2090-01-01T12:00:00Z,0.0,161.25,-9.284203
2090-01-01T12:00:00Z,0.0,163.125,-9.245849
2090-01-01T12:00:00Z,0.0,165.0,-8.977044
2090-01-01T12:00:00Z,0.0,166.875,-9.073064
2090-01-01T12:00:00Z,0.0,168.75,-8.795838
2090-01-01T12:00:00Z,0.0,170.625,-8.523889
2090-01-01T12:00:00Z,0.0,172.5,-8.374805
2090-01-01T12:00:00Z,0.0,174.375,-8.633983
2090-01-01T12:00:00Z,0.0,176.25,-8.446256
2090-01-01T12:00:00Z,0.0,178.125,-8.401477
2090-01-01T12:00:00Z,0.0,180.0,-8.384622
